CustomerID,last_purchase_date,first_purchase_date,total_transactions,total_quantity,country,total_spend,days_since_last_purchase,Churn
12346.0,2011-01-18 10:01:00,2011-01-18 10:01:00,1,74215,United Kingdom,77183.6,325,1
12347.0,2011-12-07 15:52:00,2010-12-07 14:57:00,7,2458,Iceland,4310.0,1,0
12348.0,2011-09-25 13:13:00,2010-12-16 19:09:00,4,2341,Finland,1797.24,74,0
12349.0,2011-11-21 09:51:00,2011-11-21 09:51:00,1,631,Italy,1757.55,18,0
12350.0,2011-02-02 16:01:00,2011-02-02 16:01:00,1,197,Norway,334.4,309,1
12352.0,2011-11-03 14:37:00,2011-02-16 12:33:00,8,536,Norway,2506.04,35,0
12353.0,2011-05-19 17:47:00,2011-05-19 17:47:00,1,20,Bahrain,89.0,203,1
12354.0,2011-04-21 13:11:00,2011-04-21 13:11:00,1,530,Spain,1079.4,231,1
12355.0,2011-05-09 13:49:00,2011-05-09 13:49:00,1,240,Bahrain,459.4,213,1
12356.0,2011-11-17 08:40:00,2011-01-18 09:50:00,3,1591,Portugal,2811.43,22,0
12357.0,2011-11-06 16:07:00,2011-11-06 16:07:00,1,2708,Switzerland,6207.67,32,0
12358.0,2011-12-08 10:26:00,2011-07-12 10:04:00,2,248,Austria,1168.06,1,0
12359.0,2011-10-13 12:47:00,2011-01-12 12:43:00,4,1609,Cyprus,6310.03,57,0
12360.0,2011-10-18 15:22:00,2011-05-23 09:43:00,3,1165,Austria,2662.06,51,0
12361.0,2011-02-25 13:51:00,2011-02-25 13:51:00,1,91,Belgium,189.9,286,1
12362.0,2011-12-06 15:40:00,2011-02-17 10:30:00,10,2229,Belgium,5226.23,2,0
12363.0,2011-08-22 10:18:00,2011-04-11 13:29:00,2,408,Unspecified,552.0,109,0
12364.0,2011-12-02 10:22:00,2011-08-19 15:24:00,4,1506,Belgium,1313.1,7,0
12365.0,2011-02-21 14:04:00,2011-02-21 13:51:00,2,174,Cyprus,641.38,290,1
12367.0,2011-12-05 16:48:00,2011-12-05 16:48:00,1,173,Denmark,168.9,3,0
12370.0,2011-10-19 14:51:00,2010-12-14 12:58:00,4,2352,Cyprus,3541.94,50,0
12371.0,2011-10-26 10:16:00,2011-10-11 10:43:00,2,591,Switzerland,1887.96,44,0
12372.0,2011-09-29 12:12:00,2011-02-16 12:46:00,3,794,Denmark,1298.04,71,0
12373.0,2011-02-01 13:10:00,2011-02-01 13:10:00,1,197,Austria,364.6,310,1
12374.0,2011-11-14 15:37:00,2011-11-14 15:37:00,1,342,Austria,742.9300000000001,24,0
12375.0,2011-11-29 10:36:00,2011-09-02 14:23:00,2,178,Finland,457.5,10,0
12377.0,2011-01-28 15:45:00,2010-12-20 09:37:00,2,944,Switzerland,1628.12,314,1
12378.0,2011-08-02 10:34:00,2011-08-02 10:34:00,1,2529,Switzerland,4008.62,129,0
12379.0,2011-09-19 10:09:00,2011-06-22 16:32:00,2,407,Belgium,852.24,81,0
12380.0,2011-11-18 11:27:00,2011-06-07 09:49:00,4,1127,Belgium,2724.81,21,0
12381.0,2011-12-05 12:44:00,2011-08-12 09:57:00,5,808,Norway,1845.31,4,0
12383.0,2011-06-08 08:02:00,2010-12-22 14:28:00,5,1532,Belgium,1850.56,184,1
12384.0,2011-11-11 08:39:00,2011-08-10 11:23:00,2,126,Switzerland,585.27,28,0
12386.0,2011-01-06 12:37:00,2010-12-08 09:53:00,2,354,Australia,401.9,337,1
12388.0,2011-11-24 12:30:00,2011-01-17 11:12:00,6,1462,Australia,2780.66,15,0
12390.0,2011-09-21 09:33:00,2011-09-21 09:33:00,1,353,Belgium,549.84,79,0
12391.0,2011-11-18 12:07:00,2011-11-18 12:07:00,1,293,Cyprus,439.66,21,0
12393.0,2011-09-28 15:41:00,2011-01-11 09:47:00,4,816,Australia,1582.6000000000001,71,0
12394.0,2011-10-07 08:08:00,2011-05-06 14:01:00,2,819,Belgium,1272.48,63,0
12395.0,2011-11-20 15:21:00,2010-12-03 16:35:00,12,2118,Belgium,3018.63,18,0
12397.0,2011-11-04 09:52:00,2011-07-27 14:21:00,2,1263,Belgium,2409.9,35,0
12398.0,2011-10-25 10:27:00,2011-10-25 10:27:00,1,1394,Switzerland,1635.6599999999999,45,0
12399.0,2011-08-12 13:15:00,2011-03-23 09:42:00,4,1178,Belgium,1108.65,118,0
12401.0,2011-02-09 13:50:00,2011-02-09 13:50:00,1,11,Belgium,84.3,302,1
12402.0,2011-01-20 13:49:00,2011-01-20 13:49:00,1,94,Belgium,225.6,322,1
12403.0,2011-10-21 10:51:00,2011-10-21 10:51:00,1,96,Denmark,427.7,49,0
12405.0,2011-07-14 08:52:00,2011-07-14 08:52:00,1,857,Finland,1710.39,148,0
12406.0,2011-11-17 19:22:00,2011-06-09 10:23:00,2,1818,Denmark,3415.3,21,0
12407.0,2011-10-21 10:11:00,2011-03-20 13:21:00,5,1416,Belgium,1708.1200000000001,49,0
12408.0,2011-11-07 12:27:00,2011-03-24 14:46:00,5,1409,Belgium,2888.55,32,0
12409.0,2011-09-22 10:38:00,2011-06-10 12:19:00,3,5551,Switzerland,11072.67,78,0
12410.0,2011-02-04 10:39:00,2011-02-04 10:38:00,2,211,Switzerland,693.3299999999999,308,1
12412.0,2011-09-26 10:16:00,2011-06-23 13:51:00,3,829,Denmark,1226.88,74,0
12413.0,2011-10-04 09:00:00,2011-01-06 16:12:00,3,286,France,758.1,66,0
12414.0,2011-05-06 14:51:00,2011-02-02 14:51:00,3,300,Austria,562.41,216,1
12415.0,2011-11-15 14:22:00,2011-01-06 11:12:00,21,77374,Australia,124914.53,23,0
12417.0,2011-12-06 14:52:00,2010-12-17 11:51:00,9,1552,Belgium,3649.1,2,0
12418.0,2011-08-19 11:08:00,2011-08-19 11:08:00,1,407,Switzerland,668.58,112,0
12420.0,2011-10-07 08:55:00,2011-10-07 08:55:00,1,345,Cyprus,600.39,63,0
12421.0,2011-11-24 09:07:00,2011-01-24 15:09:00,4,484,Spain,807.04,15,0
12422.0,2011-09-05 09:48:00,2011-01-19 09:13:00,3,370,Australia,803.5600000000001,95,0
12423.0,2011-12-09 10:10:00,2010-12-21 10:54:00,8,1339,Belgium,1859.31,0,0
12424.0,2011-06-30 12:06:00,2011-06-30 12:06:00,2,740,Australia,1760.96,162,0
12425.0,2011-09-22 17:31:00,2011-09-22 17:31:00,1,496,Portugal,777.2,77,0
12426.0,2011-05-29 12:26:00,2011-05-29 12:26:00,1,258,Germany,582.73,194,1
12427.0,2011-11-18 08:56:00,2010-12-03 10:44:00,3,533,Germany,825.8,21,0
12428.0,2011-11-14 08:22:00,2011-03-01 09:33:00,9,3536,Finland,7956.46,25,0
12429.0,2011-11-30 17:22:00,2010-12-09 12:05:00,4,1557,Denmark,3750.4,8,0
12430.0,2011-10-27 15:09:00,2011-10-27 15:09:00,1,117,Norway,256.4,42,0
12431.0,2011-11-04 11:55:00,2010-12-01 10:03:00,15,2896,Australia,6419.95,35,0
12432.0,2011-10-28 11:43:00,2011-06-20 13:27:00,5,1801,Norway,5059.32,42,0
12433.0,2011-12-09 10:02:00,2010-12-01 13:24:00,7,11071,Norway,13375.87,0,0
12434.0,2011-09-16 12:38:00,2011-03-24 13:05:00,2,394,Australia,806.14,84,0
12435.0,2011-09-21 09:06:00,2011-03-17 07:40:00,2,2055,Denmark,7829.89,79,0
12436.0,2011-09-01 12:09:00,2011-09-01 12:09:00,1,211,Norway,509.01,99,0
12437.0,2011-12-08 11:35:00,2011-01-12 14:13:00,18,2922,France,4951.41,1,0
12438.0,2011-11-25 13:28:00,2011-07-22 13:29:00,2,1180,Norway,2906.85,13,0
12441.0,2010-12-08 10:45:00,2010-12-08 10:45:00,1,121,France,173.55,366,1
12442.0,2011-12-06 14:22:00,2011-12-06 14:22:00,1,182,Spain,172.06,2,0
12444.0,2011-11-18 13:23:00,2011-06-21 14:00:00,5,1153,Norway,5005.46,20,0
12445.0,2011-11-17 18:43:00,2011-11-17 18:43:00,1,62,Spain,133.4,21,0
12446.0,2011-10-13 12:50:00,2011-10-13 12:50:00,1,351,RSA,1002.3100000000001,57,0
12447.0,2011-04-10 13:25:00,2011-04-10 13:25:00,1,190,Belgium,476.49,242,1
12448.0,2011-10-26 13:46:00,2011-10-26 13:46:00,1,243,Spain,449.45,43,0
12449.0,2011-11-17 13:46:00,2011-06-05 15:37:00,4,1553,Belgium,4067.29,21,0
12450.0,2011-07-06 14:41:00,2011-06-19 14:36:00,2,128,Spain,197.88,155,0
12451.0,2011-11-29 08:40:00,2011-01-19 09:05:00,5,6575,Switzerland,9035.52,10,0
12452.0,2011-11-23 10:28:00,2011-11-23 08:05:00,2,185,Switzerland,430.57,16,0
12453.0,2011-07-28 14:08:00,2011-07-28 14:08:00,1,473,Austria,707.09,133,0
12454.0,2011-10-14 17:13:00,2011-10-14 17:13:00,1,1006,Spain,3528.34,55,0
12455.0,2011-09-27 15:31:00,2011-02-16 09:56:00,6,2089,Cyprus,2466.86,72,0
12456.0,2011-10-26 14:41:00,2011-03-30 09:12:00,3,1633,Switzerland,3181.04,43,0
12457.0,2011-10-04 13:13:00,2011-04-14 18:57:00,7,843,Switzerland,2363.23,65,0
12458.0,2011-09-29 15:25:00,2011-02-28 10:55:00,2,506,Switzerland,947.4,70,0
12461.0,2011-09-06 16:57:00,2011-07-08 10:23:00,2,287,Switzerland,826.88,93,0
12462.0,2011-11-21 09:11:00,2011-02-09 14:44:00,2,536,Spain,1189.59,18,0
12463.0,2011-10-17 13:44:00,2011-04-12 12:47:00,4,776,Belgium,1344.78,52,0
12464.0,2011-11-29 13:33:00,2011-02-03 13:30:00,8,112,Belgium,1212.05,9,0
12465.0,2011-11-22 16:34:00,2011-06-23 13:37:00,2,479,Belgium,742.1899999999999,16,0
12468.0,2011-06-05 11:36:00,2011-01-27 13:29:00,2,366,Germany,729.5400000000001,187,1
12471.0,2011-12-07 15:43:00,2010-12-10 09:35:00,30,8200,Germany,19788.65,1,0
12472.0,2011-11-07 14:01:00,2010-12-05 14:19:00,7,4148,Germany,6572.11,31,0
12473.0,2011-11-10 13:46:00,2011-06-01 10:15:00,5,2414,Germany,3928.0499999999997,28,0
12474.0,2011-11-22 14:39:00,2011-01-14 10:06:00,18,4833,Germany,7324.09,16,0
12475.0,2011-10-17 10:10:00,2011-10-17 10:10:00,1,535,Germany,723.38,53,0
12476.0,2011-11-24 12:40:00,2010-12-13 14:39:00,11,2408,Germany,6816.42,15,0
12477.0,2011-11-17 09:51:00,2011-02-11 12:45:00,6,3653,Germany,13219.74,22,0
12478.0,2011-12-06 09:56:00,2011-12-06 09:56:00,1,236,Greece,680.99,3,0
12479.0,2011-11-28 13:26:00,2011-11-28 13:26:00,1,385,Germany,527.2,10,0
12480.0,2011-11-11 14:52:00,2011-01-07 15:27:00,4,1707,Germany,3281.63,27,0
12481.0,2011-11-17 08:29:00,2010-12-09 10:13:00,10,3294,Germany,5579.82,22,0
12483.0,2011-11-22 17:02:00,2011-01-04 14:20:00,8,1110,Sweden,2484.98,16,0
12484.0,2011-11-07 11:37:00,2011-01-07 14:04:00,6,2187,Spain,4527.32,32,0
12488.0,2011-11-30 08:50:00,2011-09-25 10:34:00,3,529,France,1298.66,9,0
12489.0,2011-01-07 13:13:00,2011-01-07 13:13:00,1,105,France,334.93,335,1
12490.0,2011-12-04 16:07:00,2011-01-14 09:13:00,10,3064,France,5417.93,4,0
12491.0,2011-11-01 12:18:00,2011-11-01 12:18:00,1,260,France,460.40000000000003,38,0
12492.0,2011-10-07 15:15:00,2011-08-26 14:51:00,2,192,Germany,263.21000000000004,62,0
12493.0,2011-06-27 10:17:00,2011-05-26 14:53:00,2,207,France,433.74,165,0
12494.0,2011-11-24 09:34:00,2010-12-09 11:31:00,7,707,France,1246.1000000000001,15,0
12497.0,2011-09-19 12:29:00,2011-09-19 12:29:00,1,1236,Germany,1043.1,81,0
12498.0,2011-11-18 12:53:00,2011-10-13 09:30:00,3,159,Germany,403.70000000000005,20,0
12500.0,2011-11-16 16:20:00,2011-01-10 09:48:00,11,2678,Germany,4257.82,22,0
12501.0,2011-01-07 12:28:00,2011-01-07 12:28:00,1,1783,Germany,2169.39,336,1
12502.0,2011-09-05 11:52:00,2011-02-03 10:41:00,5,820,Spain,3723.87,95,0
12504.0,2011-11-21 16:02:00,2011-11-09 14:56:00,2,90,Germany,482.04999999999995,17,0
12506.0,2011-04-21 08:54:00,2011-04-21 08:54:00,1,23,France,73.5,232,1
12507.0,2011-07-28 17:09:00,2011-02-14 09:24:00,3,894,Spain,1304.81,133,0
12508.0,2011-11-13 15:37:00,2011-11-10 16:27:00,2,271,France,397.88,25,0
12509.0,2011-02-28 14:45:00,2011-02-28 14:45:00,1,55,France,176.5,283,1
12510.0,2011-07-20 10:15:00,2011-01-18 14:04:00,2,353,Spain,982.5699999999999,142,0
12512.0,2011-10-04 14:55:00,2011-10-04 14:53:00,2,96,Israel,132.18,65,0
12513.0,2011-08-19 10:51:00,2011-08-19 10:51:00,1,462,France,612.29,112,0
12514.0,2011-03-17 16:38:00,2011-03-17 16:38:00,1,440,Italy,1017.68,266,1
12515.0,2010-12-21 15:43:00,2010-12-21 15:43:00,1,131,Italy,383.7,352,1
12516.0,2011-09-23 09:13:00,2011-06-12 11:37:00,2,875,Germany,1312.06,77,0
12517.0,2011-11-11 14:04:00,2011-06-02 15:13:00,5,1361,Germany,2481.6,27,0
12518.0,2011-12-09 10:13:00,2011-08-21 13:18:00,5,1318,Germany,2056.89,0,0
12519.0,2011-10-07 09:26:00,2011-10-07 09:26:00,1,175,Germany,330.84,63,0
12520.0,2011-09-21 15:23:00,2011-03-11 11:35:00,5,1439,Germany,2634.26,78,0
12521.0,2011-07-20 10:51:00,2011-07-20 10:51:00,1,309,Germany,599.68,142,0
12522.0,2011-10-31 15:30:00,2011-10-19 14:41:00,2,194,Germany,192.72,38,0
12523.0,2011-11-20 12:55:00,2011-01-12 09:43:00,11,865,France,1789.77,18,0
12524.0,2011-11-30 15:31:00,2011-01-10 10:35:00,8,3699,Germany,4485.72,8,0
12526.0,2011-12-09 12:09:00,2011-09-06 14:19:00,3,632,Germany,1316.66,0,0
12527.0,2011-09-19 11:55:00,2011-01-18 12:05:00,3,234,Germany,348.71000000000004,81,0
12528.0,2011-11-30 14:40:00,2011-01-31 09:05:00,6,756,Germany,1933.48,8,0
12530.0,2011-10-11 12:34:00,2011-01-07 10:04:00,4,913,Germany,1662.28,59,0
12531.0,2011-11-25 11:12:00,2011-11-25 11:12:00,1,45,Germany,125.22,14,0
12532.0,2011-11-09 13:47:00,2011-11-09 13:47:00,1,153,France,349.83000000000004,29,0
12534.0,2011-08-01 10:26:00,2011-08-01 10:26:00,1,651,Germany,1089.18,130,0
12535.0,2011-09-09 08:48:00,2011-06-06 12:47:00,2,219,France,716.35,91,0
12536.0,2011-10-27 14:20:00,2011-10-11 14:52:00,3,2803,France,12601.830000000002,42,0
12538.0,2011-11-10 17:16:00,2011-11-10 17:16:00,1,191,Spain,363.95,28,0
12539.0,2011-11-17 13:30:00,2011-01-10 09:11:00,4,2067,Spain,5568.35,21,0
12540.0,2011-11-20 11:31:00,2010-12-13 09:39:00,17,6685,Spain,13400.24,19,0
12541.0,2011-11-10 10:40:00,2011-03-04 09:32:00,3,680,Spain,981.18,29,0
12544.0,2011-11-03 16:15:00,2011-11-03 16:15:00,1,136,Spain,372.7,35,0
12545.0,2011-09-25 13:39:00,2011-03-25 12:04:00,2,523,Spain,1000.39,74,0
12546.0,2011-10-24 12:09:00,2011-09-23 09:44:00,2,633,Spain,1161.5,46,0
12547.0,2011-05-26 12:38:00,2011-03-04 12:46:00,2,134,Spain,207.79999999999998,197,1
12548.0,2011-06-26 15:35:00,2011-06-26 15:35:00,1,49,Spain,95.19999999999999,165,0
12550.0,2011-09-21 14:35:00,2011-09-21 14:35:00,1,569,Spain,964.83,78,0
12551.0,2010-12-17 11:23:00,2010-12-17 11:23:00,1,100,Spain,168.0,357,1
12552.0,2011-11-01 10:02:00,2011-10-31 12:11:00,2,88,Italy,437.82,38,0
12553.0,2011-12-01 16:38:00,2011-01-14 10:42:00,10,1965,France,3692.28,7,0
12556.0,2011-10-20 13:06:00,2011-07-11 13:35:00,2,355,Spain,599.56,49,0
12557.0,2011-11-23 16:59:00,2010-12-03 12:20:00,5,4384,Spain,11990.960000000001,15,0
12558.0,2011-12-02 10:41:00,2011-12-02 10:41:00,1,196,USA,269.96,7,0
12559.0,2011-02-02 09:49:00,2011-01-24 10:12:00,2,283,Germany,561.71,310,1
12560.0,2011-12-04 13:54:00,2011-07-19 15:55:00,3,1110,Germany,2134.01,4,0
12561.0,2011-02-10 11:39:00,2011-02-10 11:39:00,1,177,Germany,238.85,302,1
12562.0,2011-12-01 17:20:00,2011-05-25 12:44:00,7,1779,France,3781.7400000000002,7,0
12564.0,2011-03-23 14:55:00,2011-03-23 14:55:00,1,133,France,456.9,260,1
12565.0,2011-02-24 10:34:00,2011-02-24 10:34:00,1,80,Saudi Arabia,145.92,288,1
12566.0,2011-09-14 14:30:00,2011-09-14 14:30:00,1,265,Germany,351.65,85,0
12567.0,2011-11-17 11:02:00,2010-12-05 11:57:00,10,4305,France,9401.28,22,0
12569.0,2011-12-07 16:24:00,2011-04-01 13:47:00,32,1801,Germany,4124.69,1,0
12571.0,2011-10-31 10:19:00,2011-08-10 12:35:00,2,523,France,519.61,39,0
12572.0,2011-12-01 09:20:00,2011-10-19 08:20:00,2,452,Germany,1020.42,8,0
12573.0,2011-04-26 15:52:00,2011-04-26 15:52:00,1,84,France,160.54000000000002,226,1
12574.0,2011-01-28 09:20:00,2011-01-28 09:20:00,1,61,France,218.45,315,1
12576.0,2011-11-04 10:11:00,2011-02-08 11:31:00,5,967,Poland,1315.83,35,0
12577.0,2011-11-04 13:24:00,2010-12-15 16:21:00,3,469,France,626.6,34,0
12578.0,2011-11-18 13:30:00,2011-01-13 15:34:00,2,1196,Italy,2794.51,20,0
12579.0,2011-09-22 17:15:00,2011-09-22 17:15:00,1,285,France,440.42,77,0
12580.0,2011-04-07 10:24:00,2011-04-07 10:24:00,1,238,Germany,415.7,246,1
12581.0,2011-10-31 08:56:00,2011-10-31 08:56:00,1,161,Germany,197.71,39,0
12582.0,2011-04-15 08:45:00,2011-02-24 11:42:00,2,300,Finland,511.36,238,1
12583.0,2011-12-07 08:07:00,2010-12-01 08:45:00,15,5060,France,7281.38,2,0
12584.0,2011-12-06 09:35:00,2011-03-04 15:15:00,9,416,Italy,2338.15,3,0
12585.0,2011-04-19 13:39:00,2010-12-23 12:58:00,2,1279,Germany,2040.1,233,1
12586.0,2011-11-22 16:24:00,2011-11-22 16:24:00,1,79,Italy,196.94000000000003,16,0
12587.0,2011-12-02 12:47:00,2011-12-02 12:47:00,1,51,Finland,144.0,7,0
12588.0,2011-10-31 15:01:00,2011-10-31 15:01:00,1,53,Finland,214.89999999999998,38,0
12589.0,2011-11-11 10:19:00,2011-07-18 12:05:00,2,306,France,646.68,28,0
12590.0,2011-05-12 14:52:00,2011-05-12 14:46:00,2,4283,Germany,9864.26,210,1
12591.0,2011-01-26 14:35:00,2011-01-26 14:35:00,1,228,Italy,452.84999999999997,316,1
12592.0,2011-09-08 15:04:00,2011-05-10 13:44:00,2,290,Germany,437.6,91,0
12593.0,2011-08-23 12:43:00,2011-05-05 09:29:00,3,206,France,418.09999999999997,108,0
12594.0,2011-11-02 12:20:00,2011-01-21 09:52:00,10,1777,Italy,3338.2200000000003,37,0
12596.0,2011-10-19 13:02:00,2011-04-11 13:22:00,2,474,Spain,618.27,50,0
12597.0,2011-11-20 13:33:00,2011-03-16 14:00:00,4,2236,Spain,3811.22,18,0
12598.0,2011-11-30 12:18:00,2011-02-28 11:58:00,8,1964,France,3023.08,9,0
12599.0,2011-11-10 13:34:00,2011-02-08 13:28:00,7,956,France,1032.58,28,0
12600.0,2011-11-11 10:29:00,2010-12-03 12:57:00,10,774,Germany,2599.04,28,0
12601.0,2011-06-03 10:17:00,2011-01-11 10:38:00,5,245,Germany,577.0600000000001,189,1
12602.0,2011-10-12 11:22:00,2011-10-12 11:22:00,1,162,France,153.12,58,0
12603.0,2011-11-18 10:42:00,2011-11-18 10:42:00,1,63,Germany,739.1999999999999,21,0
12604.0,2011-09-21 14:08:00,2011-03-23 12:06:00,2,201,France,254.18,78,0
12607.0,2011-10-10 16:06:00,2011-10-10 16:06:00,1,1228,USA,1579.51,59,0
12609.0,2011-09-22 16:34:00,2011-01-25 15:13:00,3,648,Germany,1126.85,77,0
12610.0,2011-11-17 09:34:00,2011-08-05 13:52:00,5,1049,Italy,2099.54,22,0
12611.0,2011-10-18 13:12:00,2011-10-18 13:12:00,1,846,Italy,1193.32,51,0
12612.0,2011-09-26 15:35:00,2011-09-26 15:35:00,1,262,Germany,704.0400000000001,73,0
12613.0,2011-10-13 14:59:00,2011-03-22 15:42:00,5,1644,Germany,3344.38,56,0
12614.0,2011-03-07 10:22:00,2011-03-07 10:22:00,1,76,Germany,315.6,277,1
12615.0,2011-12-07 15:02:00,2011-06-24 13:35:00,4,1376,France,2291.19,1,0
12616.0,2011-09-05 15:17:00,2011-02-15 14:17:00,2,284,France,713.3,94,0
12617.0,2011-11-10 14:39:00,2011-11-10 14:39:00,1,210,France,352.98,28,0
12618.0,2011-11-18 11:10:00,2011-11-18 11:10:00,1,96,Italy,177.31,21,0
12619.0,2011-11-23 14:52:00,2011-03-31 13:10:00,9,3378,Germany,3641.24,15,0
12620.0,2011-11-25 10:20:00,2011-05-19 12:10:00,3,1181,France,1339.41,14,0
12621.0,2011-12-08 11:25:00,2010-12-09 10:16:00,20,7440,Germany,13689.67,1,0
12622.0,2011-04-21 16:39:00,2011-04-21 16:39:00,1,69,Germany,180.1,231,1
12623.0,2011-03-08 13:50:00,2011-03-08 13:50:00,1,191,Germany,305.1,275,1
12624.0,2011-08-25 15:04:00,2011-06-15 12:34:00,2,355,France,641.13,105,0
12625.0,2011-05-12 09:54:00,2011-01-24 13:27:00,2,1612,Germany,2683.82,211,1
12626.0,2011-11-16 16:06:00,2011-01-17 11:01:00,9,3453,Germany,6620.48,22,0
12627.0,2011-11-29 12:07:00,2011-07-22 13:59:00,7,2752,Germany,4478.53,10,0
12628.0,2011-12-05 13:15:00,2011-10-06 09:28:00,3,448,Germany,786.46,3,0
12630.0,2011-11-30 10:48:00,2011-10-27 10:41:00,2,548,Finland,1270.88,9,0
12631.0,2011-10-13 13:53:00,2011-10-13 13:53:00,1,236,Finland,640.5,56,0
12633.0,2011-10-12 11:40:00,2011-02-25 08:44:00,4,1162,Germany,2163.98,58,0
12635.0,2011-09-11 11:04:00,2011-07-08 08:43:00,2,1172,Germany,1689.18,89,0
12637.0,2011-10-03 13:46:00,2011-01-20 10:47:00,8,2994,France,6002.9,66,0
12638.0,2011-11-06 13:11:00,2011-11-06 13:11:00,1,577,Sweden,671.69,32,0
12639.0,2011-04-15 12:48:00,2011-04-15 12:48:00,1,201,Sweden,486.1,238,1
12640.0,2011-11-16 11:52:00,2011-09-19 12:01:00,3,311,France,1174.58,23,0
12641.0,2011-08-16 13:26:00,2011-08-16 13:26:00,1,72,Sweden,185.9,114,0
12642.0,2011-11-14 15:03:00,2011-08-24 09:23:00,3,552,Germany,1013.26,24,0
12643.0,2011-08-03 12:56:00,2011-01-11 11:48:00,6,1808,France,3344.64,127,0
12644.0,2011-08-02 10:33:00,2011-08-02 10:33:00,1,325,Germany,477.91,129,0
12645.0,2011-11-06 12:38:00,2011-01-27 13:08:00,4,1084,Germany,1775.18,33,0
12646.0,2011-12-05 10:14:00,2011-10-21 12:52:00,2,897,USA,1346.97,4,0
12647.0,2011-11-17 12:56:00,2010-12-05 14:02:00,12,1431,Germany,3722.82,21,0
12648.0,2011-07-08 11:55:00,2011-07-08 11:55:00,1,160,Germany,318.05,154,0
12649.0,2011-08-24 14:41:00,2011-05-11 14:37:00,3,586,Germany,623.51,106,0
12650.0,2011-12-06 16:34:00,2011-12-06 16:34:00,1,254,France,314.44,2,0
12651.0,2011-01-09 12:46:00,2011-01-09 12:46:00,1,78,France,114.0,334,1
12652.0,2011-01-12 15:00:00,2011-01-12 15:00:00,1,505,France,919.98,330,1
12653.0,2011-07-14 10:41:00,2011-02-16 10:53:00,2,919,Israel,2209.85,148,0
12654.0,2011-11-29 10:10:00,2011-02-17 13:16:00,5,264,Germany,601.98,10,0
12656.0,2011-11-22 13:42:00,2011-04-20 09:20:00,5,1723,France,4051.17,16,0
12657.0,2011-11-28 15:47:00,2011-09-22 11:40:00,4,1044,France,1643.18,10,0
12658.0,2011-11-21 10:22:00,2011-11-21 10:22:00,1,320,Germany,686.05,18,0
12659.0,2011-11-10 11:53:00,2011-11-10 11:53:00,1,105,France,91.68,29,0
12660.0,2011-11-28 13:26:00,2011-11-28 13:26:00,1,127,France,245.1,10,0
12662.0,2011-12-09 11:59:00,2010-12-01 13:04:00,11,2058,Germany,3849.78,0,0
12664.0,2011-12-01 17:07:00,2011-01-21 11:42:00,9,1203,Finland,4881.88,7,0
12665.0,2011-01-19 08:34:00,2011-01-19 08:34:00,1,37,Germany,63.0,324,1
12667.0,2011-10-12 17:00:00,2011-10-12 17:00:00,1,395,Finland,620.13,57,0
12668.0,2011-11-28 10:56:00,2010-12-19 12:46:00,4,1634,Germany,3807.15,11,0
12669.0,2011-07-12 09:54:00,2011-03-28 10:15:00,3,1115,France,2744.0299999999997,150,0
12670.0,2011-11-29 15:23:00,2011-04-21 10:16:00,5,1397,France,2996.05,9,0
12672.0,2011-01-14 09:20:00,2011-01-14 09:20:00,1,78,France,225.89999999999998,329,1
12673.0,2011-12-04 13:55:00,2011-01-17 11:46:00,2,351,Germany,610.52,4,0
12674.0,2011-11-01 12:12:00,2011-05-16 09:10:00,4,1133,France,1970.6,38,0
12676.0,2011-11-15 12:25:00,2011-02-01 15:41:00,6,670,Sweden,1331.39,24,0
12678.0,2011-10-28 13:04:00,2010-12-21 11:00:00,12,10923,France,17628.46,41,0
12679.0,2011-10-12 12:30:00,2011-03-01 12:26:00,4,554,France,1113.02,58,0
12680.0,2011-12-09 12:50:00,2011-08-18 15:44:00,4,443,France,862.81,0,0
12681.0,2011-11-25 11:33:00,2010-12-07 10:08:00,22,7536,France,13787.54,14,0
12682.0,2011-12-06 10:00:00,2010-12-03 13:59:00,31,5555,France,12279.82,3,0
12683.0,2011-12-05 16:31:00,2010-12-09 10:37:00,15,4987,France,8476.57,3,0
12684.0,2011-12-02 09:53:00,2011-05-10 12:55:00,7,1985,France,2283.63,7,0
12685.0,2011-11-11 13:46:00,2011-09-07 10:28:00,6,1523,France,2863.08,27,0
12686.0,2010-12-03 09:51:00,2010-12-03 09:51:00,1,107,France,89.14,371,1
12688.0,2011-08-18 08:49:00,2011-08-18 08:49:00,1,3028,Israel,4873.8099999999995,113,0
12689.0,2011-11-14 08:31:00,2011-08-04 10:04:00,2,628,France,1247.61,25,0
12690.0,2011-05-18 09:09:00,2011-05-18 09:09:00,1,106,France,389.01,205,1
12691.0,2011-11-11 16:49:00,2010-12-17 14:46:00,6,394,France,1035.8,27,0
12693.0,2011-08-04 17:51:00,2011-01-24 12:58:00,4,255,Germany,855.91,126,0
12694.0,2011-09-30 13:06:00,2011-06-09 17:48:00,2,509,France,869.67,69,0
12695.0,2011-12-02 13:22:00,2011-05-13 13:15:00,4,220,France,582.1,6,0
12697.0,2011-11-11 08:47:00,2011-06-23 15:44:00,3,508,Sweden,957.59,28,0
12700.0,2011-12-02 10:47:00,2011-05-08 16:10:00,4,2967,France,4939.99,7,0
12701.0,2011-09-21 10:47:00,2011-04-11 13:02:00,2,678,Germany,797.71,79,0
12702.0,2011-11-20 10:36:00,2011-11-20 10:36:00,1,53,Germany,219.0,19,0
12703.0,2011-09-29 17:52:00,2011-09-29 17:52:00,1,164,Germany,283.55,70,0
12704.0,2011-12-02 13:15:00,2011-06-23 10:20:00,8,1006,Finland,2340.84,6,0
12705.0,2011-11-24 13:17:00,2010-12-17 15:58:00,9,3997,Germany,6868.29,14,0
12707.0,2011-02-21 08:38:00,2011-02-21 08:38:00,1,256,France,603.42,291,1
12708.0,2011-11-10 09:52:00,2010-12-06 10:43:00,10,1307,Germany,2712.91,29,0
12709.0,2011-11-24 15:38:00,2010-12-08 09:49:00,15,3912,Germany,9706.52,14,0
12710.0,2011-09-04 12:00:00,2011-05-22 14:05:00,3,851,Germany,1149.02,96,0
12712.0,2011-11-11 08:19:00,2010-12-03 14:30:00,13,1062,Germany,4396.13,28,0
12713.0,2011-12-09 12:16:00,2011-12-09 12:16:00,1,508,Germany,848.55,0,0
12714.0,2011-11-30 15:43:00,2011-02-18 10:53:00,5,3069,France,4708.86,8,0
12715.0,2011-08-25 15:22:00,2011-08-25 15:22:00,1,192,Sweden,343.36,105,0
12716.0,2011-12-06 08:55:00,2011-07-29 13:28:00,2,708,France,1053.49,3,0
12717.0,2011-07-11 14:47:00,2011-04-08 10:32:00,2,506,Greece,1030.98,150,0
12718.0,2011-09-29 16:38:00,2011-09-29 16:38:00,1,203,France,238.25,70,0
12719.0,2011-12-04 13:45:00,2011-10-05 14:50:00,2,374,France,644.95,4,0
12720.0,2011-12-07 08:03:00,2010-12-05 15:21:00,25,4672,Germany,5781.73,2,0
12721.0,2011-11-08 12:13:00,2010-12-20 11:38:00,6,1959,France,2656.13,31,0
12722.0,2011-09-15 14:50:00,2011-07-12 11:55:00,4,566,France,997.63,84,0
12723.0,2011-12-06 10:19:00,2011-10-05 15:52:00,5,434,France,725.07,3,0
12724.0,2011-12-04 16:02:00,2011-01-11 15:00:00,4,445,France,1031.41,4,0
12725.0,2010-12-03 15:45:00,2010-12-03 15:45:00,1,164,Italy,427.8,370,1
12726.0,2011-11-11 13:35:00,2010-12-17 12:56:00,7,3143,France,2609.1,27,0
12727.0,2011-11-29 11:46:00,2011-01-23 15:17:00,7,2098,France,3980.7,10,0
12728.0,2011-09-29 15:31:00,2011-01-11 13:31:00,4,419,France,836.33,70,0
12729.0,2011-08-18 11:40:00,2011-08-18 11:40:00,1,233,France,453.01,113,0
12731.0,2011-11-16 11:59:00,2010-12-10 10:56:00,12,8437,France,18895.91,23,0
12732.0,2011-06-13 11:33:00,2011-06-13 11:33:00,1,111,France,236.26000000000002,179,0
12733.0,2011-04-19 16:19:00,2011-04-19 16:19:00,1,137,USA,383.95,233,1
12734.0,2010-12-22 12:47:00,2010-12-22 12:47:00,1,88,France,110.39999999999999,352,1
12735.0,2011-01-28 13:37:00,2011-01-06 14:26:00,2,368,France,779.5699999999999,314,1
12736.0,2011-01-11 07:57:00,2011-01-11 07:57:00,1,173,France,234.0,332,1
12738.0,2010-12-02 18:27:00,2010-12-02 18:27:00,1,148,Germany,155.35,371,1
12739.0,2011-09-22 13:00:00,2011-09-01 17:45:00,2,486,United Arab Emirates,1013.04,77,0
12740.0,2011-10-07 10:44:00,2011-10-07 10:44:00,1,342,France,427.6,63,0
12743.0,2011-07-28 16:21:00,2011-07-28 16:06:00,2,315,Unspecified,540.13,133,0
12744.0,2011-10-19 11:18:00,2011-01-25 13:26:00,7,5241,Singapore,21279.29,51,0
12747.0,2011-12-07 14:34:00,2010-12-05 15:38:00,11,1275,United Kingdom,4196.01,1,0
12748.0,2011-12-09 12:20:00,2010-12-01 12:48:00,209,25287,United Kingdom,33053.19,0,0
12749.0,2011-12-06 09:56:00,2011-05-10 15:25:00,5,1471,United Kingdom,4090.88,3,0
12750.0,2011-08-03 09:13:00,2011-08-03 09:13:00,1,137,Poland,275.88,128,0
12752.0,2011-09-19 13:32:00,2011-09-19 13:32:00,1,2262,Norway,4366.78,80,0
12753.0,2011-11-17 10:52:00,2010-12-12 11:44:00,6,11421,Japan,21429.39,22,0
12754.0,2011-04-18 09:00:00,2011-02-04 10:31:00,3,6481,Japan,3010.74,235,1
12755.0,2011-03-04 12:42:00,2010-12-09 10:44:00,2,1491,Japan,3811.95,280,1
12756.0,2011-09-14 09:31:00,2011-09-14 09:31:00,1,144,Japan,112.07999999999998,86,0
12757.0,2011-11-24 12:30:00,2011-05-12 19:01:00,13,2395,Portugal,7834.650000000001,15,0
12758.0,2011-08-15 10:22:00,2011-03-08 12:05:00,2,2135,Portugal,2791.59,116,0
12759.0,2011-10-18 14:49:00,2011-03-09 08:09:00,3,902,Netherlands,1531.44,51,0
12762.0,2011-12-02 10:23:00,2011-11-14 14:23:00,2,1227,Portugal,1898.52,7,0
12763.0,2011-07-24 14:12:00,2010-12-05 15:46:00,2,316,Japan,494.08,137,0
12764.0,2011-01-27 10:19:00,2011-01-27 10:19:00,1,386,Lebanon,1693.88,316,1
12766.0,2011-12-06 08:46:00,2010-12-08 13:53:00,7,3646,Portugal,6989.63,3,0
12769.0,2011-04-15 10:25:00,2011-04-15 10:25:00,1,356,Brazil,1143.6,238,1
12770.0,2011-05-13 09:33:00,2011-05-13 09:33:00,1,743,Japan,1351.45,210,1
12772.0,2011-10-11 09:19:00,2011-10-11 09:19:00,1,556,Portugal,892.47,59,0
12775.0,2011-11-22 16:33:00,2011-02-01 13:45:00,5,877,Netherlands,1386.04,16,0
12778.0,2011-11-20 11:30:00,2011-01-31 14:35:00,6,825,Netherlands,822.23,19,0
12779.0,2011-11-02 11:43:00,2010-12-03 13:40:00,8,2024,Poland,3981.36,37,0
12781.0,2011-10-07 10:37:00,2011-02-28 08:43:00,2,671,Czech Republic,826.74,63,0
12782.0,2011-12-05 09:16:00,2010-12-17 11:30:00,5,1086,Portugal,2330.92,4,0
12783.0,2011-12-07 15:56:00,2011-09-25 15:35:00,6,624,Portugal,2225.91,1,0
12784.0,2011-11-30 15:38:00,2011-11-24 12:53:00,2,280,Portugal,532.8199999999999,8,0
12785.0,2010-12-10 13:48:00,2010-12-10 13:48:00,1,131,Portugal,311.95,363,1
12787.0,2011-11-30 08:44:00,2011-05-31 09:36:00,3,261,Netherlands,463.66,9,0
12789.0,2011-10-05 13:34:00,2011-10-05 13:34:00,1,4,Netherlands,91.85,64,0
12790.0,2011-05-31 14:14:00,2011-05-31 14:14:00,1,166,Netherlands,324.92,191,1
12791.0,2010-12-01 11:27:00,2010-12-01 11:27:00,1,97,Netherlands,192.60000000000002,373,1
12792.0,2011-03-28 11:36:00,2011-03-28 11:36:00,1,217,Portugal,400.53999999999996,256,1
12793.0,2011-01-09 12:12:00,2010-12-03 15:14:00,2,295,Portugal,545.48,334,1
12794.0,2011-10-17 14:54:00,2011-09-02 12:01:00,2,592,Portugal,860.41,52,0
12795.0,2011-11-21 10:27:00,2011-11-21 10:27:00,1,68,Portugal,430.48,18,0
12797.0,2010-12-09 10:55:00,2010-12-09 10:55:00,1,118,Portugal,254.03,365,1
12798.0,2011-11-29 15:52:00,2011-06-22 10:11:00,3,5256,Japan,6977.04,9,0
12802.0,2011-06-06 09:36:00,2011-06-06 09:36:00,1,314,Netherlands,427.58,186,1
12808.0,2011-11-03 10:05:00,2010-12-06 10:27:00,3,188,Portugal,483.65000000000003,36,0
12809.0,2011-06-15 10:51:00,2011-06-15 10:51:00,1,220,Portugal,489.31,177,0
12811.0,2011-03-24 09:42:00,2011-02-28 15:39:00,3,230,Portugal,514.85,260,1
12812.0,2011-10-26 09:54:00,2011-10-26 09:54:00,1,164,Japan,229.64000000000001,44,0
12814.0,2011-08-30 12:11:00,2011-08-30 12:11:00,1,49,Poland,125.92,101,0
12815.0,2011-07-15 10:21:00,2011-05-25 13:34:00,2,379,Poland,1063.46,147,0
12816.0,2011-09-05 12:41:00,2011-06-16 13:24:00,2,128,Poland,572.2,95,0
12817.0,2011-03-03 16:28:00,2011-03-03 16:28:00,1,53,Austria,166.04,280,1
12818.0,2011-03-23 12:06:00,2011-03-23 12:06:00,1,929,Austria,1542.08,261,1
12820.0,2011-12-06 15:12:00,2011-01-17 12:34:00,4,722,United Kingdom,942.34,2,0
12821.0,2011-05-09 15:51:00,2011-05-09 15:51:00,1,70,United Kingdom,92.72,213,1
12822.0,2011-09-30 10:04:00,2011-09-13 13:46:00,2,550,United Kingdom,948.88,70,0
12823.0,2011-09-26 07:35:00,2011-02-16 12:15:00,5,230,United Kingdom,1759.5,74,0
12824.0,2011-10-11 12:49:00,2011-10-11 12:49:00,1,232,United Kingdom,397.12,59,0
12826.0,2011-12-07 10:25:00,2010-12-09 15:21:00,7,1058,United Kingdom,1474.72,2,0
12827.0,2011-12-04 12:17:00,2011-10-26 15:44:00,3,197,United Kingdom,430.15000000000003,5,0
12828.0,2011-12-07 08:45:00,2011-08-01 16:16:00,6,494,United Kingdom,1018.71,2,0
12829.0,2011-01-07 11:13:00,2010-12-14 14:54:00,2,376,United Kingdom,293.0,336,1
12830.0,2011-11-02 11:54:00,2011-06-21 10:53:00,6,9848,United Kingdom,6814.64,37,0
12831.0,2011-03-22 13:02:00,2011-03-22 13:02:00,1,135,United Kingdom,215.05,261,1
12832.0,2011-11-07 13:30:00,2011-09-02 13:48:00,2,195,United Kingdom,383.03,31,0
12833.0,2011-07-17 13:46:00,2011-07-17 13:46:00,1,156,United Kingdom,417.38,144,0
12834.0,2011-03-02 09:49:00,2011-03-02 09:49:00,1,110,United Kingdom,312.38,282,1
12836.0,2011-10-11 15:10:00,2011-02-01 11:19:00,4,1062,United Kingdom,2610.36,58,0
12837.0,2011-06-19 16:07:00,2011-06-19 16:07:00,1,24,United Kingdom,134.1,172,0
12838.0,2011-11-06 12:20:00,2010-12-01 11:57:00,2,355,United Kingdom,671.95,33,0
12839.0,2011-12-07 12:33:00,2010-12-07 15:48:00,14,3807,United Kingdom,5591.42,2,0
12840.0,2011-07-19 09:29:00,2011-04-27 12:21:00,4,1511,United Kingdom,2726.77,143,0
12841.0,2011-12-05 11:13:00,2010-12-03 10:43:00,25,2720,United Kingdom,3991.58,4,0
12842.0,2011-09-30 15:33:00,2011-02-04 12:36:00,2,547,United Kingdom,1118.99,69,0
12843.0,2011-10-05 12:09:00,2011-03-20 14:38:00,8,781,United Kingdom,1702.26,65,0
12844.0,2011-11-10 13:31:00,2011-08-01 13:11:00,2,125,United Kingdom,325.96000000000004,28,0
12845.0,2011-03-17 13:34:00,2011-02-22 14:10:00,4,204,United Kingdom,354.09,266,1
12847.0,2011-11-17 13:16:00,2011-11-17 13:16:00,1,873,United Kingdom,843.64,21,0
12849.0,2011-11-08 13:41:00,2011-03-16 12:26:00,2,597,United Kingdom,1010.29,30,0
12851.0,2011-09-04 12:41:00,2011-09-04 12:41:00,1,106,United Kingdom,131.81,96,0
12852.0,2011-02-18 08:47:00,2011-02-18 08:47:00,1,149,United Kingdom,311.55,294,1
12853.0,2011-07-28 11:29:00,2011-01-28 10:28:00,6,800,United Kingdom,1957.1000000000001,134,0
12854.0,2011-09-22 12:15:00,2011-01-25 13:35:00,3,626,United Kingdom,1316.25,78,0
12855.0,2010-12-02 09:37:00,2010-12-02 09:37:00,1,30,United Kingdom,38.1,372,1
12856.0,2011-12-02 10:52:00,2011-10-07 12:38:00,6,1076,United Kingdom,2170.78,7,0
12857.0,2011-05-13 10:20:00,2011-02-10 12:32:00,2,343,United Kingdom,1106.4,210,1
12863.0,2011-10-18 14:15:00,2011-10-18 14:15:00,1,188,United Kingdom,521.2,51,0
12864.0,2011-07-24 13:03:00,2011-07-24 13:03:00,1,216,United Kingdom,147.12,137,0
12865.0,2011-11-13 14:31:00,2011-08-08 10:11:00,2,925,Austria,1568.23,25,0
12866.0,2011-03-01 14:11:00,2011-03-01 14:11:00,1,171,Belgium,559.12,282,1
12867.0,2011-11-13 15:30:00,2010-12-14 16:39:00,7,4284,United Kingdom,4009.34,25,0
12868.0,2011-06-07 10:42:00,2010-12-01 12:50:00,6,928,United Kingdom,1607.0600000000002,185,1
12871.0,2011-09-16 15:07:00,2011-05-16 13:32:00,2,200,United Kingdom,380.64,83,0
12872.0,2011-01-17 10:52:00,2010-12-09 14:44:00,2,319,United Kingdom,599.97,326,1
12873.0,2011-03-02 14:58:00,2011-03-02 14:58:00,1,128,United Kingdom,374.0,281,1
12875.0,2011-07-19 15:30:00,2010-12-12 12:03:00,2,2019,United Kingdom,343.2300000000001,142,0
12876.0,2011-10-13 12:26:00,2011-05-27 13:34:00,2,1941,Belgium,2218.02,57,0
12877.0,2011-12-06 10:30:00,2010-12-16 12:23:00,12,1178,United Kingdom,1535.77,3,0
12878.0,2011-04-17 13:07:00,2011-03-18 14:02:00,2,547,United Kingdom,854.99,235,1
12879.0,2011-10-26 12:24:00,2011-09-09 12:11:00,3,370,United Kingdom,573.22,44,0
12881.0,2011-03-09 11:44:00,2011-03-09 11:44:00,1,21,United Kingdom,298.0,275,1
12882.0,2011-11-30 16:18:00,2011-11-06 11:22:00,2,246,United Kingdom,1463.04,8,0
12883.0,2011-11-15 09:32:00,2011-09-11 15:18:00,4,196,United Kingdom,703.47,24,0
12884.0,2011-09-12 13:10:00,2011-09-12 13:10:00,1,43,United Kingdom,309.05,87,0
12885.0,2011-10-07 13:40:00,2011-08-08 11:45:00,3,655,United Kingdom,1175.22,62,0
12886.0,2011-10-03 10:09:00,2011-05-04 11:21:00,2,770,United Kingdom,1378.4,67,0
12888.0,2011-05-09 16:02:00,2011-03-29 14:31:00,2,76,United Kingdom,354.12,213,1
12890.0,2011-11-15 17:26:00,2011-11-15 17:26:00,1,256,United Kingdom,376.71999999999997,23,0
12891.0,2011-06-07 12:31:00,2011-02-20 11:28:00,3,950,United Kingdom,331.0,185,1
12893.0,2011-11-09 12:34:00,2011-11-09 12:34:00,1,90,United Kingdom,176.55,30,0
12895.0,2011-10-28 13:51:00,2011-09-14 08:35:00,2,210,United Kingdom,372.8,41,0
12897.0,2011-05-19 12:13:00,2011-02-11 11:40:00,2,110,United Kingdom,216.5,204,1
12901.0,2011-12-01 10:07:00,2011-03-14 10:41:00,28,23075,United Kingdom,17654.54,8,0
12902.0,2011-03-20 12:06:00,2011-03-20 12:06:00,1,66,United Kingdom,138.68,264,1
12904.0,2011-11-21 14:34:00,2011-06-20 13:18:00,2,294,United Kingdom,496.06,17,0
12906.0,2011-11-28 09:55:00,2011-09-22 15:03:00,5,1749,United Kingdom,2919.81,11,0
12908.0,2011-06-16 15:39:00,2011-01-31 12:37:00,2,1200,United Kingdom,750.0,175,0
12909.0,2011-10-31 12:43:00,2011-03-31 12:51:00,5,1280,United Kingdom,2178.67,39,0
12910.0,2011-11-16 14:28:00,2011-04-12 10:01:00,8,1692,United Kingdom,3075.04,22,0
12912.0,2011-12-07 08:55:00,2011-10-30 11:35:00,5,670,United Kingdom,1662.3,2,0
12913.0,2011-12-05 12:11:00,2010-12-06 16:36:00,5,1419,United Kingdom,2483.63,4,0
12915.0,2011-07-14 11:34:00,2010-12-02 12:33:00,2,93,United Kingdom,363.65,148,0
12916.0,2011-07-24 10:35:00,2011-01-23 10:43:00,4,1083,United Kingdom,2944.95,138,0
12917.0,2011-08-03 16:42:00,2011-08-03 16:42:00,1,120,United Kingdom,594.0,127,0
12919.0,2011-12-01 13:47:00,2011-06-23 09:22:00,6,673,United Kingdom,1335.19,7,0
12920.0,2011-11-22 15:05:00,2011-11-22 15:05:00,1,128,United Kingdom,162.78,16,0
12921.0,2011-11-30 16:22:00,2010-12-01 15:06:00,37,9526,United Kingdom,16587.09,8,0
12922.0,2011-07-01 15:35:00,2011-07-01 15:35:00,1,370,United Kingdom,405.38,160,0
12923.0,2011-10-06 16:20:00,2011-10-06 16:20:00,1,68,United Kingdom,172.82,63,0
12924.0,2011-09-12 13:55:00,2011-01-16 11:49:00,4,481,United Kingdom,933.7,87,0
12925.0,2011-12-05 11:11:00,2011-09-26 11:05:00,2,541,United Kingdom,694.05,4,0
12928.0,2011-11-04 14:24:00,2010-12-15 15:45:00,5,1472,United Kingdom,2062.7000000000003,34,0
12929.0,2011-02-01 12:08:00,2011-02-01 12:08:00,1,37,United Kingdom,117.85,311,1
12930.0,2011-09-22 15:18:00,2011-06-21 13:25:00,2,252,United Kingdom,415.8,77,0
12931.0,2011-11-18 12:39:00,2010-12-17 09:45:00,15,28004,United Kingdom,42055.96,21,0
12933.0,2011-11-15 16:38:00,2011-03-01 11:30:00,3,499,United Kingdom,607.53,23,0
12935.0,2011-12-07 17:25:00,2011-01-24 13:58:00,7,1853,United Kingdom,2160.7,1,0
12936.0,2011-11-22 17:32:00,2011-09-22 13:51:00,4,559,United Kingdom,1063.9,16,0
12937.0,2011-11-24 15:05:00,2011-03-17 14:19:00,4,1007,United Kingdom,1504.27,14,0
12938.0,2011-11-14 11:21:00,2011-11-14 11:21:00,1,140,United Kingdom,114.14,25,0
12939.0,2011-10-06 14:33:00,2011-01-09 11:20:00,8,4876,United Kingdom,11581.8,63,0
12940.0,2011-10-16 12:09:00,2011-09-13 10:16:00,2,404,United Kingdom,899.69,54,0
12942.0,2011-07-31 14:39:00,2010-12-09 09:34:00,3,198,United Kingdom,675.6,130,0
12944.0,2011-11-04 11:04:00,2010-12-20 10:41:00,2,289,United Kingdom,604.51,35,0
12945.0,2011-02-24 14:15:00,2011-02-24 14:15:00,1,165,United Kingdom,462.95,287,1
12947.0,2011-07-19 10:06:00,2010-12-01 16:21:00,6,1165,United Kingdom,1603.99,143,0
12948.0,2011-11-23 17:10:00,2011-03-20 10:17:00,7,1080,United Kingdom,2064.95,15,0
12949.0,2011-11-09 11:25:00,2011-04-01 13:20:00,8,2381,United Kingdom,4167.22,30,0
12950.0,2011-12-07 13:17:00,2011-11-15 13:48:00,3,1380,United Kingdom,1843.0,1,0
12951.0,2011-12-01 12:14:00,2011-01-13 10:33:00,6,503,United Kingdom,1064.07,8,0
12952.0,2011-12-04 10:35:00,2011-09-22 16:37:00,4,653,United Kingdom,1387.79,5,0
12953.0,2011-11-30 09:24:00,2011-11-30 09:24:00,1,84,United Kingdom,329.85,9,0
12955.0,2011-12-08 16:29:00,2011-03-17 09:03:00,11,3664,United Kingdom,4757.16,0,0
12956.0,2011-02-06 16:08:00,2011-02-06 16:08:00,1,34,United Kingdom,108.07,305,1
12957.0,2011-11-30 09:53:00,2011-01-04 12:18:00,8,2549,United Kingdom,4017.54,9,0
12962.0,2011-12-02 15:55:00,2011-08-18 13:38:00,2,129,United Kingdom,266.39,6,0
12963.0,2011-12-01 12:55:00,2010-12-09 09:14:00,8,881,United Kingdom,1856.63,7,0
12965.0,2011-09-11 15:31:00,2011-09-11 15:31:00,1,282,United Kingdom,769.8100000000001,88,0
12966.0,2011-11-30 12:38:00,2011-11-30 12:38:00,1,75,United Kingdom,160.18,9,0
12967.0,2010-12-16 19:10:00,2010-12-03 09:49:00,2,438,United Kingdom,1660.9,357,1
12968.0,2011-08-19 15:44:00,2011-08-19 15:44:00,1,73,United Kingdom,135.95,111,0
12970.0,2011-12-02 14:30:00,2011-01-21 14:04:00,4,268,United Kingdom,405.47,6,0
12971.0,2011-12-06 12:20:00,2010-12-02 16:42:00,86,9289,United Kingdom,11189.91,3,0
12974.0,2011-05-26 09:33:00,2011-05-26 09:33:00,1,24,United Kingdom,144.8,197,1
12976.0,2011-05-12 09:55:00,2011-05-12 09:55:00,1,561,United Kingdom,738.6,211,1
12977.0,2011-07-06 16:40:00,2011-07-06 16:40:00,1,12,United Kingdom,39.239999999999995,155,0
12980.0,2011-07-05 09:34:00,2010-12-16 11:36:00,9,886,United Kingdom,7374.900000000001,157,0
12981.0,2011-11-10 12:00:00,2011-07-29 14:14:00,2,242,United Kingdom,372.21999999999997,29,0
12982.0,2011-04-11 11:51:00,2011-04-11 11:51:00,1,288,United Kingdom,390.54,242,1
12984.0,2011-11-21 12:37:00,2011-11-21 12:37:00,1,26,United Kingdom,97.5,18,0
12985.0,2011-12-09 10:46:00,2011-11-11 12:44:00,2,1533,United Kingdom,1239.38,0,0
12987.0,2011-09-27 12:03:00,2011-05-26 12:00:00,2,219,United Kingdom,558.7,73,0
12988.0,2011-02-20 14:31:00,2011-02-20 14:31:00,1,126,United Kingdom,505.82,291,1
12989.0,2011-12-06 15:28:00,2010-12-10 13:24:00,15,2943,United Kingdom,6924.110000000001,2,0
12990.0,2011-11-08 13:01:00,2011-02-02 15:39:00,3,200,United Kingdom,409.5,30,0
12991.0,2011-11-16 15:34:00,2011-08-19 14:39:00,2,405,United Kingdom,503.76,22,0
12993.0,2011-11-16 15:49:00,2011-02-14 14:29:00,4,240,United Kingdom,414.76,22,0
12994.0,2011-12-05 15:43:00,2011-03-16 08:31:00,3,459,United Kingdom,974.4200000000001,3,0
12995.0,2011-09-15 15:44:00,2011-09-15 15:44:00,1,108,United Kingdom,211.32,84,0
12997.0,2011-11-17 15:47:00,2011-01-26 15:49:00,4,664,United Kingdom,1226.89,21,0
12999.0,2011-05-27 13:24:00,2011-04-08 10:26:00,3,342,United Kingdom,455.88,195,1
13000.0,2011-08-25 10:43:00,2010-12-10 10:26:00,3,379,United Kingdom,534.85,106,0
13001.0,2011-12-05 14:51:00,2011-01-17 12:45:00,13,5490,United Kingdom,9785.970000000001,3,0
13002.0,2011-01-25 15:18:00,2011-01-25 15:18:00,1,73,United Kingdom,120.94999999999999,317,1
13003.0,2011-08-26 10:50:00,2011-05-09 08:23:00,3,103,United Kingdom,149.05,105,0
13004.0,2011-11-28 11:27:00,2010-12-17 08:20:00,18,4822,United Kingdom,5655.91,11,0
13005.0,2011-06-19 10:53:00,2011-04-07 13:32:00,2,172,United Kingdom,513.7,173,0
13006.0,2011-10-14 13:49:00,2011-10-14 13:49:00,1,55,United Kingdom,81.57,55,0
13008.0,2011-01-20 14:24:00,2011-01-20 14:24:00,1,175,United Kingdom,229.46999999999997,322,1
13011.0,2010-12-02 17:22:00,2010-12-02 17:22:00,1,13,United Kingdom,50.550000000000004,371,1
13012.0,2011-11-30 13:05:00,2011-02-18 09:43:00,8,820,United Kingdom,1646.8400000000001,8,0
13013.0,2011-12-08 15:01:00,2010-12-03 12:28:00,13,2224,United Kingdom,4810.9400000000005,0,0
13014.0,2011-11-29 12:27:00,2011-03-03 18:28:00,10,905,United Kingdom,3466.2799999999997,10,0
13015.0,2011-10-17 13:19:00,2011-04-04 14:28:00,5,1609,United Kingdom,3339.64,52,0
13016.0,2011-09-27 14:08:00,2011-08-08 15:00:00,3,527,United Kingdom,789.89,72,0
13017.0,2011-12-02 15:53:00,2011-12-02 15:53:00,1,48,United Kingdom,204.0,6,0
13018.0,2011-11-23 13:28:00,2011-02-17 11:05:00,28,5435,United Kingdom,7277.7,15,0
13021.0,2011-12-05 16:37:00,2010-12-16 10:12:00,9,1352,United Kingdom,2616.38,3,0
13023.0,2011-10-06 16:27:00,2011-08-02 09:34:00,2,286,United Kingdom,689.9,63,0
13026.0,2011-12-08 16:58:00,2011-03-09 11:35:00,5,1620,United Kingdom,975.36,0,0
13027.0,2011-08-18 09:39:00,2010-12-20 12:45:00,6,17280,United Kingdom,6912.0,113,0
13028.0,2011-11-17 11:10:00,2011-10-25 14:09:00,2,798,United Kingdom,661.3199999999999,22,0
13029.0,2011-11-09 09:13:00,2010-12-21 13:53:00,3,134,United Kingdom,1247.5,30,0
13030.0,2011-11-28 14:30:00,2010-12-06 14:31:00,2,348,United Kingdom,752.4399999999999,10,0
13032.0,2011-10-18 15:54:00,2011-09-13 16:40:00,2,375,United Kingdom,1010.18,51,0
13033.0,2010-12-17 14:23:00,2010-12-17 14:23:00,1,83,United Kingdom,190.55,356,1
13034.0,2011-10-16 12:21:00,2010-12-05 14:52:00,2,369,United Kingdom,642.77,54,0
13035.0,2011-09-27 08:57:00,2011-03-24 09:21:00,2,644,United Kingdom,921.88,73,0
13037.0,2011-07-24 15:46:00,2011-03-28 15:42:00,3,431,United Kingdom,881.07,137,0
13038.0,2011-09-20 14:37:00,2011-02-22 11:43:00,3,360,United Kingdom,908.46,79,0
13040.0,2011-12-01 10:38:00,2011-11-06 13:53:00,2,355,United Kingdom,676.99,8,0
13043.0,2011-03-11 14:52:00,2011-03-11 14:52:00,1,254,United Kingdom,516.42,272,1
13044.0,2011-02-21 15:20:00,2011-02-21 15:20:00,1,429,United Kingdom,560.47,290,1
13045.0,2011-09-01 15:04:00,2011-09-01 15:04:00,1,221,United Kingdom,305.28000000000003,98,0
13046.0,2011-11-09 08:36:00,2011-03-18 15:43:00,2,264,United Kingdom,629.31,30,0
13047.0,2011-11-08 12:06:00,2010-12-01 08:34:00,10,1391,United Kingdom,3237.54,31,0
13048.0,2011-11-25 13:23:00,2011-01-16 14:36:00,4,1228,United Kingdom,1819.41,13,0
13049.0,2011-10-06 15:31:00,2011-01-25 16:33:00,2,268,United Kingdom,656.6800000000001,63,0
13050.0,2011-11-25 09:18:00,2010-12-08 09:30:00,17,3748,United Kingdom,5836.86,14,0
13052.0,2011-05-11 14:12:00,2011-05-11 14:12:00,1,222,United Kingdom,348.15000000000003,211,1
13055.0,2011-09-22 14:26:00,2011-05-10 08:58:00,3,894,United Kingdom,1214.41,77,0
13058.0,2011-11-15 12:43:00,2011-07-11 12:01:00,3,52,United Kingdom,271.40000000000003,24,0
13059.0,2011-04-04 10:40:00,2011-04-04 10:40:00,1,35,United Kingdom,183.4,249,1
13060.0,2011-03-31 11:37:00,2011-03-31 11:37:00,1,123,United Kingdom,307.53,253,1
13061.0,2011-09-28 16:04:00,2011-09-28 16:04:00,1,107,United Kingdom,248.61,71,0
13062.0,2011-06-01 15:12:00,2011-06-01 15:12:00,1,343,United Kingdom,346.98,190,1
13064.0,2011-11-27 12:31:00,2011-01-16 13:41:00,4,514,United Kingdom,1105.59,12,0
13065.0,2010-12-01 16:52:00,2010-12-01 16:52:00,1,74,United Kingdom,205.86,372,1
13066.0,2011-11-15 12:57:00,2011-11-07 17:06:00,2,322,United Kingdom,470.8,23,0
13067.0,2011-09-18 13:38:00,2011-09-18 13:38:00,1,32,United Kingdom,115.46000000000001,81,0
13068.0,2011-11-29 15:00:00,2011-01-24 08:20:00,2,200,United Kingdom,344.0,9,0
13069.0,2011-12-09 08:39:00,2010-12-05 11:02:00,24,5873,United Kingdom,4431.44,0,0
13070.0,2011-05-31 13:45:00,2011-05-31 13:45:00,1,110,United Kingdom,228.8,191,1
13072.0,2011-03-18 08:12:00,2011-03-18 08:12:00,1,69,United Kingdom,177.15,266,1
13075.0,2011-08-02 10:19:00,2011-08-02 10:19:00,1,485,United Kingdom,919.61,129,0
13077.0,2011-12-08 19:24:00,2010-12-08 14:59:00,4,862,United Kingdom,728.02,0,0
13078.0,2011-12-06 15:36:00,2010-12-08 09:07:00,26,5630,United Kingdom,12627.94,2,0
13079.0,2011-12-05 16:53:00,2011-07-22 14:41:00,5,62,United Kingdom,220.10000000000002,3,0
13080.0,2011-06-13 14:59:00,2011-06-13 14:59:00,1,120,United Kingdom,58.08,178,0
13081.0,2011-11-28 10:54:00,2010-12-03 17:20:00,11,19068,United Kingdom,28337.38,11,0
13082.0,2011-08-05 16:16:00,2011-01-05 15:42:00,9,4324,United Kingdom,3613.63,125,0
13083.0,2011-12-05 15:01:00,2011-09-25 10:46:00,2,187,United Kingdom,303.75,3,0
13085.0,2011-07-05 12:11:00,2011-02-17 13:57:00,2,216,United Kingdom,416.08000000000004,157,0
13089.0,2011-12-07 09:02:00,2010-12-05 10:27:00,97,31025,United Kingdom,58762.08,2,0
13090.0,2011-12-01 12:39:00,2010-12-02 07:48:00,14,2263,United Kingdom,8910.82,8,0
13091.0,2011-11-11 15:54:00,2011-11-11 15:54:00,1,466,United Kingdom,345.82,27,0
13092.0,2011-09-30 11:18:00,2010-12-15 12:27:00,5,279,United Kingdom,477.83,70,0
13093.0,2011-03-09 12:14:00,2010-12-01 15:00:00,8,3961,United Kingdom,7832.47,275,1
13094.0,2011-11-18 14:07:00,2010-12-06 10:34:00,12,1716,United Kingdom,1927.3200000000002,20,0
13095.0,2011-09-30 12:03:00,2011-09-30 12:03:00,1,144,United Kingdom,74.39999999999999,70,0
13097.0,2011-11-07 10:43:00,2010-12-14 15:13:00,10,2360,United Kingdom,6003.22,32,0
13098.0,2011-12-08 14:14:00,2011-01-26 13:46:00,28,15968,United Kingdom,28882.44,0,0
13099.0,2011-09-01 17:40:00,2011-09-01 17:40:00,1,288,United Kingdom,207.35999999999999,98,0
13101.0,2011-04-19 14:37:00,2011-04-19 14:37:00,1,113,United Kingdom,101.19,233,1
13102.0,2011-12-08 12:52:00,2010-12-09 13:38:00,24,4204,United Kingdom,6424.09,0,0
13103.0,2011-10-31 09:38:00,2011-10-31 09:38:00,1,82,United Kingdom,243.94,39,0
13104.0,2011-12-06 13:10:00,2010-12-20 11:58:00,6,504,United Kingdom,1098.48,2,0
13106.0,2011-07-29 15:12:00,2011-07-29 15:12:00,1,18,United Kingdom,76.5,132,0
13107.0,2011-10-26 14:52:00,2011-01-10 12:28:00,4,1293,United Kingdom,1531.6200000000001,43,0
13108.0,2010-12-02 10:35:00,2010-12-02 10:35:00,1,298,United Kingdom,350.06,372,1
13109.0,2011-10-11 10:16:00,2011-07-05 14:56:00,2,520,United Kingdom,786.54,59,0
13110.0,2011-11-08 14:30:00,2011-02-01 15:24:00,7,388,United Kingdom,1488.67,30,0
13113.0,2011-12-09 12:49:00,2010-12-08 13:21:00,24,3045,United Kingdom,12245.960000000001,0,0
13115.0,2011-11-28 12:38:00,2011-06-08 16:15:00,4,1567,United Kingdom,2294.78,11,0
13116.0,2011-07-24 14:33:00,2011-07-24 14:33:00,1,291,United Kingdom,501.14,137,0
13117.0,2011-11-18 12:02:00,2010-12-02 13:11:00,8,945,United Kingdom,984.91,21,0
13118.0,2011-11-20 12:46:00,2011-02-24 12:32:00,5,410,United Kingdom,1197.81,19,0
13120.0,2011-04-15 10:19:00,2011-04-15 10:19:00,1,12,United Kingdom,30.599999999999998,238,1
13121.0,2011-03-15 16:47:00,2011-03-15 16:47:00,1,252,United Kingdom,283.73,268,1
13122.0,2011-09-06 15:53:00,2011-04-13 14:12:00,2,585,United Kingdom,922.39,93,0
13124.0,2011-09-11 12:45:00,2010-12-15 15:00:00,3,2119,United Kingdom,3756.33,89,0
13126.0,2011-12-05 10:00:00,2010-12-08 11:42:00,8,2143,United Kingdom,2099.64,4,0
13127.0,2011-09-23 10:26:00,2011-09-23 10:26:00,1,127,United Kingdom,259.17,77,0
13130.0,2011-09-06 15:30:00,2011-09-06 15:30:00,1,32,United Kingdom,64.0,93,0
13131.0,2011-11-16 13:21:00,2011-06-05 10:54:00,3,447,United Kingdom,1073.3,22,0
13132.0,2011-03-23 12:44:00,2011-03-23 12:44:00,1,20,United Kingdom,77.3,261,1
13133.0,2011-03-11 10:31:00,2011-02-08 15:48:00,2,32,United Kingdom,109.8,273,1
13134.0,2011-09-15 10:35:00,2011-04-13 12:57:00,4,1059,United Kingdom,1793.58,85,0
13135.0,2011-05-27 10:52:00,2011-05-27 10:52:00,1,4300,United Kingdom,3096.0,196,1
13136.0,2011-10-14 13:41:00,2011-05-11 12:47:00,5,1328,United Kingdom,2607.61,55,0
13137.0,2011-11-29 12:09:00,2011-02-04 11:54:00,8,2204,United Kingdom,3603.29,10,0
13138.0,2011-11-17 16:51:00,2010-12-02 15:03:00,6,473,United Kingdom,962.39,21,0
13139.0,2011-11-23 13:54:00,2011-03-25 11:57:00,7,2425,United Kingdom,5064.94,15,0
13140.0,2011-08-23 15:33:00,2010-12-08 15:12:00,3,185,United Kingdom,422.47,107,0
13141.0,2011-09-16 09:54:00,2011-01-28 13:04:00,5,1548,United Kingdom,2388.75,84,0
13142.0,2011-11-20 16:07:00,2011-11-20 16:07:00,1,258,United Kingdom,307.09,18,0
13144.0,2011-01-11 11:15:00,2011-01-11 11:15:00,1,21,United Kingdom,110.95,332,1
13145.0,2011-10-31 12:45:00,2010-12-02 18:06:00,4,145,United Kingdom,618.52,39,0
13146.0,2011-11-13 15:29:00,2011-11-13 15:29:00,1,154,United Kingdom,228.91,25,0
13147.0,2011-11-29 13:59:00,2011-09-01 12:28:00,4,144,United Kingdom,712.8000000000001,9,0
13148.0,2011-11-10 15:23:00,2010-12-10 13:06:00,12,1965,United Kingdom,3683.26,28,0
13149.0,2011-11-25 13:09:00,2011-02-23 13:57:00,4,1280,United Kingdom,1676.06,13,0
13151.0,2011-02-17 12:29:00,2011-02-17 12:29:00,1,363,United Kingdom,1257.8700000000001,295,1
13153.0,2011-12-04 12:14:00,2011-12-04 12:14:00,1,418,United Kingdom,486.22,5,0
13155.0,2011-11-06 15:41:00,2010-12-06 12:44:00,4,497,United Kingdom,971.76,32,0
13157.0,2011-10-21 13:50:00,2011-02-14 14:03:00,4,1439,United Kingdom,1741.22,48,0
13158.0,2011-09-06 11:58:00,2011-01-25 09:58:00,4,784,United Kingdom,1201.06,94,0
13159.0,2011-12-01 11:20:00,2011-08-16 11:44:00,4,1058,United Kingdom,1429.35,8,0
13160.0,2011-11-17 13:07:00,2011-11-17 13:07:00,1,56,United Kingdom,91.8,21,0
13161.0,2011-01-30 14:03:00,2011-01-30 14:03:00,1,29,United Kingdom,112.75,312,1
13162.0,2011-08-09 15:59:00,2011-01-09 10:43:00,4,1713,United Kingdom,1688.29,121,0
13165.0,2011-10-24 15:05:00,2010-12-23 14:06:00,2,1376,United Kingdom,1021.48,45,0
13166.0,2011-03-01 15:16:00,2011-03-01 15:16:00,1,216,United Kingdom,417.2,282,1
13167.0,2011-11-21 12:24:00,2011-07-19 12:13:00,4,785,United Kingdom,791.33,18,0
13168.0,2011-11-03 12:56:00,2011-01-25 13:55:00,4,670,United Kingdom,1299.59,35,0
13169.0,2011-10-07 12:11:00,2011-04-01 14:24:00,2,272,United Kingdom,712.88,63,0
13170.0,2011-11-13 12:19:00,2011-11-13 12:19:00,1,141,United Kingdom,108.81,26,0
13171.0,2011-11-18 10:27:00,2011-02-13 14:16:00,3,229,United Kingdom,468.41,21,0
13173.0,2011-12-05 15:51:00,2010-12-07 14:30:00,2,277,United Kingdom,353.65,3,0
13174.0,2011-11-23 14:35:00,2010-12-05 16:24:00,3,1352,United Kingdom,2742.82,15,0
13176.0,2011-10-24 15:43:00,2011-10-24 15:43:00,1,448,United Kingdom,481.49,45,0
13177.0,2011-10-06 09:56:00,2011-10-06 09:56:00,1,91,United Kingdom,282.45,64,0
13178.0,2011-11-13 16:14:00,2010-12-14 12:22:00,11,3570,United Kingdom,5725.47,25,0
13182.0,2011-10-25 13:46:00,2011-10-25 13:46:00,1,201,United Kingdom,121.18,44,0
13183.0,2011-12-02 10:30:00,2011-01-09 10:50:00,9,2208,United Kingdom,3957.78,7,0
13184.0,2011-11-25 12:02:00,2011-02-22 17:25:00,10,1662,United Kingdom,1668.95,14,0
13185.0,2011-03-17 11:56:00,2011-03-17 11:56:00,1,12,United Kingdom,71.4,267,1
13186.0,2011-10-31 11:40:00,2011-08-03 09:09:00,3,820,United Kingdom,1575.89,39,0
13187.0,2011-01-06 18:57:00,2011-01-06 18:57:00,1,95,United Kingdom,236.02,336,1
13188.0,2011-11-28 15:28:00,2011-11-28 15:28:00,1,25,United Kingdom,114.60000000000001,10,0
13189.0,2011-11-21 10:39:00,2011-08-16 13:12:00,2,842,United Kingdom,260.68,18,0
13192.0,2011-09-05 14:13:00,2011-05-18 14:57:00,2,595,United Kingdom,911.94,94,0
13193.0,2011-10-09 14:30:00,2011-10-09 14:30:00,1,46,United Kingdom,112.08,60,0
13194.0,2011-07-27 09:01:00,2011-07-27 09:01:00,1,26,United Kingdom,60.7,135,0
13196.0,2011-11-28 13:54:00,2011-03-22 14:24:00,4,1224,United Kingdom,1797.78,10,0
13198.0,2011-11-29 15:17:00,2010-12-13 09:29:00,6,2648,United Kingdom,3401.2400000000002,9,0
13199.0,2011-12-06 12:30:00,2010-12-08 10:51:00,38,6176,United Kingdom,9817.12,3,0
13200.0,2011-11-20 15:35:00,2011-08-05 14:50:00,4,516,United Kingdom,870.09,18,0
13203.0,2011-11-30 10:45:00,2011-04-11 14:40:00,4,800,United Kingdom,869.46,9,0
13207.0,2011-11-24 14:52:00,2011-07-12 11:35:00,2,130,United Kingdom,250.26000000000002,14,0
13208.0,2011-10-12 09:54:00,2011-02-03 19:32:00,6,803,United Kingdom,1217.65,58,0
13209.0,2011-11-09 13:54:00,2010-12-13 10:31:00,8,4253,United Kingdom,5891.61,29,0
13210.0,2011-09-07 08:18:00,2011-09-07 08:18:00,1,316,United Kingdom,353.48,93,0
13211.0,2011-11-29 14:43:00,2010-12-13 16:17:00,3,834,United Kingdom,1095.42,9,0
13212.0,2011-11-20 12:40:00,2011-10-09 14:48:00,3,309,United Kingdom,786.83,19,0
13213.0,2011-10-14 11:42:00,2011-05-24 12:22:00,5,1360,United Kingdom,1520.58,56,0
13216.0,2011-03-17 12:18:00,2011-03-17 12:18:00,1,297,United Kingdom,333.74,267,1
13217.0,2011-08-09 15:32:00,2011-07-06 12:08:00,3,262,United Kingdom,533.98,121,0
13218.0,2011-08-04 16:59:00,2011-08-04 16:59:00,1,88,United Kingdom,62.63999999999999,126,0
13220.0,2011-09-22 13:38:00,2011-04-17 10:59:00,4,196,United Kingdom,819.2900000000001,77,0
13221.0,2011-04-13 16:58:00,2010-12-15 13:24:00,2,244,United Kingdom,847.41,239,1
13223.0,2011-05-23 13:03:00,2011-04-21 15:16:00,2,88,United Kingdom,163.20000000000002,199,1
13224.0,2011-10-10 14:55:00,2011-07-11 14:10:00,2,1518,United Kingdom,2155.95,59,0
13225.0,2011-12-06 13:29:00,2010-12-13 09:49:00,7,3416,United Kingdom,6463.84,2,0
13226.0,2011-03-11 14:35:00,2011-03-11 14:35:00,1,80,United Kingdom,108.21000000000001,272,1
13227.0,2011-05-22 11:47:00,2011-05-22 11:47:00,1,99,United Kingdom,257.7,201,1
13228.0,2011-09-19 14:28:00,2011-09-19 14:28:00,1,200,United Kingdom,358.0,80,0
13229.0,2011-04-28 12:07:00,2011-04-28 12:07:00,1,63,United Kingdom,160.95,225,1
13230.0,2011-12-05 16:03:00,2010-12-09 19:28:00,14,1638,United Kingdom,2755.63,3,0
13232.0,2011-11-27 10:39:00,2011-04-10 13:48:00,7,773,United Kingdom,1328.35,12,0
13233.0,2011-09-26 13:25:00,2011-01-07 14:49:00,2,1004,United Kingdom,605.12,73,0
13235.0,2011-05-11 17:13:00,2011-05-11 17:13:00,1,441,United Kingdom,1031.07,211,1
13236.0,2011-11-15 12:50:00,2011-08-25 08:58:00,2,416,United Kingdom,744.85,24,0
13238.0,2011-11-22 15:37:00,2010-12-14 14:37:00,4,298,United Kingdom,700.73,16,0
13239.0,2011-03-23 10:25:00,2011-03-23 10:25:00,1,327,United Kingdom,329.56,261,1
13240.0,2011-09-04 14:08:00,2010-12-09 12:49:00,4,298,United Kingdom,663.65,95,0
13242.0,2011-08-19 12:53:00,2011-05-10 12:26:00,3,130,United Kingdom,270.40000000000003,111,0
13243.0,2011-05-20 13:14:00,2011-05-20 13:14:00,1,232,United Kingdom,585.12,202,1
13244.0,2011-09-08 11:46:00,2011-09-08 11:46:00,1,38,United Kingdom,121.74000000000001,92,0
13245.0,2011-10-20 11:40:00,2011-10-20 11:40:00,1,125,United Kingdom,430.5,50,0
13246.0,2011-11-21 16:50:00,2011-01-13 13:36:00,6,1587,United Kingdom,1961.52,17,0
13247.0,2011-11-22 10:59:00,2011-09-18 11:31:00,4,328,United Kingdom,501.12,17,0
13248.0,2011-08-07 12:40:00,2011-06-03 13:05:00,2,305,United Kingdom,465.68,124,0
13249.0,2011-09-08 13:26:00,2011-03-23 15:26:00,3,546,United Kingdom,711.41,91,0
13253.0,2011-07-06 10:09:00,2011-01-04 15:43:00,2,1572,United Kingdom,1030.4,156,0
13255.0,2011-11-30 13:14:00,2010-12-01 11:58:00,2,177,United Kingdom,399.51,8,0
13258.0,2011-11-28 09:31:00,2011-05-18 13:11:00,3,282,United Kingdom,672.83,11,0
13259.0,2011-10-09 10:48:00,2011-10-09 10:48:00,1,126,United Kingdom,283.18,61,0
13260.0,2011-10-09 13:21:00,2011-10-09 13:21:00,1,142,United Kingdom,557.62,60,0
13261.0,2011-03-16 12:22:00,2011-02-27 10:41:00,2,210,United Kingdom,944.1,268,1
13262.0,2011-03-21 15:06:00,2011-03-21 15:06:00,1,125,United Kingdom,200.29,262,1
13263.0,2011-12-08 13:59:00,2011-01-18 16:31:00,35,4768,United Kingdom,7436.93,0,0
13265.0,2011-10-17 15:02:00,2011-03-11 09:54:00,5,1740,United Kingdom,2092.66,52,0
13266.0,2011-11-28 14:39:00,2011-03-28 10:14:00,12,4428,United Kingdom,3834.2599999999998,10,0
13267.0,2011-12-07 11:12:00,2010-12-08 09:20:00,19,1969,United Kingdom,4521.49,2,0
13268.0,2011-11-22 11:51:00,2011-03-17 13:20:00,11,3624,United Kingdom,3174.75,17,0
13269.0,2011-12-08 14:53:00,2010-12-05 11:51:00,15,3513,United Kingdom,5343.28,0,0
13270.0,2010-12-08 14:53:00,2010-12-08 14:53:00,1,200,United Kingdom,590.0,365,1
13271.0,2011-11-02 14:31:00,2011-11-02 14:31:00,1,240,United Kingdom,211.49,36,0
13272.0,2011-11-08 14:00:00,2011-09-11 12:06:00,2,96,United Kingdom,276.56,30,0
13273.0,2011-08-18 14:02:00,2011-08-18 14:02:00,1,153,United Kingdom,138.98,112,0
13276.0,2011-10-07 12:44:00,2011-09-01 10:03:00,2,161,United Kingdom,590.9300000000001,63,0
13277.0,2011-11-24 09:21:00,2011-07-29 10:06:00,4,176,United Kingdom,258.4,15,0
13278.0,2011-10-30 11:49:00,2011-10-30 11:49:00,1,537,United Kingdom,542.73,40,0
13279.0,2011-09-22 17:24:00,2011-09-22 17:24:00,1,73,United Kingdom,137.75,77,0
13280.0,2011-08-09 13:14:00,2011-01-06 17:10:00,3,518,United Kingdom,798.46,121,0
13282.0,2011-11-21 15:33:00,2011-05-03 12:03:00,3,307,United Kingdom,1132.14,17,0
13283.0,2011-10-11 09:50:00,2011-06-07 12:39:00,2,90,United Kingdom,93.66,59,0
13284.0,2011-01-13 09:23:00,2011-01-13 09:23:00,1,91,United Kingdom,201.19,330,1
13285.0,2011-11-16 13:19:00,2011-02-22 17:13:00,4,2051,United Kingdom,2709.12,22,0
13291.0,2011-07-07 10:36:00,2011-07-07 10:36:00,1,233,United Kingdom,361.11,155,0
13292.0,2011-11-01 10:04:00,2011-02-28 15:00:00,2,347,United Kingdom,578.9399999999999,38,0
13294.0,2011-06-03 08:54:00,2011-04-04 12:37:00,2,453,United Kingdom,873.74,189,1
13295.0,2010-12-15 11:21:00,2010-12-15 11:21:00,1,82,United Kingdom,201.20000000000002,359,1
13296.0,2011-07-25 13:46:00,2011-07-25 13:46:00,1,78,United Kingdom,87.4,136,0
13297.0,2011-12-02 09:32:00,2011-10-03 15:08:00,4,963,United Kingdom,2089.85,7,0
13298.0,2011-12-08 13:11:00,2011-12-08 13:11:00,1,96,United Kingdom,360.0,0,0
13299.0,2011-03-16 12:55:00,2011-03-16 12:55:00,1,30,United Kingdom,142.5,267,1
13300.0,2011-06-23 13:09:00,2011-06-23 13:09:00,1,203,United Kingdom,371.89,168,0
13301.0,2011-08-28 11:25:00,2011-02-20 13:13:00,4,345,United Kingdom,618.09,103,0
13302.0,2011-07-07 17:56:00,2011-07-07 17:56:00,1,5,United Kingdom,63.75,154,0
13304.0,2010-12-23 14:35:00,2010-12-23 14:35:00,1,238,United Kingdom,300.42,350,1
13305.0,2011-12-05 15:15:00,2010-12-02 12:10:00,10,1232,United Kingdom,2000.86,3,0
13307.0,2011-08-11 17:14:00,2011-08-11 17:14:00,1,4,United Kingdom,15.0,119,0
13308.0,2011-11-17 09:31:00,2011-05-20 13:13:00,3,843,United Kingdom,1385.51,22,0
13309.0,2011-12-02 16:34:00,2011-02-04 12:29:00,5,1544,United Kingdom,1456.79,6,0
13310.0,2011-11-11 17:23:00,2011-01-19 14:50:00,3,587,United Kingdom,1132.03,27,0
13311.0,2011-12-05 12:55:00,2011-07-12 14:26:00,2,305,United Kingdom,598.57,3,0
13313.0,2011-11-17 16:48:00,2011-01-04 10:00:00,5,851,United Kingdom,1555.32,21,0
13314.0,2011-12-08 12:29:00,2011-09-27 10:20:00,3,560,United Kingdom,775.94,1,0
13316.0,2011-11-02 13:40:00,2011-03-30 13:01:00,4,5508,United Kingdom,5732.93,36,0
13317.0,2011-10-04 13:35:00,2010-12-16 09:22:00,6,1035,United Kingdom,2273.68,65,0
13318.0,2011-12-08 18:51:00,2011-11-02 13:26:00,3,304,United Kingdom,640.76,0,0
13319.0,2011-12-04 13:34:00,2010-12-09 10:04:00,26,4724,United Kingdom,10845.550000000001,4,0
13320.0,2011-09-22 18:07:00,2011-05-10 10:29:00,4,1086,United Kingdom,1532.2,77,0
13321.0,2011-09-28 15:24:00,2011-09-14 15:18:00,2,372,United Kingdom,567.36,71,0
13322.0,2011-11-22 14:21:00,2011-11-22 14:21:00,1,117,United Kingdom,199.48000000000002,16,0
13323.0,2011-12-06 17:12:00,2011-09-16 13:23:00,5,175,United Kingdom,787.85,2,0
13324.0,2011-11-03 16:28:00,2010-12-14 09:50:00,10,5205,United Kingdom,7121.95,35,0
13325.0,2011-09-19 10:36:00,2011-09-19 10:36:00,1,240,United Kingdom,675.3,81,0
13327.0,2011-11-01 10:21:00,2010-12-09 15:32:00,8,1600,United Kingdom,3627.77,38,0
13328.0,2011-01-27 15:22:00,2011-01-27 15:22:00,1,680,United Kingdom,1308.48,315,1
13329.0,2011-11-08 10:29:00,2010-12-08 10:11:00,2,463,United Kingdom,789.0,31,0
13330.0,2011-09-08 12:27:00,2011-01-28 10:08:00,3,751,United Kingdom,1140.93,92,0
13332.0,2011-11-25 13:30:00,2011-11-25 13:30:00,1,179,United Kingdom,350.9,13,0
13334.0,2011-09-18 15:21:00,2011-02-07 11:42:00,3,1764,United Kingdom,3502.32,81,0
13336.0,2011-09-23 14:05:00,2011-09-23 14:05:00,1,559,United Kingdom,795.12,76,0
13338.0,2011-07-05 09:06:00,2011-07-05 09:06:00,1,256,United Kingdom,487.02,157,0
13339.0,2011-05-23 08:31:00,2011-05-23 08:31:00,1,326,United Kingdom,860.12,200,1
13340.0,2011-10-25 13:15:00,2011-03-08 11:39:00,7,5770,United Kingdom,10736.48,44,0
13341.0,2011-03-24 09:50:00,2011-03-24 09:50:00,1,301,United Kingdom,775.85,260,1
13343.0,2011-06-15 12:24:00,2011-06-15 12:24:00,1,135,United Kingdom,353.43,177,0
13344.0,2011-10-03 09:45:00,2011-03-07 10:28:00,3,952,United Kingdom,2511.69,67,0
13345.0,2011-02-25 09:01:00,2011-02-25 09:01:00,1,141,United Kingdom,389.5,287,1
13347.0,2011-09-30 13:28:00,2011-09-30 13:28:00,1,205,United Kingdom,341.36,69,0
13348.0,2011-10-06 17:28:00,2011-10-06 17:28:00,1,136,United Kingdom,233.76,63,0
13349.0,2011-11-29 08:07:00,2011-11-29 08:07:00,1,225,United Kingdom,247.32,10,0
13350.0,2011-11-23 16:33:00,2011-09-21 13:33:00,2,287,United Kingdom,979.12,15,0
13351.0,2011-10-04 12:55:00,2011-10-04 12:55:00,1,117,United Kingdom,373.94,65,0
13352.0,2011-10-10 13:55:00,2011-10-10 13:55:00,1,321,United Kingdom,397.97999999999996,59,0
13354.0,2011-09-29 13:17:00,2011-09-29 13:17:00,1,604,United Kingdom,743.53,70,0
13355.0,2011-08-09 14:48:00,2011-08-09 14:48:00,1,314,United Kingdom,674.7,121,0
13356.0,2011-09-20 14:33:00,2011-09-20 14:33:00,1,325,United Kingdom,768.24,79,0
13357.0,2011-03-27 13:56:00,2011-03-27 13:56:00,1,321,United Kingdom,609.4,256,1
13358.0,2011-03-16 11:52:00,2011-03-16 11:52:00,1,285,United Kingdom,439.03,268,1
13359.0,2011-10-07 09:30:00,2011-10-07 09:30:00,1,161,United Kingdom,439.56,63,0
13362.0,2011-11-30 14:41:00,2011-02-25 11:33:00,4,1382,United Kingdom,3090.7400000000002,8,0
13363.0,2011-11-22 12:40:00,2011-10-27 10:46:00,2,710,United Kingdom,992.5,17,0
13364.0,2011-09-29 18:13:00,2011-09-29 18:13:00,1,71,United Kingdom,134.95999999999998,70,0
13365.0,2011-11-06 12:36:00,2011-05-06 12:00:00,2,1247,United Kingdom,2225.37,33,0
13366.0,2011-10-20 13:37:00,2011-10-20 13:37:00,1,144,United Kingdom,56.160000000000004,49,0
13368.0,2011-03-28 09:59:00,2011-01-06 12:32:00,2,327,United Kingdom,623.4,256,1
13369.0,2010-12-09 11:30:00,2010-12-09 11:30:00,1,149,United Kingdom,308.28000000000003,365,1
13370.0,2010-12-03 10:26:00,2010-12-03 10:26:00,1,343,United Kingdom,754.87,371,1
13372.0,2011-09-11 12:46:00,2011-09-11 12:46:00,1,159,United Kingdom,378.64,89,0
13373.0,2011-10-10 10:51:00,2011-03-08 14:35:00,3,1651,United Kingdom,3312.25,60,0
13375.0,2011-09-12 10:19:00,2011-09-12 10:19:00,1,442,United Kingdom,778.65,88,0
13376.0,2011-09-01 16:16:00,2011-04-19 13:03:00,3,493,United Kingdom,1019.76,98,0
13379.0,2011-11-13 13:45:00,2011-07-26 12:26:00,3,601,United Kingdom,572.56,25,0
13381.0,2011-11-08 11:58:00,2011-02-14 10:10:00,6,2029,United Kingdom,3639.31,31,0
13382.0,2011-03-04 10:03:00,2011-03-04 10:03:00,1,131,United Kingdom,222.99,280,1
13384.0,2011-11-09 11:04:00,2011-06-14 12:47:00,7,2422,United Kingdom,4151.93,30,0
13385.0,2011-01-14 09:52:00,2011-01-14 09:52:00,1,281,United Kingdom,534.57,329,1
13388.0,2011-07-31 12:52:00,2011-07-31 12:52:00,2,282,United Kingdom,677.1,130,0
13389.0,2011-11-28 14:01:00,2011-04-21 12:12:00,3,429,United Kingdom,797.96,10,0
13390.0,2011-09-26 08:38:00,2011-09-26 08:38:00,1,224,United Kingdom,544.08,74,0
13391.0,2011-05-20 10:50:00,2011-05-20 10:50:00,1,4,United Kingdom,59.8,203,1
13394.0,2011-12-08 11:36:00,2011-02-03 10:39:00,8,2392,United Kingdom,2520.02,1,0
13395.0,2011-06-07 15:04:00,2011-06-07 15:04:00,1,336,United Kingdom,307.72,184,1
13396.0,2011-11-10 16:59:00,2011-01-24 13:37:00,2,600,United Kingdom,1360.99,28,0
13397.0,2011-09-28 10:56:00,2011-01-04 13:50:00,5,430,United Kingdom,1544.13,72,0
13398.0,2011-05-31 13:17:00,2011-05-31 13:17:00,1,281,United Kingdom,457.34,191,1
13402.0,2011-08-04 15:51:00,2010-12-02 17:12:00,2,479,United Kingdom,621.23,126,0
13403.0,2011-11-22 08:28:00,2011-11-22 08:28:00,1,44,United Kingdom,75.0,17,0
13404.0,2011-12-08 15:37:00,2011-05-11 11:57:00,2,111,United Kingdom,252.49,0,0
13405.0,2011-09-26 17:01:00,2011-01-26 09:27:00,3,165,United Kingdom,572.451,73,0
13408.0,2011-12-08 09:05:00,2010-12-01 10:39:00,62,16232,United Kingdom,28117.04,1,0
13410.0,2011-11-15 15:33:00,2011-02-21 14:38:00,5,518,United Kingdom,1003.06,23,0
13411.0,2011-08-24 13:57:00,2011-08-24 13:57:00,1,72,United Kingdom,213.55,106,0
13414.0,2011-07-29 11:45:00,2011-02-16 12:13:00,3,1574,United Kingdom,1390.5,133,0
13416.0,2011-10-27 08:56:00,2011-09-19 14:43:00,2,142,United Kingdom,712.5,43,0
13417.0,2011-12-05 08:49:00,2011-05-18 16:26:00,2,162,United Kingdom,640.83,4,0
13418.0,2011-11-28 10:23:00,2010-12-02 10:45:00,18,3918,United Kingdom,6127.43,11,0
13419.0,2011-10-07 12:49:00,2011-10-07 12:49:00,1,275,United Kingdom,221.06,63,0
13420.0,2011-07-13 08:48:00,2011-06-22 11:35:00,2,101,United Kingdom,159.85,149,0
13421.0,2011-10-30 14:21:00,2011-02-22 15:46:00,2,1128,United Kingdom,1833.71,39,0
13422.0,2011-10-06 13:42:00,2011-10-06 13:42:00,1,1326,United Kingdom,2626.3,63,0
13425.0,2011-08-23 17:13:00,2011-02-18 08:34:00,3,1123,United Kingdom,1624.21,107,0
13426.0,2011-12-09 08:59:00,2010-12-15 12:43:00,10,2245,United Kingdom,3641.32,0,0
13427.0,2011-11-20 13:02:00,2011-05-08 15:58:00,3,545,United Kingdom,582.6,18,0
13428.0,2011-11-29 14:20:00,2011-11-29 14:20:00,1,151,United Kingdom,201.78,9,0
13429.0,2011-11-29 09:10:00,2011-09-25 15:59:00,4,1390,United Kingdom,1006.8,10,0
13430.0,2011-11-21 08:19:00,2011-09-14 14:26:00,2,751,United Kingdom,679.45,18,0
13431.0,2011-10-03 13:49:00,2011-09-12 11:25:00,2,672,United Kingdom,1269.1,66,0
13434.0,2011-09-26 14:30:00,2011-09-04 10:35:00,2,300,United Kingdom,534.24,73,0
13435.0,2011-12-04 14:45:00,2011-06-03 17:07:00,7,2129,United Kingdom,3809.8900000000003,4,0
13436.0,2011-12-08 10:33:00,2011-12-08 10:33:00,1,76,United Kingdom,196.89,1,0
13437.0,2011-11-25 14:00:00,2011-06-02 14:30:00,7,1283,United Kingdom,3408.06,13,0
13439.0,2011-03-29 14:20:00,2011-03-29 14:20:00,1,242,United Kingdom,283.71,254,1
13441.0,2011-09-09 09:38:00,2011-09-09 09:38:00,1,204,United Kingdom,296.64,91,0
13447.0,2011-11-16 13:38:00,2011-11-04 10:10:00,3,584,United Kingdom,1129.14,22,0
13448.0,2011-11-23 12:33:00,2010-12-01 10:52:00,6,1648,United Kingdom,3534.69,16,0
13449.0,2011-11-16 08:28:00,2011-11-16 08:28:00,1,222,United Kingdom,291.88,23,0
13450.0,2011-11-13 11:54:00,2011-05-05 19:48:00,6,1982,United Kingdom,2043.7199999999998,26,0
13451.0,2011-11-13 15:58:00,2011-01-09 15:35:00,5,2128,United Kingdom,2898.2599999999998,25,0
13452.0,2011-03-25 14:19:00,2011-03-14 11:38:00,2,2,United Kingdom,590.0,258,1
13453.0,2011-06-27 09:34:00,2011-02-23 09:44:00,2,134,United Kingdom,356.97999999999996,165,0
13455.0,2011-11-15 11:21:00,2010-12-08 13:11:00,2,354,United Kingdom,1058.34,24,0
13456.0,2011-11-22 09:18:00,2011-05-16 15:34:00,6,765,United Kingdom,1766.72,17,0
13458.0,2011-12-02 15:29:00,2010-12-15 12:05:00,14,5508,United Kingdom,9646.57,6,0
13460.0,2011-11-10 17:17:00,2011-10-21 09:50:00,2,286,United Kingdom,183.44,28,0
13461.0,2011-11-01 09:01:00,2011-06-29 10:23:00,3,1170,United Kingdom,1445.0,38,0
13462.0,2011-04-01 11:20:00,2011-04-01 11:20:00,1,62,United Kingdom,151.5,252,1
13464.0,2011-10-12 15:01:00,2011-10-12 15:01:00,1,403,United Kingdom,674.68,57,0
13466.0,2011-06-08 16:39:00,2011-06-08 16:39:00,1,259,United Kingdom,307.9,183,1
13467.0,2011-11-29 10:01:00,2011-11-03 16:56:00,2,580,United Kingdom,1071.91,10,0
13468.0,2011-12-08 10:39:00,2010-12-01 15:08:00,37,2589,United Kingdom,5704.97,1,0
13470.0,2011-09-01 14:57:00,2011-08-16 17:06:00,2,100,United Kingdom,165.0,98,0
13471.0,2011-12-08 15:44:00,2011-10-23 13:10:00,4,1583,United Kingdom,2501.84,0,0
13473.0,2011-10-10 11:20:00,2011-01-11 08:45:00,2,266,United Kingdom,422.64,60,0
13474.0,2011-04-17 13:53:00,2011-04-17 13:53:00,1,129,United Kingdom,226.84,235,1
13475.0,2011-06-01 13:52:00,2011-02-14 12:36:00,4,1012,United Kingdom,1431.78,190,1
13476.0,2011-06-14 12:00:00,2011-03-03 14:43:00,2,417,United Kingdom,1238.47,178,0
13477.0,2011-11-02 12:04:00,2011-02-21 12:29:00,6,1021,United Kingdom,1454.58,37,0
13479.0,2011-05-23 10:45:00,2011-04-19 11:27:00,2,134,United Kingdom,300.95,200,1
13481.0,2011-10-25 09:07:00,2011-03-28 09:07:00,5,1142,United Kingdom,1804.56,45,0
13482.0,2011-04-21 17:03:00,2011-04-21 17:03:00,1,116,United Kingdom,184.64,231,1
13483.0,2011-10-05 11:53:00,2011-10-05 11:53:00,1,160,United Kingdom,140.34,65,0
13484.0,2011-04-12 16:30:00,2011-04-12 16:30:00,1,44,United Kingdom,313.8,240,1
13485.0,2011-04-20 13:58:00,2011-04-20 13:58:00,1,277,United Kingdom,454.24,232,1
13486.0,2011-09-22 13:13:00,2011-07-07 17:19:00,3,669,United Kingdom,1122.41,77,0
13487.0,2011-10-13 12:07:00,2010-12-21 14:54:00,3,265,United Kingdom,575.4,57,0
13488.0,2011-11-22 14:41:00,2010-12-07 13:01:00,13,4518,United Kingdom,8968.31,16,0
13489.0,2011-08-26 13:16:00,2011-02-18 10:42:00,4,560,United Kingdom,449.52,104,0
13491.0,2011-10-19 08:32:00,2010-12-02 14:30:00,10,903,United Kingdom,1215.82,51,0
13492.0,2011-07-26 14:25:00,2011-05-09 10:06:00,3,408,Switzerland,1269.84,135,0
13493.0,2011-03-09 15:35:00,2011-02-25 16:42:00,2,380,Switzerland,618.63,274,1
13494.0,2011-02-01 11:58:00,2011-02-01 11:58:00,1,162,United Kingdom,316.26000000000005,311,1
13495.0,2011-12-02 11:21:00,2010-12-06 15:14:00,5,829,United Kingdom,2044.8700000000001,7,0
13496.0,2011-11-29 10:58:00,2010-12-15 10:17:00,2,341,United Kingdom,653.33,10,0
13497.0,2011-03-02 09:04:00,2010-12-06 11:37:00,2,163,United Kingdom,348.05,282,1
13499.0,2011-11-22 11:21:00,2011-03-15 08:52:00,5,1365,United Kingdom,1159.11,17,0
13500.0,2011-11-16 15:35:00,2011-08-09 12:20:00,3,609,United Kingdom,1166.77,22,0
13501.0,2011-02-24 18:59:00,2011-02-24 18:59:00,1,560,Switzerland,1340.32,287,1
13502.0,2011-11-23 10:39:00,2011-01-20 09:03:00,3,264,United Kingdom,292.0,16,0
13503.0,2011-09-29 13:23:00,2011-09-29 13:23:00,1,248,United Kingdom,216.85,70,0
13504.0,2011-10-06 13:20:00,2011-10-06 13:20:00,1,178,United Kingdom,295.93,63,0
13505.0,2011-09-28 11:56:00,2011-04-21 12:07:00,4,2486,Switzerland,4393.63,72,0
13506.0,2011-01-27 13:53:00,2010-12-05 12:15:00,2,324,United Kingdom,458.52,315,1
13507.0,2011-12-06 13:13:00,2011-07-17 11:50:00,4,1597,United Kingdom,2479.16,2,0
13508.0,2011-04-10 11:58:00,2011-04-10 11:58:00,1,24,United Kingdom,110.97,243,1
13509.0,2011-12-01 10:10:00,2011-02-28 13:27:00,7,1106,United Kingdom,979.72,8,0
13510.0,2011-12-08 13:46:00,2011-06-09 09:32:00,4,1386,United Kingdom,1791.56,0,0
13512.0,2011-03-24 10:03:00,2011-03-24 10:03:00,1,143,United Kingdom,251.21,260,1
13513.0,2011-08-05 11:50:00,2011-08-05 11:50:00,1,109,United Kingdom,205.1,126,0
13514.0,2011-09-27 09:39:00,2011-09-27 09:39:00,1,40,United Kingdom,152.20000000000002,73,0
13515.0,2011-09-28 11:26:00,2011-04-06 10:33:00,4,681,United Kingdom,891.12,72,0
13516.0,2011-11-18 13:15:00,2011-04-15 11:06:00,3,985,United Kingdom,1389.41,20,0
13517.0,2011-10-11 11:43:00,2011-06-13 08:44:00,3,1369,United Kingdom,2128.42,59,0
13518.0,2011-09-15 10:29:00,2011-09-15 10:29:00,1,382,United Kingdom,627.16,85,0
13519.0,2011-09-22 18:24:00,2011-09-22 18:24:00,1,23,United Kingdom,122.75,77,0
13520.0,2011-10-12 10:20:00,2010-12-03 10:36:00,6,1649,Switzerland,3624.35,58,0
13521.0,2011-12-08 13:50:00,2011-11-29 15:09:00,3,718,United Kingdom,1071.73,0,0
13522.0,2011-11-09 15:11:00,2011-11-09 15:11:00,1,44,United Kingdom,125.80000000000001,29,0
13523.0,2011-11-06 15:11:00,2010-12-08 14:22:00,5,1752,United Kingdom,3964.88,32,0
13524.0,2011-10-30 12:34:00,2011-05-04 12:26:00,5,324,United Kingdom,680.1800000000001,40,0
13525.0,2011-11-25 12:01:00,2011-04-05 15:36:00,2,394,United Kingdom,628.78,14,0
13527.0,2011-11-06 12:04:00,2011-01-17 11:17:00,7,1683,United Kingdom,2242.36,33,0
13529.0,2011-09-22 09:15:00,2011-05-19 11:50:00,2,74,United Kingdom,307.76,78,0
13531.0,2011-05-18 16:56:00,2010-12-08 15:03:00,2,174,United Kingdom,483.8,204,1
13532.0,2011-11-06 12:25:00,2011-11-06 12:25:00,1,129,United Kingdom,210.31,33,0
13533.0,2011-06-10 11:54:00,2011-03-17 12:47:00,3,202,United Kingdom,269.09,182,1
13534.0,2011-12-07 14:52:00,2010-12-16 15:23:00,25,2961,United Kingdom,5870.08,1,0
13536.0,2011-12-08 16:38:00,2011-09-25 13:30:00,7,2126,United Kingdom,3444.39,0,0
13538.0,2011-10-27 16:34:00,2011-01-28 10:40:00,7,175,United Kingdom,1280.85,42,0
13539.0,2011-09-15 10:18:00,2011-02-03 15:23:00,3,320,United Kingdom,631.34,85,0
13544.0,2011-10-31 11:57:00,2011-04-13 12:09:00,2,112,United Kingdom,276.06,39,0
13546.0,2011-11-27 14:50:00,2011-05-23 12:14:00,3,357,United Kingdom,621.09,11,0
13548.0,2011-09-04 14:50:00,2011-04-10 11:35:00,2,436,United Kingdom,678.16,95,0
13549.0,2011-11-14 09:20:00,2011-04-11 13:42:00,7,458,United Kingdom,918.2,25,0
13551.0,2011-01-24 14:46:00,2011-01-24 14:46:00,1,12,United Kingdom,91.80000000000001,318,1
13552.0,2011-10-04 15:19:00,2011-01-28 10:10:00,12,1417,United Kingdom,3740.07,65,0
13555.0,2011-09-27 12:36:00,2011-05-22 11:06:00,4,2636,United Kingdom,4098.88,73,0
13557.0,2011-11-11 15:24:00,2011-03-04 12:14:00,2,546,United Kingdom,584.06,27,0
13558.0,2011-12-04 11:24:00,2011-10-02 13:01:00,4,338,United Kingdom,594.52,5,0
13560.0,2011-12-02 13:11:00,2011-12-02 13:11:00,1,63,United Kingdom,171.42000000000002,6,0
13561.0,2011-05-08 12:39:00,2011-05-08 12:39:00,1,83,United Kingdom,141.85999999999999,215,1
13562.0,2011-09-19 10:51:00,2011-04-08 12:42:00,3,757,United Kingdom,1799.33,81,0
13563.0,2011-09-16 14:45:00,2011-07-22 17:21:00,2,209,United Kingdom,777.53,83,0
13564.0,2011-07-18 14:33:00,2010-12-06 17:26:00,3,636,United Kingdom,1724.67,143,0
13565.0,2011-11-20 14:33:00,2011-01-09 14:28:00,2,172,United Kingdom,240.22,18,0
13566.0,2011-10-30 11:59:00,2011-09-18 12:40:00,2,567,United Kingdom,856.84,40,0
13568.0,2011-06-19 14:42:00,2011-06-19 14:42:00,1,66,United Kingdom,187.05,172,0
13569.0,2011-11-22 13:07:00,2010-12-07 12:29:00,2,156,United Kingdom,338.62,16,0
13570.0,2011-04-10 13:36:00,2011-04-10 13:36:00,1,161,United Kingdom,239.49,242,1
13571.0,2011-11-27 10:47:00,2011-03-31 12:43:00,12,1757,United Kingdom,2088.94,12,0
13572.0,2011-05-18 11:59:00,2011-05-18 11:59:00,1,534,United Kingdom,1384.25,205,1
13573.0,2011-10-20 14:33:00,2011-03-31 14:47:00,2,302,United Kingdom,290.25,49,0
13575.0,2011-11-16 13:14:00,2011-06-16 14:24:00,5,449,United Kingdom,732.0699999999999,22,0
13576.0,2011-11-29 15:34:00,2010-12-01 17:24:00,18,2646,United Kingdom,6717.34,9,0
13577.0,2011-11-14 15:19:00,2011-04-12 10:33:00,4,791,United Kingdom,1687.6000000000001,24,0
13579.0,2011-11-25 08:41:00,2010-12-05 16:10:00,2,176,United Kingdom,467.04,14,0
13581.0,2011-02-03 14:41:00,2011-02-03 14:41:00,1,30,United Kingdom,118.0,308,1
13583.0,2011-07-07 10:40:00,2011-07-07 10:40:00,1,725,United Kingdom,781.03,155,0
13584.0,2011-02-06 12:49:00,2011-02-06 12:49:00,1,37,United Kingdom,142.4,306,1
13587.0,2011-10-07 12:31:00,2011-10-07 12:31:00,1,180,United Kingdom,712.4,63,0
13588.0,2011-11-24 10:42:00,2011-03-29 15:53:00,9,2606,United Kingdom,2478.95,15,0
13589.0,2011-11-25 12:10:00,2011-06-13 12:44:00,2,114,United Kingdom,379.65,14,0
13590.0,2011-11-28 12:54:00,2011-02-09 13:25:00,6,1848,United Kingdom,1981.92,10,0
13591.0,2011-10-06 12:26:00,2011-03-18 12:18:00,3,485,United Kingdom,1117.13,64,0
13592.0,2011-11-04 09:49:00,2011-03-20 14:01:00,4,84,United Kingdom,247.95999999999998,35,0
13593.0,2011-08-23 13:35:00,2011-01-07 16:32:00,5,719,United Kingdom,2011.88,107,0
13594.0,2011-10-18 10:19:00,2011-10-18 10:19:00,1,359,United Kingdom,396.97,52,0
13596.0,2011-12-04 12:01:00,2011-11-27 11:57:00,2,384,United Kingdom,664.11,5,0
13598.0,2011-10-23 14:28:00,2011-10-23 14:28:00,1,52,United Kingdom,160.04,46,0
13599.0,2011-12-08 16:10:00,2010-12-08 10:11:00,21,3293,United Kingdom,5149.92,0,0
13600.0,2011-01-31 15:27:00,2011-01-31 15:27:00,1,324,United Kingdom,219.52,311,1
13601.0,2011-10-25 17:31:00,2011-05-12 16:52:00,2,548,United Kingdom,693.32,44,0
13602.0,2011-10-06 11:47:00,2011-10-06 11:47:00,1,267,United Kingdom,428.89,64,0
13603.0,2011-11-13 15:57:00,2011-11-13 15:57:00,1,164,United Kingdom,164.34,25,0
13606.0,2011-11-10 17:46:00,2011-02-01 11:42:00,3,276,United Kingdom,276.75,28,0
13607.0,2011-10-30 16:17:00,2011-10-30 16:17:00,1,288,United Kingdom,675.51,39,0
13610.0,2011-11-27 15:38:00,2011-02-27 14:44:00,7,488,United Kingdom,1082.33,11,0
13611.0,2011-09-11 14:51:00,2010-12-15 10:31:00,3,754,United Kingdom,1154.4,88,0
13614.0,2011-11-15 14:47:00,2011-01-13 12:37:00,4,564,United Kingdom,1585.46,23,0
13615.0,2011-01-25 08:21:00,2011-01-25 08:21:00,1,189,United Kingdom,417.69,318,1
13617.0,2011-10-30 13:50:00,2011-06-12 12:55:00,3,300,United Kingdom,544.18,39,0
13618.0,2011-06-19 11:09:00,2011-06-19 11:09:00,1,246,United Kingdom,177.34,173,0
13621.0,2011-08-15 08:26:00,2011-08-15 08:26:00,1,343,United Kingdom,213.85,116,0
13623.0,2011-11-09 12:00:00,2011-02-15 13:08:00,5,286,United Kingdom,727.74,30,0
13626.0,2011-04-01 10:05:00,2011-04-01 10:05:00,1,209,United Kingdom,257.23,252,1
13627.0,2011-10-11 14:20:00,2010-12-17 09:52:00,5,1269,United Kingdom,1638.47,58,0
13629.0,2011-11-16 13:21:00,2011-01-05 12:09:00,11,4372,United Kingdom,7792.36,22,0
13630.0,2011-12-04 15:16:00,2011-02-27 12:49:00,7,1391,United Kingdom,2031.78,4,0
13631.0,2011-09-01 09:57:00,2011-03-17 17:13:00,11,467,United Kingdom,3070.42,99,0
13632.0,2011-11-15 10:51:00,2011-04-10 15:07:00,5,1031,United Kingdom,2118.93,24,0
13634.0,2011-11-06 13:40:00,2011-01-16 15:30:00,5,700,United Kingdom,1547.3600000000001,32,0
13635.0,2011-10-03 10:55:00,2011-10-03 10:55:00,1,677,United Kingdom,1071.03,67,0
13636.0,2011-11-03 10:30:00,2011-02-27 14:29:00,5,592,United Kingdom,949.12,36,0
13637.0,2011-10-18 13:32:00,2011-04-27 13:06:00,3,405,United Kingdom,804.3,51,0
13638.0,2011-11-24 10:38:00,2011-11-24 10:38:00,1,93,United Kingdom,122.64,15,0
13639.0,2011-09-26 13:36:00,2011-09-26 13:36:00,1,800,United Kingdom,1033.34,73,0
13642.0,2011-05-08 12:34:00,2011-05-08 12:34:00,1,151,United Kingdom,312.28,215,1
13643.0,2011-11-08 15:37:00,2011-06-07 11:40:00,3,273,United Kingdom,519.44,30,0
13644.0,2011-11-23 14:07:00,2011-08-26 11:53:00,4,2067,United Kingdom,2624.26,15,0
13645.0,2011-08-11 16:11:00,2011-08-11 16:11:00,1,158,United Kingdom,252.1,119,0
13647.0,2011-11-30 12:00:00,2011-04-19 09:49:00,4,887,United Kingdom,1648.1200000000001,9,0
13649.0,2011-03-28 11:51:00,2010-12-08 14:46:00,2,139,United Kingdom,346.6,256,1
13650.0,2011-11-23 12:22:00,2011-03-17 12:37:00,6,922,United Kingdom,1836.34,16,0
13651.0,2011-11-04 14:59:00,2011-10-31 12:11:00,2,33,United Kingdom,94.2,34,0
13652.0,2011-10-25 08:51:00,2010-12-06 09:21:00,3,578,United Kingdom,1095.08,45,0
13654.0,2011-10-27 16:24:00,2011-03-11 12:54:00,6,2182,United Kingdom,2707.33,42,0
13655.0,2011-08-17 14:25:00,2011-04-12 09:53:00,2,605,United Kingdom,932.97,113,0
13656.0,2011-06-28 10:31:00,2011-01-06 15:42:00,2,490,United Kingdom,379.65,164,0
13657.0,2011-11-29 12:32:00,2011-05-22 12:35:00,2,209,United Kingdom,382.14,10,0
13658.0,2011-11-30 10:13:00,2011-05-19 17:15:00,5,1019,United Kingdom,2639.17,9,0
13659.0,2011-05-18 12:37:00,2011-01-23 12:08:00,2,882,United Kingdom,1563.0,205,1
13662.0,2011-09-15 12:04:00,2011-03-25 13:23:00,3,533,United Kingdom,881.26,85,0
13663.0,2011-06-13 15:44:00,2011-06-13 15:44:00,1,91,United Kingdom,189.47,178,0
13666.0,2011-10-10 15:39:00,2011-02-25 13:05:00,3,41,United Kingdom,84.65,59,0
13667.0,2011-07-13 15:42:00,2011-07-13 15:42:00,1,149,United Kingdom,299.05,148,0
13668.0,2011-12-07 12:11:00,2010-12-12 12:35:00,21,3722,United Kingdom,6309.83,2,0
13669.0,2011-10-20 09:32:00,2011-07-13 11:44:00,2,237,United Kingdom,218.55,50,0
13670.0,2011-09-25 15:25:00,2011-09-25 15:25:00,1,282,United Kingdom,349.7,74,0
13672.0,2011-02-11 13:53:00,2011-01-11 13:54:00,2,57,United Kingdom,186.39000000000001,300,1
13673.0,2011-11-21 12:11:00,2011-11-07 15:40:00,2,114,United Kingdom,387.44,18,0
13675.0,2011-07-11 12:57:00,2011-02-28 12:14:00,2,330,United Kingdom,486.82000000000005,150,0
13678.0,2011-07-11 10:14:00,2011-07-11 10:14:00,1,924,United Kingdom,232.6,151,0
13680.0,2011-12-08 13:47:00,2011-01-04 14:12:00,4,1934,United Kingdom,3719.12,0,0
13681.0,2011-11-22 11:13:00,2011-07-07 15:21:00,4,360,United Kingdom,827.83,17,0
13682.0,2011-06-05 14:06:00,2011-06-05 14:06:00,1,10,United Kingdom,59.5,186,1
13684.0,2011-02-27 10:13:00,2011-02-27 10:13:00,1,38,United Kingdom,65.13,285,1
13685.0,2011-12-07 11:41:00,2011-10-10 12:59:00,7,5056,United Kingdom,3119.44,2,0
13686.0,2011-06-10 09:10:00,2011-06-10 09:10:00,1,70,United Kingdom,72.0,182,1
13689.0,2011-10-07 13:21:00,2011-10-07 13:21:00,1,512,United Kingdom,910.0,62,0
13690.0,2011-10-11 15:03:00,2011-10-11 15:03:00,1,67,United Kingdom,172.25,58,0
13692.0,2011-11-15 11:17:00,2011-04-17 12:57:00,3,1226,United Kingdom,1488.32,24,0
13694.0,2011-12-06 09:32:00,2010-12-01 12:12:00,50,63312,United Kingdom,65039.62,3,0
13695.0,2011-11-08 14:26:00,2011-03-25 11:31:00,15,1603,United Kingdom,2504.13,30,0
13697.0,2011-11-01 09:14:00,2011-11-01 09:14:00,1,177,United Kingdom,151.29999999999998,38,0
13699.0,2011-07-07 16:51:00,2011-07-07 16:51:00,1,66,United Kingdom,308.58000000000004,154,0
13700.0,2011-11-13 13:00:00,2011-01-16 13:18:00,10,2281,United Kingdom,2248.63,25,0
13703.0,2011-01-25 13:10:00,2011-01-25 13:10:00,1,10,United Kingdom,99.5,317,1
13704.0,2011-12-04 15:13:00,2011-09-12 14:40:00,9,1531,United Kingdom,2308.06,4,0
13705.0,2011-12-02 12:32:00,2010-12-01 10:29:00,3,363,United Kingdom,711.86,7,0
13706.0,2011-02-10 09:21:00,2011-02-10 09:21:00,1,189,United Kingdom,330.79,302,1
13707.0,2011-03-17 18:03:00,2011-01-28 13:27:00,2,351,United Kingdom,806.41,266,1
13708.0,2011-03-13 13:46:00,2011-03-13 13:46:00,1,301,United Kingdom,285.33,270,1
13709.0,2011-12-06 10:28:00,2011-01-28 14:57:00,13,3508,United Kingdom,6307.650000000001,3,0
13710.0,2011-11-08 08:16:00,2011-11-08 08:16:00,1,176,United Kingdom,180.48,31,0
13711.0,2011-05-05 10:31:00,2011-05-05 10:29:00,2,140,United Kingdom,252.06,218,1
13712.0,2011-04-07 12:33:00,2011-04-07 12:33:00,1,352,United Kingdom,228.84,246,1
13715.0,2011-03-03 19:21:00,2010-12-02 08:52:00,5,562,United Kingdom,1077.39,280,1
13716.0,2011-03-15 13:49:00,2011-03-15 13:49:00,1,138,United Kingdom,138.28,268,1
13717.0,2011-11-07 14:13:00,2011-02-14 13:21:00,6,1959,United Kingdom,1445.01,31,0
13718.0,2011-04-07 13:24:00,2011-02-17 11:58:00,2,173,United Kingdom,306.55,245,1
13719.0,2011-11-24 15:26:00,2011-04-19 13:56:00,5,609,United Kingdom,1041.68,14,0
13720.0,2011-08-15 12:46:00,2011-03-30 09:17:00,4,501,United Kingdom,799.9,116,0
13721.0,2011-11-03 14:05:00,2011-11-03 14:05:00,1,316,United Kingdom,524.14,35,0
13722.0,2011-07-31 12:44:00,2011-03-02 11:43:00,3,1401,United Kingdom,2375.41,131,0
13723.0,2011-05-06 17:04:00,2011-05-06 17:04:00,1,43,United Kingdom,199.85000000000002,216,1
13725.0,2011-10-21 10:03:00,2011-02-04 12:18:00,8,806,United Kingdom,1980.56,49,0
13726.0,2011-11-01 10:49:00,2011-08-31 11:06:00,2,1054,United Kingdom,1079.6599999999999,38,0
13727.0,2011-11-11 09:46:00,2011-11-06 12:16:00,2,162,United Kingdom,333.48,28,0
13728.0,2011-11-03 10:49:00,2011-02-02 12:09:00,6,458,United Kingdom,1016.14,36,0
13730.0,2011-07-27 08:35:00,2011-07-01 12:47:00,2,488,United Kingdom,752.6,135,0
13731.0,2011-05-04 14:33:00,2011-04-07 10:10:00,2,278,United Kingdom,610.59,218,1
13732.0,2011-11-11 15:49:00,2011-11-11 15:49:00,1,498,United Kingdom,491.86,27,0
13735.0,2011-11-15 11:14:00,2011-04-19 13:49:00,4,1128,United Kingdom,2883.54,24,0
13736.0,2011-12-04 15:19:00,2011-03-24 13:04:00,2,496,United Kingdom,729.8,4,0
13737.0,2011-05-23 16:32:00,2011-05-23 16:32:00,1,125,United Kingdom,339.59999999999997,199,1
13739.0,2011-11-21 13:35:00,2011-11-21 13:35:00,1,54,United Kingdom,216.9,17,0
13740.0,2011-04-13 10:32:00,2011-04-13 10:32:00,1,425,United Kingdom,350.75,240,1
13741.0,2011-09-29 09:19:00,2011-05-06 13:43:00,3,218,United Kingdom,668.4300000000001,71,0
13742.0,2011-11-23 11:07:00,2011-01-23 14:59:00,12,1115,United Kingdom,3107.87,16,0
13743.0,2011-12-07 10:09:00,2011-03-25 14:46:00,7,1776,United Kingdom,1341.6,2,0
13744.0,2011-09-05 15:19:00,2011-02-20 14:08:00,2,1153,United Kingdom,1080.52,94,0
13745.0,2011-06-30 16:43:00,2011-06-30 16:43:00,1,496,United Kingdom,300.04,161,0
13747.0,2010-12-01 10:37:00,2010-12-01 10:37:00,1,8,United Kingdom,79.6,373,1
13748.0,2011-09-05 09:45:00,2010-12-01 09:00:00,5,439,United Kingdom,948.25,95,0
13750.0,2011-10-17 12:16:00,2011-01-07 11:49:00,5,516,United Kingdom,1647.26,53,0
13751.0,2011-02-24 15:56:00,2011-02-24 15:56:00,1,152,United Kingdom,296.25,287,1
13752.0,2011-08-07 14:16:00,2011-04-07 12:04:00,6,874,United Kingdom,1175.38,123,0
13753.0,2011-02-25 12:48:00,2011-02-25 12:48:00,1,512,United Kingdom,741.26,287,1
13754.0,2011-07-11 11:51:00,2011-01-26 14:58:00,2,214,United Kingdom,282.59999999999997,151,0
13755.0,2011-12-06 12:26:00,2011-10-07 15:45:00,9,1242,United Kingdom,2108.06,3,0
13756.0,2011-12-07 16:44:00,2010-12-07 11:41:00,14,3188,United Kingdom,5189.52,1,0
13758.0,2011-11-28 11:11:00,2010-12-01 12:08:00,7,1844,United Kingdom,3190.55,11,0
13759.0,2011-11-06 14:47:00,2011-09-29 15:40:00,2,287,United Kingdom,659.4100000000001,32,0
13760.0,2011-10-16 16:13:00,2011-03-28 12:52:00,2,197,United Kingdom,286.79,53,0
13761.0,2011-10-20 14:01:00,2011-06-13 08:43:00,2,642,United Kingdom,1070.65,49,0
13762.0,2011-05-05 09:15:00,2011-05-05 09:15:00,1,272,United Kingdom,306.72,218,1
13763.0,2011-10-07 15:13:00,2011-10-07 15:13:00,1,728,United Kingdom,1714.96,62,0
13764.0,2011-09-30 12:03:00,2011-01-06 14:53:00,3,926,United Kingdom,1519.42,70,0
13767.0,2011-12-07 15:00:00,2010-12-01 10:47:00,37,7322,United Kingdom,17220.36,1,0
13769.0,2011-12-07 15:08:00,2010-12-07 13:28:00,10,1163,United Kingdom,2796.51,1,0
13771.0,2011-10-06 14:18:00,2011-04-06 15:47:00,4,1477,United Kingdom,2634.45,63,0
13772.0,2011-11-06 11:43:00,2011-04-14 12:31:00,3,540,United Kingdom,1122.63,33,0
13774.0,2011-09-19 12:06:00,2011-09-19 12:06:00,1,192,United Kingdom,345.0,81,0
13777.0,2011-12-09 12:25:00,2010-12-01 16:01:00,33,12897,United Kingdom,25977.16,0,0
13778.0,2011-08-28 15:25:00,2011-08-28 15:25:00,1,70,United Kingdom,178.7,102,0
13780.0,2011-12-02 13:49:00,2011-06-22 11:43:00,2,318,United Kingdom,360.01,6,0
13781.0,2011-04-03 12:08:00,2011-04-03 12:08:00,1,30,United Kingdom,127.84,250,1
13782.0,2011-11-27 11:54:00,2011-01-16 11:08:00,6,369,United Kingdom,908.86,12,0
13784.0,2011-11-30 09:33:00,2011-01-11 14:38:00,11,2493,United Kingdom,2462.79,9,0
13786.0,2010-12-07 13:53:00,2010-12-07 13:53:00,1,136,United Kingdom,230.39999999999998,366,1
13787.0,2011-09-25 12:06:00,2010-12-10 14:45:00,2,337,United Kingdom,309.04,75,0
13790.0,2011-12-05 15:48:00,2011-12-05 15:48:00,1,748,United Kingdom,348.8,3,0
13791.0,2011-08-04 11:44:00,2011-06-24 16:38:00,2,1200,United Kingdom,1516.0,127,0
13792.0,2011-10-04 14:31:00,2011-02-25 14:03:00,2,92,United Kingdom,195.55,65,0
13798.0,2011-12-08 15:51:00,2010-12-02 17:24:00,57,23948,United Kingdom,37153.85,0,0
13799.0,2011-08-15 12:07:00,2011-02-18 14:18:00,2,402,United Kingdom,688.86,116,0
13800.0,2011-02-03 12:27:00,2011-02-03 12:27:00,1,331,United Kingdom,558.32,309,1
13801.0,2011-10-04 10:15:00,2011-10-04 10:15:00,1,168,United Kingdom,324.8,66,0
13802.0,2011-07-24 10:54:00,2011-02-01 12:03:00,3,2572,United Kingdom,4599.42,138,0
13803.0,2011-03-29 12:57:00,2011-03-29 12:57:00,1,121,United Kingdom,277.07,254,1
13804.0,2011-11-09 12:32:00,2011-02-23 09:09:00,7,1462,United Kingdom,2588.39,30,0
13805.0,2011-10-18 14:50:00,2011-08-02 15:29:00,2,1900,United Kingdom,924.6,51,0
13806.0,2011-10-07 11:43:00,2011-10-07 11:43:00,1,56,United Kingdom,256.38,63,0
13807.0,2010-12-07 15:48:00,2010-12-07 15:48:00,1,36,United Kingdom,112.6,366,1
13808.0,2011-12-04 12:18:00,2011-09-04 12:07:00,5,782,United Kingdom,1747.66,5,0
13809.0,2011-02-07 13:15:00,2011-02-07 13:15:00,1,29,Cyprus,155.05,304,1
13810.0,2011-11-11 08:33:00,2011-10-14 12:57:00,3,312,Germany,1499.01,28,0
13811.0,2011-06-09 09:54:00,2011-04-14 18:40:00,3,68,Germany,814.5,183,1
13812.0,2011-10-28 14:27:00,2011-08-26 12:54:00,3,333,Germany,539.0,41,0
13813.0,2011-10-31 10:38:00,2011-07-28 10:33:00,4,552,Germany,1366.8600000000001,39,0
13814.0,2011-09-08 13:48:00,2011-07-25 13:54:00,2,864,Germany,1579.12,91,0
13815.0,2011-11-17 14:19:00,2011-01-25 12:16:00,4,2560,Germany,4027.36,21,0
13816.0,2011-11-16 08:38:00,2011-10-06 14:37:00,2,269,Germany,571.6700000000001,23,0
13817.0,2011-11-10 17:49:00,2010-12-23 11:46:00,2,211,Germany,382.98,28,0
13819.0,2011-02-11 10:38:00,2011-01-24 10:38:00,3,1109,United Kingdom,1140.35,301,1
13821.0,2011-07-18 09:49:00,2011-03-23 11:30:00,2,153,United Kingdom,385.64,144,0
13822.0,2011-12-04 12:13:00,2011-10-30 15:55:00,2,611,United Kingdom,632.0,5,0
13823.0,2011-11-21 10:22:00,2011-09-09 10:42:00,2,439,United Kingdom,957.66,18,0
13824.0,2011-11-07 12:41:00,2011-02-02 13:07:00,5,768,United Kingdom,1698.94,32,0
13826.0,2011-06-16 13:48:00,2011-06-16 13:48:00,1,82,United Kingdom,189.5,175,0
13827.0,2011-10-13 12:38:00,2011-07-19 15:38:00,3,138,United Kingdom,409.8,57,0
13828.0,2011-11-17 16:02:00,2011-11-17 16:02:00,1,311,United Kingdom,209.49,21,0
13831.0,2011-11-23 15:41:00,2010-12-05 12:13:00,6,743,United Kingdom,2198.45,15,0
13832.0,2011-11-20 15:36:00,2011-11-20 15:36:00,1,28,United Kingdom,52.199999999999996,18,0
13833.0,2011-07-03 13:27:00,2011-07-03 13:27:00,1,117,United Kingdom,383.85,158,0
13835.0,2011-11-14 15:37:00,2011-05-08 15:22:00,4,442,United Kingdom,834.57,24,0
13837.0,2011-05-12 12:10:00,2011-01-26 12:15:00,2,182,United Kingdom,266.59000000000003,211,1
13838.0,2011-12-04 11:00:00,2010-12-05 10:45:00,4,254,United Kingdom,674.82,5,0
13841.0,2011-04-01 12:10:00,2011-04-01 12:10:00,1,100,United Kingdom,85.0,252,1
13842.0,2011-10-12 10:51:00,2010-12-08 10:39:00,9,1768,United Kingdom,3385.62,58,0
13844.0,2011-11-28 13:21:00,2011-11-28 13:21:00,1,196,United Kingdom,361.62,10,0
13845.0,2011-10-06 08:25:00,2011-10-06 08:25:00,1,182,United Kingdom,312.98,64,0
13846.0,2011-11-15 12:07:00,2010-12-14 16:07:00,3,388,United Kingdom,865.0600000000001,24,0
13848.0,2011-09-08 12:58:00,2010-12-08 15:10:00,3,3700,United Kingdom,1255.0,91,0
13849.0,2011-10-19 10:59:00,2011-06-22 10:11:00,2,1016,United Kingdom,1537.95,51,0
13850.0,2011-08-02 14:04:00,2011-08-02 14:04:00,1,944,United Kingdom,1595.48,128,0
13851.0,2011-09-05 12:36:00,2011-02-24 17:18:00,3,1705,United Kingdom,2651.46,95,0
13853.0,2011-10-13 14:18:00,2011-10-13 14:18:00,1,312,United Kingdom,1090.14,56,0
13854.0,2011-12-01 09:06:00,2010-12-09 10:48:00,25,2296,United Kingdom,8109.5199999999995,8,0
13856.0,2011-06-24 10:03:00,2011-05-20 13:13:00,3,494,United Kingdom,388.5,168,0
13858.0,2011-10-13 16:17:00,2011-10-13 16:17:00,1,75,United Kingdom,216.17,56,0
13859.0,2011-01-17 16:14:00,2011-01-17 16:14:00,1,129,United Kingdom,201.16,325,1
13860.0,2011-12-08 12:57:00,2011-09-14 09:27:00,5,591,United Kingdom,1245.9,0,0
13862.0,2011-11-21 16:24:00,2011-01-11 15:13:00,8,1688,United Kingdom,2209.36,17,0
13863.0,2011-04-06 10:20:00,2011-04-06 10:20:00,1,224,United Kingdom,305.78,247,1
13865.0,2011-10-12 13:31:00,2011-02-23 12:04:00,4,204,United Kingdom,501.56,57,0
13866.0,2011-09-26 14:54:00,2011-09-26 14:54:00,1,57,United Kingdom,145.67000000000002,73,0
13867.0,2011-11-08 15:48:00,2011-05-05 17:28:00,3,501,United Kingdom,1005.09,30,0
13868.0,2011-12-02 16:32:00,2011-11-01 12:45:00,2,1964,United Kingdom,3192.54,6,0
13869.0,2011-08-08 13:53:00,2010-12-17 15:14:00,4,1709,United Kingdom,3083.65,122,0
13870.0,2011-12-07 13:23:00,2011-02-25 09:09:00,8,1325,United Kingdom,2770.94,1,0
13871.0,2011-11-17 10:49:00,2011-02-04 09:30:00,13,2806,United Kingdom,6403.25,22,0
13873.0,2011-08-12 10:08:00,2011-02-03 09:37:00,3,140,United Kingdom,389.6,119,0
13874.0,2010-12-16 18:20:00,2010-12-16 18:20:00,1,180,United Kingdom,540.45,357,1
13875.0,2011-10-17 09:36:00,2011-02-11 15:39:00,5,1316,United Kingdom,1786.79,53,0
13876.0,2011-10-07 10:22:00,2011-10-07 10:22:00,1,36,United Kingdom,122.7,63,0
13877.0,2011-09-14 15:49:00,2011-09-14 15:49:00,1,108,United Kingdom,117.24,85,0
13878.0,2011-10-16 12:19:00,2011-10-16 12:19:00,1,463,United Kingdom,1271.57,54,0
13880.0,2011-11-18 13:44:00,2010-12-07 14:00:00,13,1842,United Kingdom,3219.77,20,0
13881.0,2011-12-06 12:50:00,2011-02-01 10:14:00,20,10118,United Kingdom,17159.52,3,0
13882.0,2011-12-07 11:16:00,2011-10-06 15:28:00,5,953,United Kingdom,1191.13,2,0
13883.0,2011-11-29 10:45:00,2011-03-31 17:17:00,5,1436,United Kingdom,2674.48,10,0
13884.0,2011-12-02 16:30:00,2011-03-01 13:40:00,5,300,United Kingdom,787.6,6,0
13885.0,2011-06-03 15:07:00,2011-05-23 08:52:00,2,182,United Kingdom,506.8,188,1
13886.0,2011-09-29 13:17:00,2011-09-29 13:17:00,1,126,United Kingdom,243.56,70,0
13887.0,2011-05-19 17:22:00,2011-05-19 17:22:00,1,147,United Kingdom,349.55,203,1
13888.0,2011-08-12 10:13:00,2011-05-05 14:41:00,2,254,United Kingdom,595.67,119,0
13889.0,2011-09-08 09:13:00,2011-09-08 09:13:00,1,146,United Kingdom,416.90000000000003,92,0
13890.0,2011-12-08 15:36:00,2010-12-16 09:31:00,10,831,United Kingdom,1883.8100000000002,0,0
13892.0,2011-11-13 11:50:00,2011-04-07 12:04:00,4,983,United Kingdom,632.97,26,0
13893.0,2011-02-15 11:30:00,2011-02-15 11:30:00,1,190,United Kingdom,821.1,297,1
13894.0,2011-11-16 09:44:00,2011-02-02 12:54:00,3,354,United Kingdom,564.62,23,0
13895.0,2011-11-11 16:57:00,2011-06-28 10:17:00,4,1365,United Kingdom,2593.07,27,0
13897.0,2011-10-20 14:30:00,2011-10-20 14:30:00,1,200,United Kingdom,311.16,49,0
13898.0,2011-01-18 10:28:00,2011-01-18 10:28:00,1,133,United Kingdom,155.93,325,1
13899.0,2011-11-23 13:40:00,2011-03-10 09:30:00,2,156,United Kingdom,388.52,15,0
13900.0,2011-06-09 19:26:00,2011-03-22 10:13:00,3,430,United Kingdom,740.95,182,1
13901.0,2011-09-28 14:48:00,2011-01-25 09:01:00,5,1739,United Kingdom,2867.2,71,0
13904.0,2011-11-02 13:41:00,2011-02-18 11:18:00,2,332,United Kingdom,332.64,36,0
13908.0,2011-09-21 11:49:00,2011-03-08 12:04:00,4,1478,United Kingdom,2369.55,79,0
13911.0,2011-10-13 15:43:00,2011-02-04 14:46:00,9,2731,United Kingdom,2580.91,56,0
13914.0,2011-11-28 10:35:00,2011-11-03 16:28:00,2,380,United Kingdom,626.45,11,0
13917.0,2011-10-21 09:56:00,2011-06-01 12:46:00,2,228,United Kingdom,272.04,49,0
13918.0,2011-10-21 12:25:00,2011-03-31 18:05:00,2,1140,United Kingdom,1212.8400000000001,49,0
13919.0,2011-10-11 14:24:00,2011-08-10 10:15:00,2,474,Denmark,384.81,58,0
13922.0,2010-12-23 10:38:00,2010-12-23 10:38:00,1,93,United Kingdom,172.25,351,1
13923.0,2011-10-17 12:33:00,2011-10-17 12:33:00,1,185,United Kingdom,351.13,53,0
13924.0,2011-12-08 09:39:00,2011-09-28 15:07:00,6,1575,United Kingdom,1838.8500000000001,1,0
13925.0,2011-09-08 12:47:00,2011-07-28 12:09:00,4,331,United Kingdom,678.25,92,0
13926.0,2011-11-16 13:16:00,2011-11-16 13:16:00,1,104,United Kingdom,223.85000000000002,22,0
13927.0,2011-09-26 12:00:00,2011-09-26 12:00:00,1,214,United Kingdom,348.99,74,0
13928.0,2011-11-29 10:33:00,2011-07-29 15:59:00,4,129,United Kingdom,464.57,10,0
13929.0,2011-06-23 15:26:00,2011-01-17 15:11:00,2,143,United Kingdom,842.65,168,0
13930.0,2011-10-13 09:45:00,2011-07-26 11:00:00,2,274,United Kingdom,337.34,57,0
13931.0,2011-09-05 10:12:00,2011-03-04 08:43:00,2,725,United Kingdom,1237.53,95,0
13932.0,2011-02-18 12:02:00,2011-02-18 12:02:00,1,72,United Kingdom,307.4,294,1
13933.0,2011-08-22 14:03:00,2011-07-14 13:35:00,2,205,United Kingdom,608.7900000000001,108,0
13934.0,2011-03-21 08:39:00,2011-03-21 08:39:00,1,390,United Kingdom,922.1,263,1
13936.0,2011-06-13 08:47:00,2011-06-13 08:47:00,1,330,United Kingdom,376.58,179,0
13937.0,2011-06-23 16:35:00,2011-06-23 16:35:00,1,123,United Kingdom,158.85,168,0
13938.0,2011-11-04 14:37:00,2011-11-04 14:37:00,1,70,United Kingdom,71.66,34,0
13939.0,2011-11-16 13:33:00,2011-02-01 11:30:00,3,847,United Kingdom,568.55,22,0
13940.0,2011-11-22 15:15:00,2011-07-18 16:05:00,4,516,United Kingdom,839.14,16,0
13941.0,2011-11-18 09:43:00,2010-12-02 10:17:00,5,2364,United Kingdom,5112.96,21,0
13946.0,2011-09-21 13:33:00,2011-03-17 10:02:00,3,443,United Kingdom,561.5699999999999,78,0
13947.0,2011-10-05 14:42:00,2011-10-05 14:42:00,1,44,United Kingdom,90.6,64,0
13948.0,2010-12-14 10:18:00,2010-12-14 10:18:00,1,40,United Kingdom,102.0,360,1
13949.0,2011-12-07 09:35:00,2011-09-06 11:55:00,6,2474,United Kingdom,2427.32,2,0
13950.0,2011-11-28 14:44:00,2011-04-07 11:29:00,4,323,United Kingdom,745.06,10,0
13951.0,2011-06-16 16:43:00,2011-02-18 15:21:00,3,459,United Kingdom,674.45,175,0
13952.0,2011-05-06 09:00:00,2011-04-15 09:27:00,2,1431,United Kingdom,3251.071,217,1
13953.0,2011-12-02 16:04:00,2010-12-22 10:29:00,7,2724,United Kingdom,3515.68,6,0
13954.0,2011-12-08 12:50:00,2011-09-30 10:52:00,2,150,United Kingdom,439.92,1,0
13955.0,2011-07-08 17:19:00,2011-02-07 12:24:00,2,154,United Kingdom,322.96,153,0
13956.0,2011-12-04 13:20:00,2011-03-13 12:51:00,5,486,United Kingdom,1019.27,4,0
13959.0,2011-09-21 15:06:00,2010-12-12 13:56:00,3,355,United Kingdom,594.04,78,0
13960.0,2011-11-18 15:27:00,2011-09-29 12:39:00,2,142,United Kingdom,230.22,20,0
13962.0,2011-11-18 08:47:00,2011-04-08 11:21:00,2,87,United Kingdom,169.55,21,0
13963.0,2011-02-04 14:43:00,2010-12-07 09:21:00,4,460,United Kingdom,664.54,307,1
13967.0,2011-07-17 12:02:00,2011-07-17 12:02:00,1,42,United Kingdom,80.7,145,0
13969.0,2011-12-02 15:11:00,2010-12-09 19:32:00,18,4528,United Kingdom,9024.17,6,0
13971.0,2011-11-21 12:06:00,2011-02-27 12:27:00,8,1844,United Kingdom,2758.26,18,0
13972.0,2011-09-30 11:54:00,2011-05-22 11:34:00,2,187,United Kingdom,190.25,70,0
13973.0,2011-02-25 15:21:00,2011-02-25 15:21:00,1,109,United Kingdom,264.7,286,1
13974.0,2011-10-21 14:41:00,2011-10-21 14:41:00,1,249,United Kingdom,413.59000000000003,48,0
13975.0,2011-11-08 13:19:00,2011-03-08 12:19:00,6,1697,United Kingdom,2461.2400000000002,30,0
13976.0,2011-05-17 09:13:00,2011-05-17 09:13:00,1,154,United Kingdom,357.98,206,1
13978.0,2011-11-25 11:36:00,2011-10-25 15:04:00,2,315,United Kingdom,196.79000000000002,14,0
13979.0,2011-09-27 13:32:00,2011-09-27 13:32:00,1,639,United Kingdom,869.87,72,0
13980.0,2011-10-10 13:34:00,2011-10-10 13:34:00,1,172,United Kingdom,200.14,59,0
13982.0,2011-10-31 16:24:00,2010-12-09 13:57:00,4,1136,United Kingdom,1871.81,38,0
13983.0,2011-11-10 11:06:00,2010-12-08 10:38:00,12,1183,United Kingdom,2603.43,29,0
13984.0,2011-11-13 12:38:00,2010-12-08 15:58:00,5,679,United Kingdom,920.51,26,0
13985.0,2011-12-05 17:06:00,2011-03-20 13:48:00,15,3445,United Kingdom,7060.13,3,0
13986.0,2011-11-22 15:00:00,2011-11-22 15:00:00,1,430,United Kingdom,320.46,16,0
13988.0,2011-11-20 10:15:00,2011-03-30 11:48:00,6,3044,United Kingdom,4147.96,19,0
13989.0,2011-10-05 09:47:00,2011-04-14 15:39:00,2,1313,United Kingdom,1266.08,65,0
13990.0,2011-05-10 15:19:00,2011-05-10 15:19:00,1,190,United Kingdom,311.3,212,1
13991.0,2011-11-27 16:18:00,2011-07-19 12:58:00,6,995,United Kingdom,852.88,11,0
13992.0,2011-11-09 15:23:00,2011-11-09 15:23:00,1,64,United Kingdom,76.8,29,0
13993.0,2011-10-28 09:06:00,2011-01-13 10:43:00,9,900,United Kingdom,3466.36,42,0
13994.0,2011-12-06 11:05:00,2011-07-14 18:28:00,6,932,United Kingdom,2274.14,3,0
13995.0,2011-11-24 14:22:00,2011-04-08 08:20:00,5,879,United Kingdom,1393.69,14,0
13999.0,2011-11-29 13:40:00,2010-12-13 11:23:00,12,2243,United Kingdom,3901.81,9,0
14000.0,2011-05-12 16:50:00,2011-05-12 16:50:00,1,710,United Kingdom,635.66,210,1
14001.0,2011-10-25 10:31:00,2010-12-01 12:58:00,3,962,United Kingdom,2043.0800000000002,45,0
14002.0,2011-07-28 15:55:00,2011-07-06 14:59:00,2,877,United Kingdom,529.73,133,0
14004.0,2011-10-27 14:40:00,2011-02-24 09:28:00,7,2668,United Kingdom,4582.64,42,0
14005.0,2011-11-30 12:41:00,2011-05-08 10:33:00,5,2478,United Kingdom,2874.72,9,0
14006.0,2011-08-16 09:39:00,2011-01-31 15:11:00,3,641,United Kingdom,962.19,115,0
14009.0,2011-05-25 15:47:00,2011-05-18 13:00:00,2,365,United Kingdom,695.61,197,1
14012.0,2011-03-07 12:26:00,2011-03-07 12:26:00,1,160,United Kingdom,328.8,277,1
14013.0,2011-08-21 15:01:00,2011-03-09 08:59:00,3,462,United Kingdom,473.02,109,0
14014.0,2011-09-23 13:18:00,2011-09-23 13:18:00,1,1076,United Kingdom,505.18,76,0
14015.0,2011-10-18 10:02:00,2011-10-18 10:02:00,1,378,United Kingdom,917.34,52,0
14016.0,2011-07-01 11:29:00,2010-12-17 14:21:00,4,2125,EIRE,4341.21,161,0
14019.0,2011-10-24 10:13:00,2011-07-24 15:39:00,3,1037,United Kingdom,1421.61,46,0
14020.0,2011-11-23 09:22:00,2011-09-12 15:32:00,2,441,United Kingdom,642.8,16,0
14021.0,2011-07-07 15:46:00,2011-03-28 15:10:00,3,192,United Kingdom,631.9,154,0
14022.0,2011-04-28 14:39:00,2011-04-28 14:39:00,1,487,United Kingdom,440.0,224,1
14023.0,2011-12-02 13:58:00,2011-04-03 15:50:00,2,345,United Kingdom,584.07,6,0
14024.0,2011-08-10 11:30:00,2011-08-07 13:31:00,2,150,United Kingdom,327.7,121,0
14027.0,2011-10-10 09:01:00,2011-10-10 09:01:00,1,62,United Kingdom,104.82,60,0
14029.0,2011-10-07 14:46:00,2011-07-18 16:57:00,2,198,United Kingdom,467.66,62,0
14030.0,2011-11-21 16:48:00,2010-12-08 16:11:00,8,1478,United Kingdom,2358.84,17,0
14031.0,2011-12-02 17:13:00,2010-12-02 16:34:00,19,5788,United Kingdom,17286.86,6,0
14032.0,2011-12-07 15:23:00,2010-12-08 10:53:00,11,2032,United Kingdom,2975.59,1,0
14034.0,2011-11-17 14:02:00,2011-07-05 13:06:00,3,420,United Kingdom,648.89,21,0
14035.0,2011-11-11 10:03:00,2011-02-15 12:48:00,5,739,United Kingdom,1428.02,28,0
14036.0,2011-02-28 09:26:00,2011-02-28 09:26:00,1,268,United Kingdom,626.65,284,1
14037.0,2011-06-16 13:57:00,2010-12-10 11:39:00,2,46,United Kingdom,147.20000000000002,175,0
14038.0,2011-09-22 13:37:00,2011-05-16 14:05:00,3,965,United Kingdom,1560.38,77,0
14039.0,2011-11-06 13:48:00,2011-11-06 13:48:00,1,92,United Kingdom,152.2,32,0
14040.0,2011-10-30 12:42:00,2011-01-12 14:57:00,12,1544,United Kingdom,3560.32,40,0
14041.0,2011-03-18 13:25:00,2011-03-18 13:25:00,1,94,United Kingdom,141.41,265,1
14044.0,2011-11-13 12:05:00,2011-02-03 11:39:00,4,304,United Kingdom,646.42,26,0
14045.0,2011-08-22 15:27:00,2010-12-01 11:32:00,4,535,United Kingdom,1659.75,108,0
14046.0,2011-02-28 14:48:00,2011-02-28 14:48:00,1,460,United Kingdom,154.99,283,1
14047.0,2011-12-01 11:43:00,2010-12-02 10:09:00,5,381,United Kingdom,1308.6100000000001,8,0
14048.0,2011-02-07 14:53:00,2011-02-07 14:53:00,1,288,United Kingdom,409.93,304,1
14049.0,2011-11-23 12:20:00,2011-01-26 11:27:00,4,3808,United Kingdom,5578.72,16,0
14050.0,2011-11-08 10:00:00,2011-08-25 13:46:00,2,689,United Kingdom,746.36,31,0
14051.0,2011-12-09 10:20:00,2010-12-08 12:49:00,23,3756,United Kingdom,15610.390000000001,0,0
14052.0,2011-11-20 12:30:00,2011-11-20 12:30:00,1,89,United Kingdom,225.36,19,0
14053.0,2011-08-07 14:27:00,2011-07-03 12:21:00,2,215,United Kingdom,260.25,123,0
14054.0,2011-10-05 15:49:00,2011-10-05 15:49:00,1,62,United Kingdom,92.46,64,0
14055.0,2011-08-25 15:04:00,2011-08-25 15:04:00,1,216,United Kingdom,725.6400000000001,105,0
14056.0,2011-12-08 13:36:00,2011-02-28 15:19:00,23,4252,United Kingdom,8152.71,0,0
14057.0,2011-11-16 10:32:00,2010-12-14 12:11:00,17,4873,United Kingdom,6211.66,23,0
14059.0,2011-03-18 10:06:00,2011-03-18 10:06:00,1,128,United Kingdom,183.6,266,1
14060.0,2011-12-05 12:29:00,2010-12-02 12:11:00,19,5386,United Kingdom,6140.42,4,0
14062.0,2011-11-30 10:04:00,2010-12-10 15:56:00,12,5593,United Kingdom,10464.85,9,0
14064.0,2011-11-10 13:14:00,2011-03-10 12:59:00,5,1772,United Kingdom,1334.34,28,0
14066.0,2011-03-18 12:21:00,2011-03-18 12:21:00,1,45,United Kingdom,152.55,266,1
14067.0,2011-10-07 10:21:00,2011-09-04 12:00:00,2,361,United Kingdom,374.7,63,0
14068.0,2011-01-23 16:02:00,2011-01-23 16:02:00,1,73,United Kingdom,265.85,319,1
14071.0,2011-12-06 12:27:00,2011-03-20 11:33:00,8,994,United Kingdom,1437.57,3,0
14073.0,2011-11-07 15:49:00,2011-11-07 15:49:00,1,130,United Kingdom,151.04,31,0
14075.0,2011-12-05 08:38:00,2011-03-23 16:35:00,3,754,United Kingdom,942.26,4,0
14076.0,2011-08-02 15:19:00,2011-08-02 15:19:00,1,79,United Kingdom,118.67,128,0
14077.0,2011-10-30 12:35:00,2011-03-10 15:52:00,5,268,United Kingdom,499.41999999999996,40,0
14078.0,2011-08-30 12:16:00,2010-12-01 12:54:00,6,310,United Kingdom,1049.37,101,0
14079.0,2011-08-07 12:10:00,2011-08-07 12:10:00,1,301,United Kingdom,375.1,124,0
14080.0,2011-11-07 11:09:00,2011-11-07 11:09:00,1,48,United Kingdom,45.599999999999994,32,0
14081.0,2011-02-10 16:17:00,2010-12-05 15:47:00,2,592,United Kingdom,921.62,301,1
14082.0,2010-12-10 11:02:00,2010-12-10 11:02:00,1,110,United Kingdom,182.25,364,1
14083.0,2011-12-05 13:14:00,2010-12-03 12:24:00,9,705,United Kingdom,1002.9,3,0
14085.0,2011-12-07 13:46:00,2010-12-06 12:39:00,18,3177,United Kingdom,4421.29,1,0
14087.0,2011-12-07 12:41:00,2011-12-07 12:41:00,1,250,United Kingdom,191.47,2,0
14088.0,2011-11-29 16:16:00,2011-01-21 13:07:00,13,12665,United Kingdom,50491.81,9,0
14089.0,2011-10-14 10:38:00,2011-10-14 10:38:00,1,133,United Kingdom,158.75,56,0
14090.0,2011-01-19 10:51:00,2011-01-19 10:51:00,1,72,United Kingdom,76.32000000000001,324,1
14092.0,2011-12-02 12:13:00,2010-12-16 15:47:00,14,2066,United Kingdom,4076.91,7,0
14093.0,2011-11-27 16:27:00,2011-11-27 16:27:00,1,391,United Kingdom,433.86,11,0
14096.0,2011-12-05 17:17:00,2011-08-30 10:49:00,17,16352,United Kingdom,65164.79,3,0
14098.0,2011-11-03 10:13:00,2011-11-03 10:13:00,1,104,United Kingdom,147.35,36,0
14099.0,2011-11-23 13:53:00,2010-12-20 11:14:00,11,2179,United Kingdom,3104.17,15,0
14100.0,2011-07-25 11:01:00,2011-07-25 11:01:00,1,63,United Kingdom,191.95000000000002,137,0
14101.0,2011-09-27 12:28:00,2011-01-17 13:09:00,6,6942,United Kingdom,5976.79,73,0
14102.0,2011-12-04 15:38:00,2011-10-26 12:46:00,5,769,United Kingdom,1105.8799999999999,4,0
14104.0,2011-07-08 12:50:00,2011-06-27 12:49:00,2,72,United Kingdom,216.20999999999998,154,0
14105.0,2011-04-14 17:58:00,2011-04-14 17:58:00,1,800,United Kingdom,1266.23,238,1
14107.0,2011-10-19 12:12:00,2010-12-10 13:29:00,7,1793,United Kingdom,2703.23,51,0
14108.0,2011-11-09 10:41:00,2011-08-30 11:32:00,2,381,United Kingdom,597.91,30,0
14109.0,2011-09-28 10:18:00,2011-09-28 10:18:00,1,88,United Kingdom,144.2,72,0
14110.0,2011-12-06 12:26:00,2011-03-18 09:59:00,12,2445,United Kingdom,5683.15,3,0
14111.0,2011-11-25 13:44:00,2011-04-12 11:36:00,4,458,United Kingdom,692.85,13,0
14112.0,2011-11-17 12:30:00,2011-03-09 11:28:00,7,1651,United Kingdom,2915.15,22,0
14113.0,2011-12-06 12:18:00,2010-12-20 12:14:00,4,745,United Kingdom,1840.42,3,0
14114.0,2011-03-11 09:42:00,2011-01-13 11:05:00,2,101,United Kingdom,386.53,273,1
14116.0,2011-11-20 10:29:00,2011-08-10 12:44:00,5,707,United Kingdom,1382.74,19,0
14117.0,2011-07-19 09:49:00,2011-07-19 09:49:00,1,72,United Kingdom,90.0,143,0
14121.0,2011-12-06 12:19:00,2011-10-11 10:39:00,4,2082,United Kingdom,2780.15,3,0
14124.0,2011-09-16 13:32:00,2011-09-16 13:32:00,1,1618,United Kingdom,419.58000000000004,83,0
14125.0,2011-11-29 12:47:00,2011-09-22 15:40:00,3,1628,United Kingdom,2720.63,10,0
14126.0,2011-12-02 11:45:00,2011-11-29 12:21:00,3,508,United Kingdom,706.1300000000001,7,0
14127.0,2011-08-09 10:49:00,2011-02-02 12:26:00,3,321,United Kingdom,709.71,122,0
14128.0,2011-10-10 12:00:00,2011-03-29 10:49:00,2,564,United Kingdom,637.5,60,0
14129.0,2011-12-08 11:02:00,2011-03-24 08:44:00,5,592,United Kingdom,1123.8600000000001,1,0
14130.0,2011-01-24 16:05:00,2011-01-24 16:05:00,1,257,United Kingdom,480.91,318,1
14132.0,2011-12-07 13:35:00,2011-06-09 12:04:00,11,3368,United Kingdom,3586.0299999999997,1,0
14133.0,2011-08-02 11:34:00,2011-01-28 11:27:00,3,348,United Kingdom,605.64,129,0
14135.0,2011-12-08 11:38:00,2010-12-02 10:27:00,15,3850,United Kingdom,4690.31,1,0
14138.0,2011-12-08 12:44:00,2011-10-07 09:38:00,2,600,United Kingdom,965.8800000000001,1,0
14139.0,2011-10-24 13:34:00,2011-10-24 13:34:00,1,510,United Kingdom,415.82,45,0
14140.0,2011-12-06 09:05:00,2011-11-08 11:20:00,2,811,United Kingdom,935.05,3,0
14141.0,2011-12-07 09:53:00,2011-08-26 14:40:00,4,355,United Kingdom,915.13,2,0
14142.0,2010-12-01 16:33:00,2010-12-01 16:33:00,1,313,United Kingdom,311.81,372,1
14143.0,2011-07-29 09:48:00,2011-07-29 09:48:00,1,30,United Kingdom,115.8,133,0
14145.0,2011-10-24 12:10:00,2011-05-06 13:01:00,4,756,United Kingdom,3742.2,46,0
14146.0,2011-12-01 10:18:00,2010-12-17 15:52:00,5,2437,United Kingdom,4191.0,8,0
14147.0,2011-09-22 18:10:00,2011-02-27 11:42:00,2,108,United Kingdom,483.4,77,0
14148.0,2011-04-20 12:02:00,2011-04-20 12:02:00,1,16,United Kingdom,157.2,233,1
14149.0,2011-05-03 09:44:00,2011-05-03 09:44:00,1,218,United Kingdom,446.62,220,1
14150.0,2011-11-04 10:05:00,2010-12-15 10:04:00,2,496,United Kingdom,658.64,35,0
14152.0,2011-09-25 12:54:00,2011-04-19 15:46:00,2,711,United Kingdom,621.29,74,0
14154.0,2011-04-14 16:26:00,2011-04-14 15:58:00,2,465,United Kingdom,1345.62,238,1
14155.0,2011-03-18 14:13:00,2011-03-18 14:13:00,1,25,United Kingdom,118.75,265,1
14156.0,2011-11-30 10:54:00,2010-12-03 11:48:00,55,57768,EIRE,117210.08,9,0
14157.0,2011-11-20 11:32:00,2011-02-27 13:04:00,2,271,United Kingdom,424.89000000000004,19,0
14158.0,2011-10-30 15:08:00,2011-10-30 15:08:00,1,781,United Kingdom,507.66,39,0
14159.0,2011-11-20 12:36:00,2010-12-12 11:17:00,11,4348,United Kingdom,4630.35,19,0
14161.0,2011-05-08 11:41:00,2010-12-05 13:18:00,3,450,United Kingdom,1097.6200000000001,215,1
14162.0,2011-06-19 11:36:00,2011-02-20 12:32:00,2,142,United Kingdom,289.36,173,0
14163.0,2011-09-13 15:18:00,2011-04-14 17:33:00,4,893,United Kingdom,2445.91,86,0
14164.0,2011-09-30 12:24:00,2011-09-20 12:18:00,2,1033,United Kingdom,1631.77,70,0
14165.0,2011-03-09 12:39:00,2011-03-09 12:39:00,1,53,United Kingdom,120.44,275,1
14167.0,2011-10-31 14:29:00,2011-01-12 15:44:00,4,147,United Kingdom,562.59,38,0
14171.0,2011-09-02 16:43:00,2011-09-02 16:43:00,1,167,United Kingdom,363.79,97,0
14173.0,2011-11-29 11:54:00,2011-05-04 14:03:00,4,150,United Kingdom,450.84,10,0
14174.0,2011-11-06 13:17:00,2011-11-06 13:17:00,1,94,United Kingdom,134.46,32,0
14175.0,2011-10-11 11:55:00,2011-01-14 12:22:00,3,1515,United Kingdom,3222.3,59,0
14176.0,2011-02-15 13:12:00,2010-12-07 11:45:00,4,209,United Kingdom,576.9000000000001,296,1
14177.0,2011-09-14 15:11:00,2011-06-13 11:10:00,4,204,United Kingdom,549.46,85,0
14178.0,2011-12-01 12:01:00,2011-06-10 12:51:00,7,1494,United Kingdom,1600.26,8,0
14179.0,2011-10-30 12:07:00,2011-10-18 14:00:00,2,319,United Kingdom,701.57,40,0
14180.0,2011-11-29 10:56:00,2010-12-02 13:08:00,25,719,United Kingdom,4748.52,10,0
14184.0,2011-10-04 12:43:00,2011-10-04 12:43:00,1,127,United Kingdom,452.89,66,0
14185.0,2011-01-12 13:52:00,2011-01-12 13:52:00,1,6,United Kingdom,197.65,330,1
14188.0,2011-11-09 12:45:00,2011-02-02 13:46:00,6,1162,United Kingdom,2054.36,30,0
14189.0,2011-12-07 15:55:00,2010-12-06 11:42:00,15,3937,United Kingdom,4654.08,1,0
14191.0,2011-12-08 09:23:00,2011-05-03 10:30:00,13,3662,United Kingdom,4684.76,1,0
14193.0,2011-10-03 09:34:00,2011-03-15 11:38:00,2,445,United Kingdom,853.39,67,0
14194.0,2011-12-05 10:38:00,2011-02-04 14:51:00,21,5840,United Kingdom,11349.52,4,0
14195.0,2011-05-22 10:29:00,2011-04-01 16:50:00,2,760,United Kingdom,1012.0,201,1
14196.0,2011-08-25 10:25:00,2011-08-25 10:25:00,1,142,United Kingdom,335.52,106,0
14198.0,2011-11-21 16:35:00,2011-04-14 14:54:00,4,290,United Kingdom,701.4,17,0
14199.0,2011-05-05 13:44:00,2011-05-05 13:44:00,1,28,United Kingdom,185.39999999999998,217,1
14201.0,2011-10-10 13:27:00,2010-12-15 13:25:00,7,590,United Kingdom,747.44,59,0
14204.0,2011-12-07 13:38:00,2011-12-07 13:38:00,1,72,United Kingdom,150.61,1,0
14205.0,2011-11-23 10:55:00,2011-03-20 15:07:00,2,204,United Kingdom,466.7,16,0
14206.0,2011-04-14 16:38:00,2011-04-14 16:38:00,1,276,United Kingdom,328.15999999999997,238,1
14208.0,2011-09-06 12:48:00,2011-09-06 12:48:00,1,114,United Kingdom,151.74,94,0
14209.0,2011-11-29 10:18:00,2011-01-11 12:56:00,6,691,United Kingdom,2073.43,10,0
14210.0,2011-08-26 12:36:00,2010-12-03 12:43:00,6,760,United Kingdom,1905.8400000000001,105,0
14211.0,2011-10-17 13:23:00,2011-02-17 15:50:00,9,1242,United Kingdom,2241.1,52,0
14212.0,2011-09-11 12:45:00,2011-09-11 12:45:00,1,1152,United Kingdom,1070.48,89,0
14214.0,2011-11-09 10:31:00,2011-03-07 12:26:00,5,751,United Kingdom,1004.38,30,0
14215.0,2011-11-28 12:19:00,2010-12-06 15:34:00,6,1358,United Kingdom,1789.72,11,0
14216.0,2011-12-06 14:56:00,2011-11-02 10:51:00,4,594,United Kingdom,1839.3,2,0
14217.0,2011-12-08 11:53:00,2010-12-08 13:28:00,17,689,United Kingdom,2004.98,1,0
14218.0,2011-10-28 10:00:00,2011-10-28 10:00:00,1,160,United Kingdom,169.48000000000002,42,0
14219.0,2011-12-05 16:23:00,2011-12-05 16:23:00,1,78,United Kingdom,89.94,3,0
14220.0,2011-04-06 13:23:00,2010-12-16 18:18:00,2,272,United Kingdom,632.4,246,1
14221.0,2011-10-28 13:42:00,2011-01-04 15:33:00,9,2191,United Kingdom,3432.8,41,0
14222.0,2011-06-15 16:42:00,2011-06-15 16:42:00,1,607,United Kingdom,683.17,176,0
14223.0,2011-09-08 13:38:00,2011-03-20 16:02:00,3,585,United Kingdom,991.13,91,0
14224.0,2011-08-21 13:24:00,2011-01-23 13:58:00,4,483,United Kingdom,1009.73,109,0
14226.0,2011-11-11 11:34:00,2011-03-15 15:36:00,5,1296,United Kingdom,2214.79,28,0
14227.0,2011-11-13 15:48:00,2011-02-28 12:27:00,10,1820,United Kingdom,3350.96,25,0
14229.0,2011-10-19 10:04:00,2011-01-10 12:03:00,3,610,United Kingdom,1547.2,51,0
14231.0,2011-06-09 11:05:00,2011-02-24 11:55:00,3,409,United Kingdom,925.71,183,1
14232.0,2011-10-28 11:09:00,2011-03-20 12:44:00,5,1941,United Kingdom,2048.07,42,0
14233.0,2011-10-21 15:54:00,2011-01-26 12:43:00,4,680,United Kingdom,1462.72,48,0
14234.0,2011-11-17 17:53:00,2011-10-13 13:58:00,4,951,United Kingdom,754.12,21,0
14235.0,2011-09-25 14:37:00,2011-03-24 13:23:00,5,1959,United Kingdom,3144.86,74,0
14236.0,2011-09-20 09:13:00,2010-12-02 18:49:00,2,310,United Kingdom,490.86,80,0
14237.0,2010-12-01 13:20:00,2010-12-01 13:20:00,1,38,United Kingdom,161.0,372,1
14238.0,2011-01-17 14:40:00,2011-01-17 14:40:00,1,111,United Kingdom,146.85,325,1
14239.0,2011-10-27 14:40:00,2011-01-27 14:45:00,11,993,United Kingdom,2380.85,42,0
14240.0,2011-11-09 13:45:00,2011-04-28 11:40:00,2,418,United Kingdom,890.34,29,0
14241.0,2011-06-09 11:46:00,2011-06-09 11:46:00,1,146,United Kingdom,213.70000000000002,183,1
14242.0,2011-04-19 11:46:00,2011-01-18 08:53:00,2,123,United Kingdom,280.55,234,1
14243.0,2011-12-01 11:12:00,2010-12-09 08:34:00,10,1221,United Kingdom,2588.77,8,0
14245.0,2011-05-04 08:40:00,2011-03-21 10:41:00,2,976,United Kingdom,1693.45,219,1
14246.0,2011-08-21 11:50:00,2011-04-08 08:25:00,3,804,United Kingdom,1474.06,110,0
14247.0,2011-03-06 15:21:00,2011-03-06 15:21:00,1,47,United Kingdom,136.76999999999998,277,1
14248.0,2011-01-25 14:45:00,2011-01-25 14:45:00,1,102,United Kingdom,302.58,317,1
14250.0,2011-12-02 14:30:00,2011-09-11 13:44:00,3,1200,United Kingdom,1904.05,6,0
14251.0,2011-12-08 08:32:00,2011-10-13 12:46:00,5,1674,United Kingdom,2879.7000000000003,1,0
14256.0,2011-03-24 13:17:00,2010-12-10 11:44:00,2,414,United Kingdom,969.0600000000001,259,1
14257.0,2011-10-06 16:54:00,2011-01-25 10:49:00,5,1682,United Kingdom,3099.7200000000003,63,0
14258.0,2011-11-30 15:27:00,2011-01-06 12:18:00,9,7100,United Kingdom,12669.98,8,0
14259.0,2011-07-21 10:44:00,2011-07-21 10:44:00,1,68,United Kingdom,120.0,141,0
14261.0,2011-10-20 10:04:00,2011-09-22 10:47:00,2,406,United Kingdom,1163.45,50,0
14262.0,2011-12-01 14:17:00,2011-04-13 12:23:00,8,1645,United Kingdom,2618.23,7,0
14264.0,2011-07-08 10:20:00,2011-04-08 12:20:00,2,70,United Kingdom,333.97,154,0
14265.0,2011-08-22 13:32:00,2011-07-14 09:10:00,2,330,Unspecified,530.18,108,0
14267.0,2011-06-30 10:09:00,2011-03-24 11:38:00,3,530,United Kingdom,1516.24,162,0
14270.0,2011-01-12 09:33:00,2011-01-12 09:33:00,1,197,United Kingdom,492.65000000000003,331,1
14271.0,2011-04-28 12:47:00,2011-04-28 12:47:00,1,88,United Kingdom,112.32,225,1
14272.0,2011-09-27 10:08:00,2011-03-30 13:57:00,2,599,United Kingdom,437.96,73,0
14273.0,2011-10-19 13:20:00,2011-04-11 13:24:00,4,264,United Kingdom,559.97,50,0
14276.0,2011-09-02 09:45:00,2011-02-23 09:38:00,3,744,United Kingdom,1119.74,98,0
14277.0,2011-11-24 15:01:00,2011-05-11 13:20:00,3,1976,France,4188.0,14,0
14280.0,2011-05-27 10:37:00,2011-05-27 10:37:00,1,52,United Kingdom,134.04,196,1
14282.0,2011-12-06 17:04:00,2010-12-07 12:21:00,15,2656,United Kingdom,3701.44,2,0
14284.0,2011-11-09 08:11:00,2011-09-14 13:04:00,2,161,United Kingdom,595.25,30,0
14285.0,2011-11-18 14:50:00,2011-06-16 12:36:00,4,541,United Kingdom,1910.01,20,0
14286.0,2011-11-16 10:34:00,2011-04-11 08:16:00,3,4338,United Kingdom,4628.75,23,0
14287.0,2011-12-01 13:25:00,2011-05-25 11:41:00,3,261,United Kingdom,176.63,7,0
14288.0,2011-05-10 13:22:00,2011-05-10 13:22:00,1,188,United Kingdom,426.6,212,1
14289.0,2011-12-01 11:44:00,2011-02-23 12:33:00,6,292,United Kingdom,911.26,8,0
14290.0,2011-11-28 14:02:00,2010-12-13 10:24:00,5,915,United Kingdom,2314.65,10,0
14291.0,2011-12-08 10:26:00,2011-03-09 15:20:00,11,2749,United Kingdom,3883.25,1,0
14292.0,2011-12-02 11:50:00,2011-03-02 08:26:00,9,1663,United Kingdom,4871.93,7,0
14293.0,2011-12-06 15:17:00,2010-12-06 10:18:00,4,709,United Kingdom,1046.56,2,0
14295.0,2011-10-30 15:50:00,2011-10-30 15:50:00,1,84,United Kingdom,166.20000000000002,39,0
14297.0,2011-11-22 09:06:00,2011-03-10 08:31:00,4,865,United Kingdom,1305.33,17,0
14298.0,2011-12-01 13:12:00,2010-12-14 12:59:00,44,58343,United Kingdom,51527.3,7,0
14299.0,2011-12-01 16:05:00,2010-12-09 10:30:00,9,2149,United Kingdom,3965.62,7,0
14300.0,2011-11-21 08:57:00,2011-11-21 08:57:00,1,32,United Kingdom,43.2,18,0
14301.0,2011-08-14 15:33:00,2011-08-14 15:33:00,1,606,United Kingdom,640.14,116,0
14304.0,2011-05-01 11:50:00,2011-05-01 11:50:00,1,139,United Kingdom,383.45,222,1
14305.0,2011-09-29 15:29:00,2011-07-27 14:14:00,3,1089,United Kingdom,1858.96,70,0
14306.0,2011-10-19 13:23:00,2011-09-15 10:31:00,2,1075,United Kingdom,2093.32,50,0
14307.0,2011-09-12 09:38:00,2010-12-01 11:41:00,6,2058,United Kingdom,2995.72,88,0
14309.0,2011-12-01 13:33:00,2010-12-16 13:05:00,9,1633,United Kingdom,2352.53,7,0
14311.0,2011-04-11 10:14:00,2011-04-11 10:14:00,1,146,United Kingdom,310.26,242,1
14312.0,2011-10-24 09:46:00,2011-01-06 16:35:00,6,1012,United Kingdom,1611.59,46,0
14314.0,2011-08-25 10:39:00,2011-08-25 10:39:00,1,296,United Kingdom,120.0,106,0
14315.0,2011-10-26 12:06:00,2011-03-18 12:59:00,6,1021,United Kingdom,2481.13,44,0
14317.0,2011-10-06 10:44:00,2011-10-06 10:44:00,1,255,United Kingdom,508.58000000000004,64,0
14320.0,2011-05-17 09:24:00,2011-01-11 09:12:00,2,325,United Kingdom,477.79,206,1
14321.0,2011-11-29 09:47:00,2011-01-10 11:35:00,5,2406,United Kingdom,1530.75,10,0
14323.0,2011-08-17 11:37:00,2011-04-15 11:44:00,2,350,United Kingdom,605.0600000000001,114,0
14326.0,2011-04-11 15:04:00,2011-04-11 15:04:00,1,103,United Kingdom,183.85,241,1
14327.0,2011-06-29 13:58:00,2011-06-29 13:58:00,1,139,United Kingdom,311.65,162,0
14329.0,2011-11-22 15:50:00,2011-01-14 13:42:00,7,3087,United Kingdom,4975.24,16,0
14331.0,2011-08-07 13:17:00,2011-07-27 15:14:00,2,252,United Kingdom,462.65999999999997,123,0
14332.0,2011-11-17 11:54:00,2011-07-15 10:33:00,3,463,United Kingdom,840.21,22,0
14333.0,2011-10-03 10:38:00,2011-10-03 10:38:00,1,58,United Kingdom,415.2,67,0
14334.0,2011-11-23 10:01:00,2010-12-16 17:37:00,8,1731,United Kingdom,2552.21,16,0
14335.0,2011-11-23 13:41:00,2011-09-04 13:07:00,2,375,Germany,454.86,15,0
14336.0,2011-11-23 11:40:00,2011-03-08 16:48:00,4,1759,United Kingdom,1614.91,16,0
14338.0,2011-07-01 14:08:00,2011-05-27 13:30:00,2,335,United Kingdom,588.22,160,0
14339.0,2011-04-11 11:06:00,2011-04-11 11:06:00,1,168,United Kingdom,309.52,242,1
14340.0,2011-05-05 09:44:00,2011-05-05 09:44:00,1,58,United Kingdom,134.7,218,1
14341.0,2011-10-25 15:48:00,2011-01-25 13:55:00,8,1397,United Kingdom,2166.98,44,0
14342.0,2011-11-18 13:21:00,2011-05-13 13:50:00,4,347,United Kingdom,668.5600000000001,20,0
14344.0,2011-08-04 13:51:00,2010-12-06 11:58:00,8,477,United Kingdom,889.9300000000001,126,0
14345.0,2011-11-01 09:51:00,2011-11-01 09:51:00,1,50,United Kingdom,108.97999999999999,38,0
14346.0,2011-08-11 09:47:00,2011-02-15 13:52:00,2,605,United Kingdom,1021.58,120,0
14348.0,2011-03-24 16:23:00,2011-03-24 16:23:00,1,183,United Kingdom,409.57,259,1
14349.0,2011-11-29 15:39:00,2011-11-29 15:39:00,1,86,United Kingdom,133.5,9,0
14350.0,2011-03-10 14:14:00,2011-03-10 14:14:00,1,183,United Kingdom,282.93,273,1
14351.0,2011-06-28 11:56:00,2011-06-28 11:56:00,1,12,United Kingdom,51.0,164,0
14352.0,2011-07-05 15:41:00,2011-03-11 14:58:00,4,538,United Kingdom,1078.96,156,0
14353.0,2011-05-08 16:06:00,2011-05-08 16:06:00,1,64,United Kingdom,90.6,214,1
14354.0,2011-12-04 11:32:00,2011-11-09 15:36:00,2,210,United Kingdom,163.62,5,0
14355.0,2010-12-09 12:16:00,2010-12-09 12:16:00,1,92,United Kingdom,174.4,365,1
14356.0,2011-09-21 09:18:00,2011-09-19 14:43:00,2,277,United Kingdom,701.23,79,0
14357.0,2011-10-27 16:23:00,2011-10-27 16:23:00,1,147,United Kingdom,225.12,42,0
14359.0,2011-11-20 13:17:00,2011-09-13 09:03:00,3,371,United Kingdom,912.18,18,0
14360.0,2011-11-08 09:12:00,2011-09-06 11:58:00,4,1139,United Kingdom,2118.03,31,0
14362.0,2011-11-17 15:08:00,2011-11-17 15:08:00,1,96,United Kingdom,151.5,21,0
14364.0,2011-08-23 11:01:00,2011-05-12 12:56:00,8,1967,United Kingdom,3717.35,108,0
14367.0,2011-12-01 13:19:00,2011-03-08 14:12:00,16,4426,United Kingdom,9227.82,7,0
14368.0,2011-01-24 09:52:00,2011-01-24 09:52:00,1,36,United Kingdom,155.0,319,1
14371.0,2011-02-17 16:35:00,2011-02-17 16:35:00,1,34,United Kingdom,100.5,294,1
14373.0,2010-12-16 15:40:00,2010-12-16 15:40:00,1,17,United Kingdom,76.55,357,1
14375.0,2011-06-07 13:44:00,2011-06-07 13:44:00,1,184,United Kingdom,235.56,184,1
14377.0,2011-06-01 13:32:00,2011-03-22 13:38:00,2,219,United Kingdom,617.05,190,1
14379.0,2011-10-26 16:43:00,2011-02-17 15:03:00,2,292,United Kingdom,348.1,43,0
14381.0,2011-10-18 17:10:00,2011-10-18 17:10:00,1,146,United Kingdom,202.68,51,0
14382.0,2011-11-13 16:18:00,2011-11-13 16:18:00,1,1231,United Kingdom,615.49,25,0
14383.0,2011-11-01 15:53:00,2011-06-29 10:18:00,3,817,United Kingdom,1247.69,37,0
14385.0,2011-11-30 15:36:00,2011-11-16 11:55:00,3,159,United Kingdom,202.11,8,0
14386.0,2011-02-16 09:45:00,2011-02-16 09:45:00,1,54,United Kingdom,142.4,296,1
14387.0,2011-11-07 12:29:00,2011-08-22 14:13:00,3,795,United Kingdom,1727.6,32,0
14388.0,2011-11-29 13:32:00,2010-12-02 11:02:00,8,1941,United Kingdom,3212.84,9,0
14389.0,2011-10-05 15:17:00,2011-06-02 12:04:00,2,729,United Kingdom,1043.46,64,0
14390.0,2011-11-29 13:49:00,2010-12-02 11:57:00,9,2133,United Kingdom,4642.57,9,0
14393.0,2011-05-05 18:16:00,2011-05-05 18:16:00,1,13,United Kingdom,67.95,217,1
14395.0,2011-12-07 14:34:00,2010-12-02 18:15:00,9,1689,United Kingdom,3479.91,1,0
14396.0,2011-10-05 16:09:00,2010-12-03 15:19:00,2,225,United Kingdom,487.99,64,0
14397.0,2011-12-07 09:22:00,2011-05-10 12:25:00,19,1890,United Kingdom,2612.96,2,0
14400.0,2011-07-13 15:50:00,2011-07-13 15:50:00,1,454,United Kingdom,574.7,148,0
14401.0,2011-12-05 13:30:00,2010-12-15 09:07:00,13,4507,United Kingdom,4051.48,3,0
14403.0,2011-08-01 12:57:00,2011-04-06 14:23:00,4,519,United Kingdom,1475.81,129,0
14404.0,2011-11-06 12:30:00,2010-12-05 16:00:00,6,827,United Kingdom,1449.32,33,0
14406.0,2011-08-12 16:54:00,2011-08-12 16:54:00,1,77,United Kingdom,156.75,118,0
14407.0,2011-08-24 14:02:00,2011-03-08 11:59:00,6,1415,United Kingdom,2157.73,106,0
14408.0,2011-11-29 11:41:00,2011-03-20 14:41:00,7,1610,United Kingdom,2599.03,10,0
14409.0,2011-09-29 18:18:00,2010-12-06 15:03:00,6,1230,United Kingdom,2059.4500000000003,70,0
14410.0,2011-09-08 15:08:00,2011-02-07 09:36:00,9,567,United Kingdom,1100.27,91,0
14411.0,2011-02-02 10:56:00,2011-02-02 10:56:00,1,196,United Kingdom,1063.0,310,1
14412.0,2011-10-28 10:45:00,2011-09-28 08:48:00,2,786,United Kingdom,770.03,42,0
14413.0,2010-12-12 13:37:00,2010-12-12 13:37:00,1,67,United Kingdom,121.05,361,1
14414.0,2011-09-09 12:09:00,2010-12-16 11:11:00,7,2512,United Kingdom,1496.98,91,0
14415.0,2011-12-08 14:38:00,2010-12-14 13:31:00,13,2996,United Kingdom,5855.57,0,0
14416.0,2011-11-17 15:22:00,2011-10-28 15:10:00,2,326,United Kingdom,490.22,21,0
14418.0,2011-12-06 11:39:00,2011-08-23 17:18:00,3,1711,United Kingdom,1937.25,3,0
14419.0,2011-11-29 11:22:00,2010-12-10 10:56:00,6,483,United Kingdom,1051.79,10,0
14420.0,2011-09-01 18:07:00,2011-09-01 18:07:00,1,334,United Kingdom,387.52,98,0
14421.0,2011-10-13 13:24:00,2011-05-12 10:49:00,2,365,United Kingdom,813.11,56,0
14422.0,2011-12-09 11:26:00,2011-03-17 17:26:00,6,2906,United Kingdom,4263.64,0,0
14423.0,2011-05-05 15:12:00,2011-05-05 15:12:00,1,120,United Kingdom,265.2,217,1
14424.0,2011-11-22 11:48:00,2011-11-22 11:48:00,1,48,United Kingdom,322.08,17,0
14426.0,2011-11-16 12:25:00,2011-01-31 09:51:00,10,2699,United Kingdom,4481.67,23,0
14427.0,2011-10-20 14:23:00,2011-10-07 09:10:00,2,228,United Kingdom,363.34000000000003,49,0
14428.0,2011-12-02 13:17:00,2011-01-18 16:39:00,5,428,United Kingdom,1224.06,6,0
14431.0,2011-02-10 10:40:00,2011-02-10 10:40:00,1,130,United Kingdom,470.36,302,1
14432.0,2011-11-30 08:04:00,2011-09-11 14:09:00,6,2013,United Kingdom,2248.5,9,0
14434.0,2011-11-18 08:56:00,2011-09-28 15:31:00,6,368,United Kingdom,1372.8,21,0
14436.0,2011-09-02 10:13:00,2011-09-02 10:13:00,1,129,United Kingdom,89.06,98,0
14437.0,2010-12-09 09:27:00,2010-12-09 09:27:00,1,60,United Kingdom,63.0,365,1
14438.0,2011-02-06 14:56:00,2011-02-06 14:56:00,1,82,United Kingdom,131.9,305,1
14439.0,2011-01-24 11:39:00,2011-01-24 11:39:00,1,526,Greece,2661.24,319,1
14440.0,2011-12-01 15:42:00,2010-12-09 12:49:00,5,588,United Kingdom,2357.6800000000003,7,0
14441.0,2011-12-09 09:07:00,2011-03-29 12:01:00,4,446,United Kingdom,1712.89,0,0
14442.0,2011-05-19 11:36:00,2011-01-27 09:33:00,2,482,Channel Islands,1589.82,204,1
14443.0,2011-10-17 10:10:00,2010-12-06 11:03:00,4,938,United Kingdom,1420.2,53,0
14446.0,2011-12-09 11:34:00,2011-04-07 12:10:00,4,916,United Kingdom,1010.35,0,0
14447.0,2011-11-21 08:28:00,2011-03-04 10:49:00,5,571,United Kingdom,1163.23,18,0
14448.0,2011-11-30 13:50:00,2010-12-10 17:26:00,2,104,United Kingdom,375.35,8,0
14449.0,2011-11-21 12:06:00,2010-12-02 14:09:00,4,741,United Kingdom,885.8,18,0
14450.0,2011-06-12 10:46:00,2011-01-23 11:53:00,3,241,United Kingdom,483.25,180,0
14451.0,2011-10-10 13:38:00,2011-05-29 12:35:00,2,378,United Kingdom,643.9,59,0
14452.0,2011-11-29 12:06:00,2011-09-07 11:32:00,2,116,United Kingdom,259.05,10,0
14453.0,2011-06-02 14:15:00,2011-06-02 14:15:00,1,49,United Kingdom,119.93,189,1
14456.0,2011-12-04 13:59:00,2011-07-20 13:06:00,9,2885,United Kingdom,3017.28,4,0
14457.0,2011-02-02 09:39:00,2011-02-02 09:39:00,1,88,United Kingdom,113.64,310,1
14459.0,2011-07-07 13:35:00,2011-07-07 13:35:00,1,760,United Kingdom,1837.92,154,0
14460.0,2011-08-21 14:19:00,2011-02-02 11:55:00,3,881,United Kingdom,434.34,109,0
14461.0,2011-07-14 17:11:00,2011-03-23 12:15:00,3,766,United Kingdom,2103.06,147,0
14462.0,2011-10-04 15:55:00,2011-01-04 12:45:00,11,956,United Kingdom,1980.57,65,0
14463.0,2011-09-02 15:20:00,2011-05-18 14:42:00,3,179,United Kingdom,529.62,97,0
14465.0,2011-04-07 12:38:00,2011-02-10 12:13:00,3,398,United Kingdom,1038.44,246,1
14466.0,2011-11-10 14:07:00,2010-12-02 13:36:00,7,1006,United Kingdom,2272.4,28,0
14467.0,2011-11-22 12:48:00,2011-01-31 12:35:00,4,276,United Kingdom,596.26,17,0
14470.0,2011-11-28 10:31:00,2011-02-25 11:56:00,2,193,United Kingdom,461.19,11,0
14472.0,2011-08-28 11:01:00,2010-12-19 14:03:00,8,1135,United Kingdom,1852.67,103,0
14473.0,2011-09-26 15:10:00,2011-03-02 13:56:00,2,88,United Kingdom,234.34000000000003,73,0
14474.0,2011-10-24 13:26:00,2011-10-24 13:26:00,1,140,United Kingdom,547.66,45,0
14475.0,2011-09-29 10:46:00,2011-02-08 10:12:00,3,447,United Kingdom,925.85,71,0
14476.0,2011-03-27 15:39:00,2011-03-27 15:39:00,1,110,United Kingdom,193.0,256,1
14477.0,2011-11-20 11:11:00,2011-02-15 15:44:00,4,720,United Kingdom,1309.6,19,0
14479.0,2011-03-31 09:07:00,2010-12-09 12:59:00,2,117,United Kingdom,316.25,253,1
14480.0,2011-11-28 16:35:00,2011-11-28 16:35:00,1,143,United Kingdom,279.05,10,0
14481.0,2011-06-28 10:38:00,2011-02-25 13:53:00,2,489,United Kingdom,636.51,164,0
14482.0,2011-11-21 13:14:00,2011-04-14 16:41:00,6,1627,United Kingdom,2022.81,17,0
14483.0,2011-03-03 10:26:00,2011-03-03 10:26:00,1,97,United Kingdom,137.1,281,1
14484.0,2011-10-20 14:11:00,2011-10-20 14:11:00,1,210,United Kingdom,321.92,49,0
14485.0,2011-11-01 12:25:00,2011-11-01 12:25:00,1,70,United Kingdom,162.8,38,0
14487.0,2011-11-13 12:17:00,2010-12-06 13:22:00,6,712,United Kingdom,1165.48,26,0
14488.0,2011-10-03 09:30:00,2011-10-03 09:30:00,1,799,United Kingdom,1064.28,67,0
14489.0,2011-05-16 14:51:00,2011-05-16 14:51:00,1,299,United Kingdom,463.38,206,1
14491.0,2011-06-17 15:22:00,2010-12-02 12:10:00,2,139,United Kingdom,340.93,174,0
14493.0,2011-12-02 16:14:00,2011-07-07 16:59:00,5,1285,United Kingdom,2383.2400000000002,6,0
14494.0,2011-11-14 09:21:00,2011-11-14 09:21:00,1,92,United Kingdom,139.56,25,0
14495.0,2011-10-20 12:28:00,2011-08-10 14:13:00,2,62,United Kingdom,123.8,50,0
14496.0,2011-02-01 09:01:00,2010-12-01 15:35:00,2,159,United Kingdom,538.8100000000001,311,1
14497.0,2011-02-03 17:01:00,2011-02-03 17:01:00,1,235,United Kingdom,475.37,308,1
14498.0,2011-10-28 12:09:00,2010-12-13 11:29:00,5,1098,United Kingdom,1957.32,42,0
14499.0,2011-11-13 13:01:00,2011-03-06 11:55:00,3,496,United Kingdom,808.44,25,0
14500.0,2011-09-12 16:45:00,2011-06-03 10:08:00,3,117,United Kingdom,356.85,87,0
14501.0,2011-06-09 12:02:00,2011-01-24 10:43:00,2,161,United Kingdom,251.21,183,1
14502.0,2011-11-20 11:50:00,2011-01-30 15:52:00,11,1480,United Kingdom,2429.83,19,0
14503.0,2011-12-06 13:30:00,2011-06-14 10:00:00,6,2004,United Kingdom,3543.26,2,0
14504.0,2011-10-23 16:00:00,2011-03-06 14:38:00,4,308,United Kingdom,673.26,46,0
14505.0,2011-11-22 15:45:00,2010-12-12 16:14:00,8,2739,United Kingdom,5859.43,16,0
14506.0,2011-11-22 13:02:00,2010-12-05 14:25:00,5,704,United Kingdom,1960.65,16,0
14507.0,2011-11-16 12:21:00,2011-03-08 17:23:00,6,594,United Kingdom,1367.88,23,0
14508.0,2011-11-17 19:48:00,2011-09-11 11:29:00,2,129,United Kingdom,268.05,21,0
14511.0,2011-11-28 17:05:00,2011-07-29 12:13:00,5,784,United Kingdom,1314.81,10,0
14512.0,2011-06-05 12:39:00,2011-04-21 19:05:00,2,122,United Kingdom,275.28,187,1
14513.0,2011-08-31 11:25:00,2011-02-24 09:36:00,3,361,United Kingdom,455.59000000000003,100,0
14514.0,2011-10-09 16:05:00,2011-01-12 15:22:00,3,564,United Kingdom,990.2,60,0
14515.0,2011-11-22 11:37:00,2011-05-05 12:13:00,6,1110,United Kingdom,2076.89,17,0
14517.0,2011-11-06 14:20:00,2011-07-21 11:42:00,2,91,United Kingdom,330.45,32,0
14518.0,2011-10-06 14:43:00,2011-10-06 14:43:00,1,278,United Kingdom,174.37,63,0
14520.0,2011-12-08 09:46:00,2011-02-22 09:15:00,2,146,United Kingdom,270.6,1,0
14522.0,2011-11-15 13:24:00,2011-05-25 16:01:00,4,525,United Kingdom,974.54,23,0
14523.0,2011-08-23 13:13:00,2011-08-23 13:13:00,1,251,United Kingdom,241.09,107,0
14524.0,2011-11-08 12:29:00,2010-12-14 11:01:00,9,669,United Kingdom,1843.83,31,0
14525.0,2011-11-20 11:37:00,2010-12-13 17:40:00,9,2637,United Kingdom,4215.9,19,0
14527.0,2011-12-07 12:19:00,2010-12-05 13:17:00,55,2088,United Kingdom,8507.13,2,0
14528.0,2011-11-02 17:09:00,2011-11-02 17:09:00,1,278,United Kingdom,364.21999999999997,36,0
14529.0,2011-10-10 15:27:00,2011-08-21 14:10:00,3,325,United Kingdom,578.61,59,0
14530.0,2011-11-14 10:38:00,2011-02-16 10:47:00,6,1395,United Kingdom,2862.11,25,0
14532.0,2011-04-17 13:05:00,2010-12-22 13:48:00,4,284,United Kingdom,932.85,235,1
14533.0,2011-11-15 12:05:00,2010-12-22 11:07:00,7,4019,United Kingdom,1949.72,24,0
14534.0,2011-12-07 12:19:00,2011-01-25 12:33:00,18,2027,United Kingdom,4397.3,2,0
14535.0,2011-10-10 15:39:00,2011-04-05 12:50:00,3,1824,United Kingdom,2854.84,59,0
14536.0,2011-03-25 12:21:00,2011-03-25 12:21:00,1,39,United Kingdom,170.95,259,1
14537.0,2011-10-13 10:54:00,2011-10-13 10:54:00,1,120,United Kingdom,355.56,57,0
14538.0,2011-10-06 10:31:00,2011-03-28 14:57:00,2,155,United Kingdom,388.25,64,0
14539.0,2011-11-24 09:50:00,2011-10-26 12:03:00,2,428,United Kingdom,537.48,15,0
14540.0,2011-11-30 10:15:00,2011-02-03 15:02:00,3,411,United Kingdom,952.66,9,0
14541.0,2011-10-12 10:08:00,2011-01-24 14:16:00,8,641,United Kingdom,1453.35,58,0
14542.0,2011-06-07 08:19:00,2011-06-07 08:19:00,1,19,United Kingdom,103.25,185,1
14543.0,2011-11-11 12:45:00,2010-12-10 11:51:00,16,675,United Kingdom,3599.73,28,0
14544.0,2011-11-15 15:06:00,2010-12-13 12:50:00,2,1536,United Kingdom,2004.3,23,0
14546.0,2011-12-04 13:00:00,2011-04-05 12:37:00,5,1313,United Kingdom,2573.93,4,0
14547.0,2011-12-06 11:06:00,2011-10-16 14:35:00,8,2639,United Kingdom,3974.75,3,0
14548.0,2011-07-12 12:19:00,2011-01-26 08:38:00,2,256,United Kingdom,652.8,150,0
14549.0,2011-02-01 13:47:00,2011-02-01 13:47:00,1,136,United Kingdom,289.24,310,1
14550.0,2011-11-29 12:12:00,2011-10-26 12:14:00,2,389,United Kingdom,757.37,10,0
14551.0,2011-11-21 13:36:00,2011-05-19 18:21:00,2,106,United Kingdom,186.23,17,0
14552.0,2011-07-11 12:49:00,2011-07-11 12:49:00,1,90,United Kingdom,164.22,151,0
14553.0,2011-11-20 13:20:00,2011-01-04 15:40:00,5,493,United Kingdom,859.27,18,0
14554.0,2011-11-29 16:44:00,2011-10-18 13:04:00,4,1443,United Kingdom,2279.4900000000002,9,0
14555.0,2011-10-13 16:24:00,2011-02-10 17:19:00,2,122,United Kingdom,312.54,56,0
14557.0,2011-09-15 15:48:00,2011-09-15 15:48:00,1,510,United Kingdom,788.38,84,0
14560.0,2011-12-02 15:22:00,2010-12-17 09:22:00,22,1260,United Kingdom,2237.77,6,0
14561.0,2011-09-25 12:39:00,2011-06-08 13:26:00,3,1014,United Kingdom,1080.76,75,0
14562.0,2011-12-06 11:05:00,2011-02-08 14:45:00,18,1815,United Kingdom,5006.77,3,0
14565.0,2011-09-05 09:07:00,2010-12-13 13:25:00,4,1540,United Kingdom,3099.12,95,0
14566.0,2011-08-21 11:05:00,2011-08-21 11:05:00,1,800,Channel Islands,1432.0,110,0
14567.0,2011-10-14 10:21:00,2011-08-01 13:48:00,2,412,United Kingdom,1530.3600000000001,56,0
14569.0,2011-12-08 14:58:00,2011-12-08 14:58:00,1,79,United Kingdom,227.39,0,0
14570.0,2011-03-04 10:58:00,2011-03-04 10:39:00,2,95,United Kingdom,218.06,280,1
14572.0,2011-12-06 14:40:00,2011-01-19 17:23:00,7,1420,United Kingdom,2804.54,2,0
14573.0,2011-06-13 11:15:00,2010-12-02 19:59:00,9,534,United Kingdom,1639.82,179,0
14576.0,2010-12-02 17:51:00,2010-12-02 17:51:00,1,12,United Kingdom,35.400000000000006,371,1
14577.0,2011-11-27 12:47:00,2010-12-12 11:26:00,4,353,United Kingdom,859.71,12,0
14578.0,2011-12-06 17:18:00,2011-12-06 17:18:00,1,240,United Kingdom,168.63,2,0
14581.0,2011-11-23 12:39:00,2011-11-23 12:39:00,1,217,United Kingdom,138.6,16,0
14582.0,2011-10-30 11:56:00,2011-10-30 11:56:00,1,73,United Kingdom,114.11,40,0
14583.0,2011-12-04 12:32:00,2011-05-18 11:28:00,5,751,United Kingdom,986.96,5,0
14584.0,2011-06-23 18:33:00,2011-05-25 17:31:00,4,381,United Kingdom,1033.06,168,0
14585.0,2011-10-20 14:33:00,2011-10-20 14:33:00,1,91,United Kingdom,157.05,49,0
14586.0,2011-03-08 10:04:00,2011-03-08 10:04:00,1,444,United Kingdom,237.36,276,1
14587.0,2011-11-21 11:34:00,2011-01-12 13:16:00,9,749,United Kingdom,1580.29,18,0
14589.0,2010-12-03 11:42:00,2010-12-03 11:42:00,1,5,United Kingdom,39.75,371,1
14591.0,2011-11-24 13:57:00,2011-05-10 14:09:00,4,1228,United Kingdom,1320.21,14,0
14592.0,2011-11-04 16:35:00,2011-10-06 18:08:00,3,407,United Kingdom,557.94,34,0
14593.0,2011-11-18 12:48:00,2011-05-25 11:14:00,3,330,United Kingdom,617.15,21,0
14594.0,2011-12-02 13:28:00,2010-12-01 13:54:00,2,183,United Kingdom,363.33,6,0
14595.0,2011-11-20 12:12:00,2011-01-30 13:36:00,6,978,United Kingdom,1740.6,19,0
14597.0,2011-11-28 13:13:00,2011-06-01 12:33:00,2,566,United Kingdom,866.24,10,0
14598.0,2011-10-26 13:19:00,2011-10-26 13:19:00,1,189,United Kingdom,221.97,43,0
14600.0,2011-02-07 09:48:00,2011-02-07 09:48:00,1,125,United Kingdom,393.33000000000004,305,1
14601.0,2011-11-29 09:48:00,2011-11-29 09:48:00,1,168,United Kingdom,213.96,10,0
14603.0,2011-03-10 10:27:00,2011-03-10 10:27:00,1,400,United Kingdom,660.0,274,1
14606.0,2011-12-08 19:28:00,2010-12-01 16:57:00,93,6187,United Kingdom,12076.15,0,0
14607.0,2011-11-24 10:35:00,2011-03-23 15:22:00,14,11526,United Kingdom,16209.5,15,0
14608.0,2011-12-05 16:52:00,2010-12-12 14:49:00,4,437,United Kingdom,1785.15,3,0
14609.0,2011-09-28 12:54:00,2011-02-16 12:10:00,4,7026,United Kingdom,601.56,71,0
14616.0,2011-04-11 09:54:00,2011-01-26 12:42:00,3,104,United Kingdom,406.08000000000004,242,1
14618.0,2011-11-30 13:45:00,2011-01-06 11:59:00,3,264,United Kingdom,553.44,8,0
14619.0,2011-04-08 07:37:00,2011-04-08 07:37:00,1,152,United Kingdom,394.44,245,1
14620.0,2011-05-18 11:58:00,2011-03-01 08:30:00,2,214,United Kingdom,412.78000000000003,205,1
14621.0,2011-12-08 16:22:00,2010-12-16 13:00:00,5,993,United Kingdom,1788.3600000000001,0,0
14622.0,2011-06-08 12:42:00,2011-06-08 12:42:00,1,146,United Kingdom,320.58000000000004,184,1
14623.0,2011-11-07 13:56:00,2011-04-18 13:54:00,5,418,United Kingdom,886.7,31,0
14624.0,2011-10-13 13:44:00,2011-10-11 14:39:00,2,162,United Kingdom,225.85,56,0
14625.0,2011-05-27 15:32:00,2010-12-13 15:36:00,2,335,United Kingdom,899.63,195,1
14626.0,2011-11-16 10:37:00,2011-04-20 13:18:00,4,1403,United Kingdom,2791.27,23,0
14628.0,2011-09-09 14:58:00,2011-04-11 14:43:00,2,272,United Kingdom,671.96,90,0
14629.0,2011-12-05 16:55:00,2011-10-23 16:13:00,2,378,United Kingdom,955.26,3,0
14631.0,2011-10-20 11:17:00,2011-02-14 09:31:00,3,622,United Kingdom,1006.98,50,0
14632.0,2011-03-22 08:49:00,2011-03-22 08:49:00,1,96,United Kingdom,114.56,262,1
14633.0,2011-03-18 17:07:00,2011-03-18 17:07:00,1,96,United Kingdom,344.90000000000003,265,1
14636.0,2011-11-03 16:12:00,2011-03-16 09:52:00,2,241,United Kingdom,609.85,35,0
14638.0,2011-10-20 10:10:00,2011-10-20 10:10:00,1,166,United Kingdom,443.6,50,0
14639.0,2011-10-18 15:06:00,2010-12-13 13:50:00,6,1431,United Kingdom,2984.49,51,0
14640.0,2011-11-15 13:07:00,2011-04-26 12:31:00,6,880,United Kingdom,2107.38,23,0
14641.0,2011-11-18 10:42:00,2011-11-18 10:42:00,1,90,United Kingdom,110.46,21,0
14642.0,2011-10-12 11:08:00,2011-10-12 11:08:00,1,76,United Kingdom,96.12,58,0
14643.0,2011-06-22 14:41:00,2010-12-16 17:53:00,2,815,United Kingdom,693.8100000000001,169,0
14644.0,2011-10-03 08:30:00,2011-02-14 14:14:00,2,258,United Kingdom,830.76,67,0
14645.0,2011-07-06 09:15:00,2011-03-09 09:52:00,2,381,United Kingdom,597.09,156,0
14646.0,2011-12-08 12:12:00,2010-12-20 10:09:00,73,196915,Netherlands,280206.02,1,0
14647.0,2011-05-22 13:40:00,2011-05-22 13:40:00,1,91,United Kingdom,236.04000000000002,200,1
14649.0,2011-12-05 12:30:00,2011-05-11 14:37:00,4,1004,United Kingdom,1402.59,4,0
14651.0,2011-10-03 15:52:00,2011-05-12 16:29:00,2,343,United Kingdom,653.75,66,0
14652.0,2011-09-23 14:21:00,2011-09-23 14:21:00,1,53,United Kingdom,114.18,76,0
14653.0,2011-12-08 13:45:00,2011-01-05 13:40:00,7,945,United Kingdom,1926.65,0,0
14655.0,2011-12-01 16:28:00,2011-05-01 14:59:00,4,1089,United Kingdom,1932.23,7,0
14656.0,2011-06-23 13:51:00,2011-03-01 13:19:00,2,120,United Kingdom,291.05,168,0
14657.0,2011-11-22 12:47:00,2011-01-17 15:19:00,4,466,United Kingdom,848.22,17,0
14658.0,2011-12-04 15:35:00,2011-08-14 15:42:00,2,47,United Kingdom,247.15,4,0
14659.0,2011-12-01 12:17:00,2011-01-28 12:43:00,9,1195,United Kingdom,2529.93,8,0
14660.0,2011-09-14 11:34:00,2011-08-31 10:40:00,2,228,United Kingdom,285.74,86,0
14661.0,2011-11-13 11:51:00,2011-11-13 11:51:00,1,35,United Kingdom,107.95,26,0
14662.0,2011-11-11 12:13:00,2011-01-27 17:41:00,4,578,United Kingdom,741.37,28,0
14664.0,2011-11-20 10:59:00,2011-11-06 14:56:00,2,465,United Kingdom,636.24,19,0
14665.0,2011-10-10 09:14:00,2011-02-02 09:08:00,5,740,United Kingdom,1835.7,60,0
14666.0,2011-11-15 12:57:00,2011-11-15 12:57:00,1,161,United Kingdom,195.25,23,0
14667.0,2011-11-29 11:30:00,2010-12-06 13:13:00,25,5319,United Kingdom,9175.04,10,0
14669.0,2011-04-12 11:43:00,2011-01-11 12:30:00,3,770,United Kingdom,1259.24,241,1
14670.0,2011-03-04 14:13:00,2011-03-04 13:58:00,2,326,United Kingdom,392.86,279,1
14672.0,2011-04-19 10:19:00,2011-01-07 15:48:00,2,454,United Kingdom,765.55,234,1
14673.0,2011-12-06 14:31:00,2010-12-07 12:49:00,5,1004,United Kingdom,1736.4,2,0
14675.0,2011-11-23 12:58:00,2011-11-23 12:58:00,1,336,United Kingdom,596.36,15,0
14676.0,2011-11-08 13:29:00,2011-03-01 14:26:00,6,2500,United Kingdom,2548.2400000000002,30,0
14680.0,2011-11-14 16:59:00,2010-12-03 12:05:00,16,13476,United Kingdom,28754.11,24,0
14681.0,2011-09-29 15:52:00,2011-05-12 10:45:00,3,76,United Kingdom,498.95,70,0
14682.0,2011-06-05 12:12:00,2011-05-22 12:51:00,2,80,United Kingdom,52.0,187,1
14684.0,2011-11-14 11:33:00,2010-12-12 12:44:00,5,821,United Kingdom,1201.51,25,0
14687.0,2011-08-25 11:59:00,2011-08-25 11:59:00,1,470,United Kingdom,628.38,106,0
14688.0,2011-12-02 12:26:00,2010-12-01 09:37:00,21,3584,United Kingdom,5579.1,7,0
14689.0,2011-05-15 11:22:00,2011-05-15 11:22:00,1,76,United Kingdom,112.8,208,1
14690.0,2011-10-26 15:39:00,2011-07-11 11:58:00,2,167,United Kingdom,355.05,43,0
14691.0,2011-11-09 12:30:00,2011-05-11 09:55:00,5,707,United Kingdom,2114.33,30,0
14692.0,2011-07-25 15:08:00,2011-01-21 13:47:00,4,265,United Kingdom,591.55,136,0
14693.0,2011-03-20 12:50:00,2011-03-20 12:50:00,1,34,United Kingdom,172.9,264,1
14696.0,2011-12-05 13:43:00,2010-12-01 15:37:00,7,1630,United Kingdom,2078.95,3,0
14697.0,2011-05-05 15:39:00,2011-05-05 15:29:00,2,181,United Kingdom,188.60999999999999,217,1
14698.0,2011-12-08 12:26:00,2011-10-19 12:54:00,5,602,United Kingdom,1217.27,1,0
14699.0,2011-05-09 14:54:00,2011-05-09 14:54:00,1,77,United Kingdom,109.13000000000001,213,1
14700.0,2011-11-07 14:40:00,2011-04-15 13:16:00,3,1314,United Kingdom,2195.1,31,0
14701.0,2011-11-29 12:38:00,2011-01-27 12:40:00,9,921,United Kingdom,2526.09,10,0
14702.0,2011-12-08 19:29:00,2010-12-09 19:23:00,17,1439,United Kingdom,3251.79,0,0
14703.0,2011-11-25 09:23:00,2011-11-25 09:23:00,1,183,United Kingdom,318.17,14,0
14704.0,2011-11-28 12:51:00,2011-06-12 13:59:00,9,1043,United Kingdom,1493.96,10,0
14705.0,2011-05-25 12:39:00,2011-05-25 12:39:00,1,100,United Kingdom,179.0,198,1
14708.0,2011-12-07 08:21:00,2010-12-06 12:23:00,3,621,United Kingdom,1126.37,2,0
14709.0,2011-11-24 15:41:00,2010-12-16 13:43:00,13,2484,United Kingdom,4921.04,14,0
14710.0,2011-11-25 14:53:00,2011-10-11 13:49:00,4,375,United Kingdom,599.48,13,0
14711.0,2011-11-29 14:58:00,2011-03-22 13:32:00,11,966,United Kingdom,2839.62,9,0
14712.0,2011-11-10 12:59:00,2011-08-19 13:33:00,3,315,United Kingdom,917.07,28,0
14713.0,2011-11-30 16:26:00,2010-12-09 18:58:00,11,1613,United Kingdom,2662.2,8,0
14714.0,2011-11-15 13:07:00,2011-11-15 13:07:00,1,229,United Kingdom,160.19,23,0
14715.0,2011-11-15 12:10:00,2011-01-12 13:27:00,4,521,United Kingdom,867.38,24,0
14716.0,2011-10-27 17:29:00,2011-07-14 12:42:00,2,495,United Kingdom,307.51,42,0
14719.0,2011-12-08 12:43:00,2011-04-04 14:17:00,5,1025,United Kingdom,1581.84,1,0
14720.0,2011-12-04 12:02:00,2011-08-05 12:06:00,3,219,United Kingdom,663.81,5,0
14722.0,2011-07-15 14:58:00,2011-07-15 14:58:00,1,118,United Kingdom,180.42000000000002,146,0
14723.0,2011-11-29 15:23:00,2010-12-03 14:18:00,6,673,United Kingdom,1122.3600000000001,9,0
14725.0,2011-11-15 12:42:00,2011-11-15 12:42:00,1,588,United Kingdom,655.58,24,0
14727.0,2011-03-10 14:45:00,2011-03-10 14:45:00,1,62,United Kingdom,268.58,273,1
14729.0,2010-12-01 12:43:00,2010-12-01 12:43:00,1,197,United Kingdom,313.49,373,1
14730.0,2011-12-08 14:39:00,2011-03-08 12:49:00,8,1078,United Kingdom,1897.57,0,0
14731.0,2011-10-23 15:54:00,2011-05-11 13:06:00,3,256,United Kingdom,380.02,46,0
14732.0,2011-12-01 14:34:00,2011-01-04 14:40:00,8,1405,United Kingdom,2702.4900000000002,7,0
14733.0,2011-11-23 15:39:00,2010-12-07 11:30:00,12,3764,United Kingdom,9585.91,15,0
14735.0,2011-12-06 12:09:00,2010-12-16 16:05:00,32,2264,United Kingdom,6065.69,3,0
14737.0,2011-12-06 10:16:00,2010-12-21 13:49:00,3,345,United Kingdom,1164.55,3,0
14738.0,2011-10-28 08:56:00,2011-01-27 14:10:00,7,601,United Kingdom,1314.45,42,0
14739.0,2011-12-05 16:54:00,2010-12-07 14:58:00,7,3820,United Kingdom,3902.28,3,0
14740.0,2011-05-26 18:17:00,2011-03-01 08:35:00,3,735,United Kingdom,1448.21,196,1
14741.0,2011-11-28 08:48:00,2010-12-02 08:43:00,6,841,United Kingdom,1400.34,11,0
14744.0,2011-11-23 12:51:00,2010-12-08 10:21:00,7,627,United Kingdom,1099.98,15,0
14745.0,2011-08-19 10:05:00,2011-02-27 15:25:00,5,1038,United Kingdom,1220.26,112,0
14747.0,2011-04-04 14:09:00,2011-04-04 14:09:00,1,84,United Kingdom,328.2,248,1
14748.0,2011-11-10 18:33:00,2010-12-06 10:19:00,5,1223,United Kingdom,1415.75,28,0
14752.0,2011-10-27 11:55:00,2011-10-27 11:55:00,1,260,United Kingdom,389.64,43,0
14753.0,2011-09-13 14:50:00,2011-09-13 14:50:00,1,211,United Kingdom,563.15,86,0
14754.0,2011-10-26 12:01:00,2011-02-17 12:21:00,2,486,United Kingdom,638.05,44,0
14755.0,2011-11-30 11:24:00,2011-01-09 14:02:00,11,2219,United Kingdom,5010.28,9,0
14756.0,2011-11-24 18:13:00,2011-11-24 18:13:00,1,416,United Kingdom,738.96,14,0
14757.0,2011-09-25 14:36:00,2011-09-25 14:36:00,1,160,United Kingdom,420.5,74,0
14758.0,2011-07-18 08:21:00,2011-03-25 12:10:00,4,419,United Kingdom,1484.06,144,0
14759.0,2011-12-05 12:03:00,2011-04-21 10:55:00,3,569,United Kingdom,1625.97,4,0
14760.0,2011-02-15 16:27:00,2011-02-15 16:27:00,1,40,United Kingdom,89.2,296,1
14761.0,2011-10-12 12:10:00,2011-01-09 12:03:00,2,118,United Kingdom,255.9,58,0
14762.0,2011-03-21 08:20:00,2011-03-21 08:20:00,1,341,United Kingdom,300.52,263,1
14764.0,2011-10-24 11:54:00,2011-10-24 11:54:00,1,190,United Kingdom,278.3,46,0
14765.0,2011-11-10 19:53:00,2011-06-16 19:49:00,3,135,United Kingdom,254.11,28,0
14766.0,2011-12-01 16:05:00,2010-12-08 15:33:00,6,1349,United Kingdom,2473.37,7,0
14768.0,2011-11-22 12:54:00,2011-08-04 13:25:00,2,52,United Kingdom,192.60000000000002,16,0
14769.0,2011-12-07 10:24:00,2010-12-17 11:40:00,8,7239,United Kingdom,10416.98,2,0
14770.0,2011-04-21 14:21:00,2011-01-20 15:00:00,2,490,United Kingdom,876.42,231,1
14772.0,2011-08-19 15:04:00,2011-08-19 15:04:00,1,82,United Kingdom,139.26,111,0
14775.0,2011-10-12 15:27:00,2010-12-02 16:38:00,3,1174,United Kingdom,1011.9,57,0
14776.0,2011-10-19 15:34:00,2011-01-31 13:17:00,11,3134,United Kingdom,2538.3,50,0
14778.0,2011-08-04 15:23:00,2011-02-04 11:43:00,2,306,United Kingdom,730.86,126,0
14779.0,2011-03-04 12:42:00,2011-01-20 12:04:00,3,84,United Kingdom,386.15,280,1
14780.0,2011-10-16 12:46:00,2011-09-21 15:15:00,2,310,United Kingdom,447.68,54,0
14782.0,2011-01-24 11:12:00,2011-01-24 11:12:00,1,114,United Kingdom,200.10000000000002,319,1
14784.0,2011-11-13 13:30:00,2011-01-20 09:25:00,2,237,United Kingdom,289.99,25,0
14785.0,2011-11-29 13:21:00,2011-11-24 13:40:00,2,84,United Kingdom,77.4,9,0
14788.0,2011-12-02 17:06:00,2011-11-13 15:52:00,2,421,United Kingdom,679.4399999999999,6,0
14789.0,2011-11-11 08:59:00,2011-11-11 08:59:00,1,116,United Kingdom,197.64,28,0
14790.0,2011-11-23 09:28:00,2011-03-31 11:49:00,4,699,United Kingdom,745.06,16,0
14792.0,2011-10-07 09:19:00,2011-10-07 09:19:00,1,2,United Kingdom,6.2,63,0
14793.0,2011-11-18 14:50:00,2011-11-18 14:50:00,1,91,United Kingdom,228.99,20,0
14794.0,2011-12-07 10:11:00,2011-01-09 16:11:00,7,673,United Kingdom,1319.91,2,0
14795.0,2011-06-26 13:04:00,2011-06-26 13:04:00,1,17,United Kingdom,131.45000000000002,165,0
14796.0,2011-12-08 15:31:00,2010-12-08 10:40:00,17,5995,United Kingdom,7975.49,0,0
14798.0,2011-10-18 10:58:00,2011-02-02 15:26:00,3,150,United Kingdom,173.74,52,0
14799.0,2011-10-19 16:16:00,2011-10-19 16:16:00,1,146,United Kingdom,157.7,50,0
14800.0,2011-10-23 12:46:00,2010-12-05 11:10:00,12,3644,United Kingdom,4331.79,47,0
14801.0,2011-10-09 15:24:00,2011-10-09 15:24:00,1,173,United Kingdom,189.34,60,0
14803.0,2011-06-30 13:58:00,2011-02-20 13:21:00,3,370,United Kingdom,845.55,161,0
14804.0,2011-12-01 11:20:00,2011-12-01 11:20:00,1,121,United Kingdom,353.27,8,0
14805.0,2011-11-24 16:20:00,2011-01-30 10:43:00,4,114,United Kingdom,546.4,14,0
14806.0,2011-09-25 15:32:00,2011-09-25 15:32:00,1,330,United Kingdom,193.39000000000001,74,0
14808.0,2011-10-31 12:21:00,2011-06-20 12:53:00,8,2120,United Kingdom,2718.6,39,0
14810.0,2011-10-30 11:19:00,2010-12-05 12:08:00,11,1015,United Kingdom,2085.33,40,0
14813.0,2010-12-05 11:57:00,2010-12-05 11:54:00,2,66,United Kingdom,152.88,369,1
14815.0,2011-11-03 11:36:00,2011-10-03 11:36:00,2,744,United Kingdom,778.5,36,0
14816.0,2011-05-26 13:16:00,2011-05-26 13:16:00,1,5,United Kingdom,271.85,196,1
14817.0,2011-05-23 13:35:00,2011-03-07 13:51:00,2,655,United Kingdom,1110.34,199,1
14818.0,2011-09-27 11:01:00,2011-03-31 12:28:00,3,324,United Kingdom,657.8,73,0
14819.0,2011-10-06 13:41:00,2011-05-31 13:50:00,2,109,United Kingdom,272.07,63,0
14820.0,2011-11-18 15:41:00,2011-06-19 14:56:00,4,253,United Kingdom,507.29,20,0
14821.0,2010-12-08 08:43:00,2010-12-08 08:43:00,1,20,United Kingdom,48.800000000000004,366,1
14823.0,2011-06-12 13:12:00,2011-05-29 12:48:00,3,88,United Kingdom,321.43,179,0
14824.0,2011-11-29 14:20:00,2011-09-09 14:12:00,4,525,United Kingdom,1127.71,9,0
14825.0,2011-12-06 11:38:00,2010-12-06 12:30:00,12,989,United Kingdom,2221.01,3,0
14828.0,2011-05-27 10:16:00,2011-01-07 09:50:00,3,2172,United Kingdom,2139.76,196,1
14829.0,2011-11-10 16:16:00,2010-12-02 16:12:00,4,452,United Kingdom,697.55,28,0
14830.0,2011-10-17 14:29:00,2011-10-17 14:29:00,1,164,United Kingdom,188.88,52,0
14834.0,2011-11-22 10:30:00,2011-04-13 15:00:00,6,734,United Kingdom,1720.3,17,0
14836.0,2011-11-29 16:45:00,2011-11-09 13:26:00,3,45,United Kingdom,102.44999999999999,9,0
14837.0,2011-09-11 10:58:00,2011-05-22 12:49:00,4,1436,United Kingdom,1649.5,89,0
14840.0,2011-03-17 12:00:00,2011-03-17 12:00:00,1,31,United Kingdom,62.85,267,1
14841.0,2011-10-17 15:03:00,2010-12-16 10:28:00,6,1778,United Kingdom,3295.76,52,0
14842.0,2011-10-27 12:37:00,2011-02-04 15:32:00,4,1166,United Kingdom,2824.69,43,0
14844.0,2011-10-07 10:41:00,2011-04-12 13:10:00,4,1833,United Kingdom,3189.81,63,0
14847.0,2011-07-14 10:52:00,2011-07-14 10:52:00,1,120,United Kingdom,309.4,148,0
14849.0,2011-11-18 10:58:00,2010-12-01 12:22:00,25,5694,United Kingdom,7930.54,21,0
14850.0,2011-02-01 11:21:00,2011-02-01 11:21:00,1,293,United Kingdom,325.75,311,1
14851.0,2011-11-16 14:20:00,2011-03-28 14:59:00,2,325,United Kingdom,511.35,22,0
14852.0,2011-10-12 13:20:00,2011-04-01 13:22:00,6,1747,United Kingdom,2836.69,57,0
14853.0,2011-11-15 16:56:00,2011-05-12 15:17:00,2,82,United Kingdom,475.8,23,0
14854.0,2011-09-22 17:00:00,2011-03-10 12:22:00,7,1820,United Kingdom,2740.03,77,0
14855.0,2011-08-12 14:02:00,2011-07-28 12:06:00,2,267,United Kingdom,645.65,118,0
14856.0,2011-11-03 14:53:00,2011-10-14 09:35:00,3,711,United Kingdom,1290.53,35,0
14857.0,2011-10-11 09:23:00,2011-07-14 15:03:00,2,464,United Kingdom,1173.12,59,0
14859.0,2011-11-27 11:18:00,2011-05-19 14:42:00,4,671,United Kingdom,1353.74,12,0
14860.0,2011-11-20 14:17:00,2011-11-20 14:17:00,1,232,United Kingdom,170.32,18,0
14861.0,2011-10-18 12:54:00,2011-10-18 12:54:00,1,117,United Kingdom,125.79,51,0
14862.0,2011-11-14 10:01:00,2011-07-14 11:20:00,2,772,United Kingdom,841.1999999999999,25,0
14863.0,2011-11-10 15:04:00,2011-11-10 15:04:00,1,132,United Kingdom,266.76,28,0
14865.0,2011-12-02 16:25:00,2010-12-02 18:23:00,2,108,United Kingdom,52.2,6,0
14866.0,2011-11-29 11:45:00,2010-12-08 14:58:00,12,6752,United Kingdom,14389.9,10,0
14867.0,2011-06-07 11:39:00,2011-01-07 16:34:00,3,328,United Kingdom,710.28,185,1
14868.0,2011-12-06 14:49:00,2011-04-20 13:36:00,8,1405,United Kingdom,2953.59,2,0
14869.0,2011-12-01 12:36:00,2011-08-28 16:09:00,2,549,United Kingdom,721.45,8,0
14870.0,2011-03-23 10:51:00,2011-03-23 10:51:00,1,119,United Kingdom,327.25,261,1
14871.0,2011-12-06 13:42:00,2010-12-14 12:18:00,4,179,United Kingdom,501.28000000000003,2,0
14873.0,2011-05-13 13:52:00,2011-05-13 13:52:00,1,168,United Kingdom,519.68,209,1
14875.0,2011-08-24 12:20:00,2011-03-22 11:53:00,2,558,United Kingdom,1465.3200000000002,107,0
14878.0,2011-11-27 11:15:00,2010-12-16 12:11:00,9,799,United Kingdom,1476.09,12,0
14880.0,2011-09-23 13:42:00,2011-02-24 12:27:00,3,365,United Kingdom,690.59,76,0
14881.0,2011-11-20 11:06:00,2011-11-20 11:06:00,1,316,United Kingdom,255.4,19,0
14882.0,2011-11-13 12:47:00,2011-11-06 10:15:00,2,158,United Kingdom,589.7,26,0
14883.0,2011-11-21 10:23:00,2011-05-12 09:49:00,6,790,United Kingdom,761.59,18,0
14885.0,2011-07-31 12:05:00,2011-07-31 12:05:00,1,724,United Kingdom,765.3199999999999,131,0
14886.0,2011-04-01 08:56:00,2011-04-01 08:56:00,1,160,United Kingdom,364.8,252,1
14887.0,2011-09-21 15:32:00,2011-09-21 15:32:00,1,1100,United Kingdom,1862.0,78,0
14888.0,2011-05-16 14:58:00,2011-05-16 14:58:00,1,184,United Kingdom,369.2,206,1
14889.0,2011-01-07 15:19:00,2011-01-07 15:19:00,1,90,United Kingdom,135.9,335,1
14890.0,2011-03-31 11:57:00,2011-03-31 11:57:00,1,51,United Kingdom,125.65,253,1
14891.0,2011-07-14 18:08:00,2011-06-05 10:58:00,2,505,United Kingdom,554.38,147,0
14893.0,2011-11-30 12:31:00,2011-11-28 10:49:00,2,799,United Kingdom,1237.8500000000001,9,0
14894.0,2011-09-15 13:51:00,2011-09-15 13:51:00,1,265,United Kingdom,655.75,84,0
14895.0,2011-12-02 09:23:00,2011-02-22 13:08:00,20,4851,United Kingdom,11138.710000000001,7,0
14896.0,2011-05-19 10:20:00,2010-12-09 12:24:00,2,279,United Kingdom,468.77000000000004,204,1
14897.0,2011-12-02 10:32:00,2011-02-16 08:37:00,4,468,United Kingdom,1366.38,7,0
14898.0,2011-11-16 14:54:00,2010-12-03 15:25:00,6,1001,United Kingdom,1269.31,22,0
14901.0,2011-11-28 17:09:00,2010-12-02 11:20:00,9,661,United Kingdom,1421.29,10,0
14902.0,2011-11-14 10:34:00,2011-11-14 10:34:00,1,218,United Kingdom,332.66,25,0
14903.0,2011-11-18 16:07:00,2011-03-06 11:50:00,5,1531,United Kingdom,2795.33,20,0
14904.0,2011-12-07 12:55:00,2011-11-14 09:13:00,2,1985,United Kingdom,1025.44,1,0
14905.0,2011-07-05 12:41:00,2011-04-20 10:48:00,2,287,United Kingdom,616.15,157,0
14907.0,2011-12-06 14:14:00,2010-12-07 10:14:00,7,1691,United Kingdom,3501.1,2,0
14908.0,2011-09-26 12:56:00,2011-09-26 12:56:00,1,132,United Kingdom,277.8,73,0
14910.0,2011-12-07 10:06:00,2011-10-16 11:06:00,4,238,United Kingdom,434.35,2,0
14911.0,2011-12-08 15:54:00,2010-12-01 14:05:00,201,80240,EIRE,143711.17,0,0
14912.0,2011-11-23 09:20:00,2011-04-07 11:06:00,2,971,Italy,867.85,16,0
14913.0,2011-11-04 08:29:00,2010-12-15 14:35:00,4,1743,United Kingdom,1227.43,35,0
14915.0,2011-09-09 13:34:00,2011-03-07 09:39:00,2,112,United Kingdom,307.48,90,0
14916.0,2011-09-30 09:20:00,2011-01-19 15:30:00,4,1136,United Kingdom,1268.98,70,0
14918.0,2011-08-16 11:50:00,2011-07-08 12:50:00,2,675,United Kingdom,1610.15,115,0
14920.0,2011-05-11 10:32:00,2011-05-11 10:31:00,2,509,United Kingdom,977.77,212,1
14921.0,2011-11-09 13:17:00,2011-05-22 12:51:00,2,953,United Kingdom,1316.07,29,0
14923.0,2011-10-20 11:51:00,2011-10-20 11:51:00,1,418,United Kingdom,749.1,50,0
14924.0,2011-04-08 09:25:00,2011-04-08 09:25:00,1,64,United Kingdom,310.05,245,1
14929.0,2011-11-07 17:21:00,2011-11-07 17:21:00,1,136,United Kingdom,223.88,31,0
14930.0,2011-08-23 10:31:00,2011-03-10 14:42:00,3,1160,Channel Islands,2362.96,108,0
14931.0,2011-12-05 10:19:00,2011-04-13 09:32:00,5,417,Channel Islands,1257.68,4,0
14932.0,2010-12-09 11:48:00,2010-12-09 11:48:00,1,80,Channel Islands,363.53,365,1
14934.0,2011-09-19 10:10:00,2011-03-02 11:48:00,2,1042,Channel Islands,1890.94,81,0
14935.0,2011-02-15 14:44:00,2011-02-15 14:44:00,1,935,Channel Islands,1784.71,296,1
14936.0,2011-11-06 10:30:00,2011-03-09 11:53:00,8,4085,Channel Islands,8137.02,33,0
14937.0,2011-10-14 12:29:00,2011-08-01 14:16:00,3,484,Channel Islands,1621.88,56,0
14944.0,2011-11-10 09:10:00,2011-02-16 12:47:00,12,2815,United Kingdom,5900.25,29,0
14946.0,2011-11-25 13:33:00,2011-11-25 13:33:00,1,22,United Kingdom,100.9,13,0
14947.0,2011-09-28 15:48:00,2011-08-01 09:31:00,2,179,United Kingdom,290.82,71,0
14948.0,2011-11-16 17:16:00,2011-05-04 14:52:00,6,673,United Kingdom,1101.97,22,0
14950.0,2011-11-20 13:48:00,2011-11-20 13:48:00,1,136,United Kingdom,371.2,18,0
14951.0,2011-09-21 15:15:00,2011-09-21 15:15:00,1,311,United Kingdom,311.69,78,0
14952.0,2011-10-11 10:33:00,2010-12-10 12:48:00,11,3355,United Kingdom,8099.49,59,0
14953.0,2011-11-14 14:59:00,2011-11-14 14:59:00,1,224,United Kingdom,285.67,24,0
14954.0,2011-11-27 14:30:00,2011-11-27 14:30:00,1,117,United Kingdom,294.85,11,0
14957.0,2011-03-31 17:59:00,2011-03-31 17:59:00,1,34,United Kingdom,58.49,252,1
14958.0,2011-07-15 14:20:00,2011-04-08 11:28:00,3,128,United Kingdom,483.72999999999996,146,0
14959.0,2011-10-06 18:23:00,2011-02-16 13:00:00,4,494,United Kingdom,695.42,63,0
14960.0,2011-12-01 12:54:00,2011-06-21 13:38:00,2,221,United Kingdom,221.27,7,0
14961.0,2011-11-29 09:42:00,2010-12-14 11:38:00,9,3708,United Kingdom,7044.68,10,0
14962.0,2011-03-14 09:42:00,2011-03-14 09:42:00,1,44,United Kingdom,126.7,270,1
14963.0,2011-11-30 12:16:00,2011-06-09 12:30:00,5,1159,United Kingdom,1472.34,9,0
14964.0,2011-04-06 14:13:00,2011-04-06 14:13:00,1,143,United Kingdom,206.21,246,1
14965.0,2011-09-04 13:20:00,2011-09-04 13:15:00,2,363,United Kingdom,596.09,95,0
14966.0,2011-11-25 12:20:00,2011-11-25 12:20:00,1,179,United Kingdom,183.02,14,0
14967.0,2011-10-21 11:06:00,2011-10-21 11:06:00,1,140,United Kingdom,463.8,49,0
14968.0,2011-11-09 13:58:00,2011-11-09 13:58:00,1,127,United Kingdom,147.59,29,0
14970.0,2011-10-02 13:44:00,2011-01-27 12:23:00,4,250,United Kingdom,1592.06,67,0
14971.0,2011-11-04 17:07:00,2011-10-27 13:33:00,3,639,United Kingdom,1097.98,34,0
14972.0,2011-08-03 14:54:00,2011-08-03 14:54:00,1,28,United Kingdom,114.77,127,0
14973.0,2011-08-24 15:51:00,2011-04-28 12:22:00,3,369,United Kingdom,1314.45,106,0
14974.0,2011-11-02 13:01:00,2011-11-02 13:01:00,1,37,United Kingdom,89.94,36,0
14975.0,2011-10-13 14:08:00,2011-10-13 14:08:00,1,380,United Kingdom,279.94,56,0
14976.0,2011-10-13 16:37:00,2011-01-17 11:09:00,7,234,United Kingdom,790.86,56,0
14978.0,2011-09-28 13:07:00,2011-01-13 12:03:00,5,523,United Kingdom,1921.3700000000001,71,0
14981.0,2011-04-07 13:45:00,2011-04-07 13:45:00,1,97,United Kingdom,102.12,245,1
14984.0,2011-11-20 14:28:00,2011-06-12 11:04:00,2,58,United Kingdom,202.37,18,0
14985.0,2011-05-25 14:29:00,2010-12-16 19:51:00,2,256,United Kingdom,292.01,197,1
14987.0,2011-11-24 09:59:00,2010-12-09 12:13:00,2,128,United Kingdom,326.4,15,0
14988.0,2011-05-12 12:05:00,2011-05-12 12:05:00,1,141,United Kingdom,334.54,211,1
14995.0,2011-11-01 11:39:00,2011-03-04 13:14:00,2,102,United Kingdom,231.98000000000002,38,0
14997.0,2011-10-24 13:28:00,2011-06-14 16:52:00,3,1120,United Kingdom,546.1999999999999,45,0
14998.0,2011-06-22 17:30:00,2011-04-12 16:28:00,2,258,United Kingdom,414.87,169,0
15000.0,2011-10-23 11:42:00,2011-10-23 11:42:00,1,218,United Kingdom,490.52,47,0
15002.0,2011-08-16 10:44:00,2010-12-07 13:16:00,4,862,United Kingdom,1641.76,115,0
15004.0,2011-07-15 14:05:00,2011-07-15 14:05:00,1,623,United Kingdom,1220.77,146,0
15005.0,2011-11-24 12:25:00,2010-12-08 14:36:00,28,4230,United Kingdom,6295.37,15,0
15006.0,2011-10-19 15:08:00,2011-10-19 15:08:00,1,286,United Kingdom,480.38,50,0
15007.0,2011-07-03 16:00:00,2011-07-03 16:00:00,1,69,United Kingdom,156.91,158,0
15009.0,2011-11-27 13:35:00,2011-11-14 17:40:00,3,639,United Kingdom,1259.43,11,0
15010.0,2011-11-04 12:42:00,2011-11-04 12:42:00,1,184,United Kingdom,308.94,35,0
15012.0,2011-10-17 12:22:00,2010-12-01 12:49:00,2,225,United Kingdom,405.04,53,0
15014.0,2011-10-27 20:07:00,2011-06-16 19:40:00,2,149,United Kingdom,257.67,42,0
15016.0,2011-06-20 12:06:00,2011-06-20 12:06:00,1,76,United Kingdom,170.04,172,0
15017.0,2011-11-06 10:33:00,2011-11-06 10:33:00,1,63,United Kingdom,125.58,33,0
15018.0,2011-11-01 12:47:00,2010-12-07 10:47:00,3,189,United Kingdom,496.21000000000004,38,0
15019.0,2011-03-18 12:35:00,2011-03-18 12:35:00,1,150,United Kingdom,252.81,266,1
15021.0,2011-12-01 11:53:00,2010-12-08 12:17:00,9,819,United Kingdom,1871.77,8,0
15022.0,2011-11-28 12:35:00,2011-10-23 15:47:00,4,527,United Kingdom,852.39,11,0
15023.0,2011-12-06 17:23:00,2010-12-05 13:49:00,11,2827,United Kingdom,6720.41,2,0
15024.0,2011-11-30 12:06:00,2010-12-07 13:20:00,10,902,United Kingdom,1636.43,9,0
15025.0,2011-11-06 15:20:00,2011-11-06 15:20:00,1,184,United Kingdom,361.96,32,0
15026.0,2011-09-20 13:52:00,2011-03-07 13:45:00,3,285,United Kingdom,469.0,79,0
15027.0,2011-11-09 10:16:00,2011-04-15 14:14:00,4,565,United Kingdom,1066.1499999999999,30,0
15028.0,2011-12-01 14:06:00,2010-12-06 12:47:00,4,459,United Kingdom,627.13,7,0
15030.0,2011-09-29 10:50:00,2011-03-16 15:34:00,2,372,United Kingdom,518.28,71,0
15031.0,2011-12-05 14:19:00,2011-03-02 14:46:00,4,400,United Kingdom,653.19,3,0
15032.0,2011-03-28 15:03:00,2010-12-08 12:57:00,3,2968,United Kingdom,4959.1,255,1
15033.0,2011-12-05 12:40:00,2011-01-14 13:28:00,10,1672,United Kingdom,2557.18,4,0
15034.0,2011-11-24 12:11:00,2010-12-21 09:47:00,8,2413,United Kingdom,4274.16,15,0
15035.0,2011-09-11 11:08:00,2011-09-11 11:08:00,1,245,United Kingdom,252.73000000000002,89,0
15036.0,2011-09-28 15:42:00,2011-06-13 12:19:00,3,316,United Kingdom,429.56,71,0
15038.0,2011-10-12 11:33:00,2010-12-05 10:54:00,6,212,United Kingdom,685.74,58,0
15039.0,2011-11-30 11:31:00,2010-12-06 11:26:00,47,9131,United Kingdom,19766.59,9,0
15041.0,2011-06-22 16:16:00,2011-06-22 16:16:00,1,103,United Kingdom,179.93,169,0
15042.0,2011-05-24 16:25:00,2011-05-24 16:25:00,1,30,United Kingdom,135.93,198,1
15043.0,2011-11-08 14:26:00,2011-11-08 14:26:00,1,300,United Kingdom,537.0,30,0
15044.0,2011-11-20 13:20:00,2010-12-12 14:27:00,17,2785,United Kingdom,7634.7300000000005,18,0
15045.0,2011-07-11 11:33:00,2011-03-27 11:44:00,2,114,United Kingdom,735.66,151,0
15046.0,2011-11-30 15:50:00,2011-01-05 15:30:00,15,3372,United Kingdom,5090.42,8,0
15047.0,2011-03-15 10:49:00,2011-03-15 10:49:00,1,222,United Kingdom,343.62,269,1
15048.0,2011-10-05 14:55:00,2010-12-06 12:15:00,4,192,United Kingdom,381.0,64,0
15049.0,2011-03-11 12:13:00,2011-03-11 12:13:00,1,63,United Kingdom,121.17000000000002,273,1
15050.0,2011-11-14 16:17:00,2011-09-29 13:22:00,3,1216,United Kingdom,1737.69,24,0
15051.0,2011-11-16 15:38:00,2011-07-12 15:29:00,3,1010,United Kingdom,1383.3600000000001,22,0
15052.0,2011-01-24 15:52:00,2011-01-24 15:52:00,1,79,United Kingdom,207.73000000000002,318,1
15053.0,2011-12-05 12:08:00,2011-03-03 12:06:00,3,984,United Kingdom,693.95,4,0
15054.0,2011-11-27 15:02:00,2011-10-30 14:33:00,2,198,United Kingdom,302.1,11,0
15057.0,2011-03-09 15:17:00,2011-01-28 09:09:00,2,668,United Kingdom,1489.5,274,1
15058.0,2011-11-14 14:57:00,2011-01-31 15:35:00,11,1054,United Kingdom,2102.54,24,0
15059.0,2011-10-30 11:35:00,2011-01-09 11:54:00,9,604,United Kingdom,1337.72,40,0
15060.0,2011-12-01 13:47:00,2011-11-30 14:03:00,4,257,United Kingdom,294.25,7,0
15061.0,2011-12-06 12:06:00,2010-12-02 15:19:00,48,28920,United Kingdom,54534.14,3,0
15062.0,2011-09-29 16:51:00,2010-12-15 15:37:00,4,763,United Kingdom,987.86,70,0
15063.0,2011-05-10 13:25:00,2011-05-10 13:25:00,1,56,United Kingdom,370.79999999999995,212,1
15065.0,2011-11-02 09:45:00,2011-02-21 12:54:00,4,1383,United Kingdom,3158.13,37,0
15066.0,2011-10-17 13:25:00,2011-10-17 13:25:00,1,317,United Kingdom,893.59,52,0
15067.0,2011-09-22 13:20:00,2011-03-02 12:10:00,3,954,United Kingdom,1744.76,77,0
15068.0,2011-10-24 14:47:00,2011-03-28 14:27:00,2,364,United Kingdom,553.36,45,0
15069.0,2011-06-13 14:16:00,2011-06-13 14:16:00,1,520,United Kingdom,1109.53,178,0
15070.0,2010-12-02 11:23:00,2010-12-02 11:23:00,1,36,United Kingdom,106.2,372,1
15071.0,2011-09-07 11:43:00,2011-03-09 10:19:00,2,269,United Kingdom,982.07,93,0
15073.0,2011-11-30 10:44:00,2011-06-06 09:59:00,3,491,United Kingdom,1043.41,9,0
15074.0,2011-08-26 14:45:00,2011-08-26 14:45:00,1,431,United Kingdom,735.67,104,0
15075.0,2011-09-23 12:27:00,2011-09-23 12:27:00,1,447,United Kingdom,773.03,77,0
15076.0,2011-06-20 08:23:00,2011-06-20 08:23:00,1,571,United Kingdom,880.85,172,0
15078.0,2011-12-02 15:41:00,2010-12-06 12:38:00,32,5105,United Kingdom,9743.11,6,0
15079.0,2011-05-11 12:45:00,2010-12-09 09:25:00,4,389,United Kingdom,895.61,212,1
15081.0,2011-11-17 17:08:00,2010-12-07 16:20:00,5,190,United Kingdom,504.8,21,0
15083.0,2011-03-28 12:18:00,2011-03-28 12:18:00,1,38,United Kingdom,88.2,256,1
15087.0,2011-03-03 10:34:00,2011-03-03 10:34:00,1,470,United Kingdom,306.94,281,1
15088.0,2011-11-18 13:14:00,2011-10-03 14:05:00,2,460,United Kingdom,1160.07,20,0
15089.0,2011-11-29 16:31:00,2011-08-03 14:14:00,6,1359,United Kingdom,2420.84,9,0
15090.0,2011-02-04 14:03:00,2011-02-04 14:03:00,1,208,United Kingdom,381.32,307,1
15091.0,2011-10-03 12:47:00,2011-10-03 12:47:00,1,346,United Kingdom,480.71,67,0
15092.0,2011-05-08 14:10:00,2011-03-01 12:24:00,2,135,United Kingdom,457.81,214,1
15093.0,2011-11-21 13:09:00,2010-12-02 18:25:00,6,3760,United Kingdom,4597.02,17,0
15095.0,2011-08-28 12:01:00,2011-05-20 14:27:00,4,1079,United Kingdom,1370.6,103,0
15096.0,2011-10-28 10:27:00,2011-10-28 10:27:00,1,120,United Kingdom,219.39000000000001,42,0
15097.0,2011-12-05 14:03:00,2011-12-05 14:03:00,1,170,United Kingdom,248.08,3,0
15098.0,2011-06-10 15:33:00,2011-06-10 15:22:00,3,121,United Kingdom,39916.5,181,1
15099.0,2011-09-16 13:13:00,2011-09-16 13:13:00,1,343,United Kingdom,410.48,83,0
15100.0,2011-01-10 10:35:00,2010-12-01 09:09:00,3,80,United Kingdom,876.0,333,1
15101.0,2011-12-01 10:18:00,2010-12-15 12:54:00,2,241,United Kingdom,317.53,8,0
15103.0,2011-11-08 14:53:00,2011-09-14 13:54:00,2,329,United Kingdom,703.36,30,0
15104.0,2011-05-27 12:29:00,2011-03-02 14:16:00,2,635,United Kingdom,993.54,196,1
15105.0,2011-11-21 16:54:00,2011-07-28 10:09:00,7,1211,United Kingdom,2298.93,17,0
15106.0,2011-11-22 09:16:00,2011-03-15 12:52:00,5,1181,United Kingdom,1422.52,17,0
15107.0,2011-02-01 14:46:00,2010-12-02 13:45:00,6,169,United Kingdom,319.5,310,1
15108.0,2011-07-21 10:24:00,2011-04-26 10:54:00,4,499,European Community,1300.25,141,0
15109.0,2011-04-08 09:58:00,2011-04-08 09:58:00,1,131,United Kingdom,484.95,245,1
15110.0,2011-11-16 11:16:00,2011-01-25 11:41:00,4,246,United Kingdom,996.1,23,0
15111.0,2011-11-10 16:58:00,2010-12-02 11:45:00,3,710,United Kingdom,1567.48,28,0
15113.0,2011-11-30 08:23:00,2011-10-16 15:27:00,3,2344,United Kingdom,3509.43,9,0
15114.0,2011-11-09 15:05:00,2011-02-11 08:45:00,10,3096,United Kingdom,2760.56,29,0
15115.0,2011-11-21 14:59:00,2011-11-21 14:59:00,1,157,United Kingdom,340.11,17,0
15116.0,2011-11-22 12:25:00,2011-05-19 08:50:00,4,648,United Kingdom,1352.75,17,0
15117.0,2011-11-25 08:12:00,2011-05-08 12:38:00,5,1948,United Kingdom,1551.78,14,0
15118.0,2011-07-28 14:54:00,2011-07-28 14:54:00,1,1440,United Kingdom,244.8,133,0
15119.0,2011-04-08 09:08:00,2011-04-08 09:08:00,1,88,United Kingdom,266.4,245,1
15120.0,2011-07-29 09:48:00,2011-07-29 09:48:00,1,296,United Kingdom,358.82,133,0
15121.0,2011-10-20 14:51:00,2011-02-24 12:41:00,2,199,United Kingdom,457.72,49,0
15122.0,2011-08-17 16:48:00,2011-02-15 09:59:00,3,800,United Kingdom,1633.78,113,0
15123.0,2011-12-02 13:12:00,2011-05-17 14:57:00,2,1195,United Kingdom,2199.31,6,0
15124.0,2011-11-17 10:09:00,2011-06-01 09:06:00,2,233,United Kingdom,184.19,22,0
15125.0,2011-11-14 13:57:00,2011-03-14 09:59:00,15,6193,United Kingdom,11528.48,24,0
15127.0,2011-10-05 10:30:00,2011-10-05 10:30:00,1,251,United Kingdom,406.53,65,0
15128.0,2011-10-10 13:54:00,2011-05-04 12:32:00,4,1343,United Kingdom,1471.0,59,0
15129.0,2011-10-20 14:40:00,2011-02-21 09:09:00,11,1794,United Kingdom,3447.4,49,0
15130.0,2011-06-23 10:15:00,2011-06-23 10:15:00,1,197,United Kingdom,330.11,169,0
15132.0,2011-11-21 17:10:00,2011-03-22 12:02:00,5,679,United Kingdom,977.9300000000001,17,0
15133.0,2011-08-04 10:44:00,2011-02-11 10:38:00,3,680,United Kingdom,982.42,127,0
15134.0,2011-11-25 08:55:00,2011-04-13 11:05:00,8,887,United Kingdom,1387.99,14,0
15135.0,2011-04-14 19:16:00,2011-04-14 19:16:00,1,43,United Kingdom,139.05,238,1
15136.0,2011-12-07 12:26:00,2011-09-04 16:05:00,4,776,United Kingdom,1286.7,2,0
15139.0,2011-04-14 11:39:00,2011-01-07 12:44:00,2,208,United Kingdom,178.96,239,1
15140.0,2011-10-18 14:07:00,2011-03-20 14:37:00,7,1572,United Kingdom,2354.25,51,0
15142.0,2011-10-24 12:51:00,2011-10-24 12:51:00,1,365,United Kingdom,498.74,45,0
15143.0,2011-04-28 12:03:00,2011-04-28 12:03:00,1,150,United Kingdom,259.45,225,1
15144.0,2011-12-01 15:12:00,2011-01-31 13:17:00,17,3050,United Kingdom,6580.44,7,0
15145.0,2011-12-05 17:21:00,2011-04-05 15:20:00,4,756,United Kingdom,1194.73,3,0
15146.0,2011-06-28 12:09:00,2011-02-21 13:07:00,2,1473,United Kingdom,1327.16,164,0
15147.0,2011-04-13 15:57:00,2011-04-13 15:57:00,1,366,United Kingdom,623.5,239,1
15148.0,2011-11-29 08:21:00,2011-11-29 08:21:00,1,187,United Kingdom,301.29,10,0
15149.0,2011-07-29 10:58:00,2011-07-29 10:58:00,1,128,United Kingdom,520.8000000000001,133,0
15150.0,2011-11-22 12:52:00,2011-03-15 14:21:00,10,3642,United Kingdom,5291.33,16,0
15152.0,2011-11-30 12:32:00,2011-06-05 15:36:00,13,2704,United Kingdom,4745.69,9,0
15153.0,2011-11-08 17:09:00,2011-11-08 17:09:00,1,198,United Kingdom,329.25,30,0
15154.0,2011-09-25 16:05:00,2011-09-25 16:05:00,1,89,United Kingdom,254.28,74,0
15156.0,2011-12-08 18:22:00,2011-11-06 12:41:00,3,597,United Kingdom,961.49,0,0
15157.0,2011-12-06 11:28:00,2010-12-16 13:44:00,3,2392,United Kingdom,1936.07,3,0
15158.0,2011-10-25 13:53:00,2011-10-25 13:53:00,1,198,United Kingdom,401.40000000000003,44,0
15159.0,2011-12-08 12:05:00,2010-12-13 15:44:00,30,11441,United Kingdom,18641.010000000002,1,0
15160.0,2010-12-17 14:15:00,2010-12-17 14:15:00,1,84,United Kingdom,158.16,356,1
15163.0,2011-11-21 13:10:00,2011-05-31 15:22:00,2,186,United Kingdom,304.47,17,0
15164.0,2011-10-02 12:05:00,2011-01-04 14:21:00,3,351,United Kingdom,824.58,68,0
15165.0,2010-12-01 14:03:00,2010-12-01 14:03:00,1,160,United Kingdom,487.75,372,1
15167.0,2011-01-23 12:41:00,2011-01-23 12:41:00,1,65,United Kingdom,158.8,320,1
15168.0,2011-11-14 11:26:00,2011-11-14 11:26:00,1,52,United Kingdom,106.56,25,0
15171.0,2011-01-12 15:36:00,2011-01-12 15:36:00,1,290,United Kingdom,1289.5,330,1
15172.0,2011-12-01 11:51:00,2011-04-17 11:56:00,5,1611,United Kingdom,1624.05,8,0
15174.0,2011-01-21 09:06:00,2011-01-21 09:06:00,1,145,United Kingdom,135.75,322,1
15175.0,2011-09-29 11:31:00,2011-09-29 11:31:00,1,454,United Kingdom,224.14,71,0
15178.0,2011-03-24 15:12:00,2011-03-24 15:12:00,1,30,United Kingdom,40.5,259,1
15179.0,2011-11-21 12:53:00,2011-01-24 13:48:00,5,1938,United Kingdom,2206.95,17,0
15180.0,2010-12-07 14:57:00,2010-12-07 14:57:00,1,36,United Kingdom,87.5,366,1
15181.0,2011-10-04 13:58:00,2011-03-15 12:03:00,3,544,United Kingdom,689.4799999999999,65,0
15182.0,2011-07-08 13:37:00,2011-03-16 12:42:00,2,253,United Kingdom,622.85,153,0
15184.0,2011-11-10 13:41:00,2011-06-02 12:06:00,2,199,United Kingdom,402.2,28,0
15185.0,2011-09-30 14:06:00,2011-09-30 14:06:00,1,666,United Kingdom,310.62,69,0
15186.0,2011-11-25 14:58:00,2011-06-24 14:54:00,2,215,United Kingdom,411.41,13,0
15187.0,2011-12-08 11:56:00,2011-05-11 13:49:00,16,1887,United Kingdom,4777.18,1,0
15189.0,2011-12-08 13:22:00,2011-01-11 12:29:00,41,6149,United Kingdom,16225.39,0,0
15192.0,2011-08-12 11:41:00,2010-12-09 14:56:00,3,918,United Kingdom,1044.32,119,0
15193.0,2011-10-10 08:23:00,2011-10-10 08:23:00,1,144,United Kingdom,499.32,60,0
15194.0,2011-12-06 15:10:00,2010-12-06 15:00:00,15,5703,United Kingdom,7616.53,2,0
15195.0,2011-12-07 12:20:00,2011-12-07 12:20:00,1,1404,United Kingdom,3861.0,2,0
15197.0,2011-11-29 10:00:00,2010-12-16 18:01:00,3,469,United Kingdom,1079.6100000000001,10,0
15198.0,2011-09-08 14:42:00,2011-08-07 15:16:00,2,120,United Kingdom,193.64,91,0
15199.0,2011-10-11 15:12:00,2011-02-04 14:04:00,4,396,United Kingdom,1268.7,58,0
15201.0,2011-09-13 14:53:00,2011-04-06 14:02:00,5,1210,United Kingdom,1236.54,86,0
15203.0,2011-11-14 08:16:00,2011-02-01 12:29:00,6,1753,United Kingdom,1827.8,25,0
15204.0,2010-12-17 13:49:00,2010-12-17 13:49:00,1,258,United Kingdom,316.58,356,1
15205.0,2011-09-15 19:36:00,2011-08-04 16:07:00,2,378,United Kingdom,653.24,84,0
15206.0,2011-11-29 13:41:00,2011-03-09 08:59:00,4,162,United Kingdom,420.29999999999995,9,0
15208.0,2011-12-08 17:24:00,2010-12-21 13:03:00,5,316,United Kingdom,870.12,0,0
15210.0,2011-04-28 16:11:00,2011-04-28 16:11:00,1,228,United Kingdom,331.18,224,1
15211.0,2011-10-10 13:31:00,2010-12-09 16:08:00,2,240,United Kingdom,894.4100000000001,59,0
15212.0,2011-04-12 13:45:00,2011-04-12 13:45:00,1,36,United Kingdom,101.8,240,1
15213.0,2011-01-25 12:21:00,2011-01-14 11:05:00,2,272,United Kingdom,328.35,318,1
15214.0,2011-12-08 12:07:00,2011-04-11 09:46:00,8,1254,United Kingdom,1661.44,1,0
15215.0,2011-10-24 11:41:00,2011-09-04 12:24:00,3,225,United Kingdom,734.94,46,0
15216.0,2011-09-13 11:41:00,2011-09-13 11:41:00,1,28,United Kingdom,96.6,87,0
15218.0,2011-11-29 11:48:00,2011-01-25 11:20:00,11,3329,United Kingdom,5756.89,10,0
15219.0,2011-06-16 16:57:00,2011-06-16 16:57:00,1,45,United Kingdom,305.75,175,0
15220.0,2011-10-19 12:39:00,2011-03-04 10:24:00,6,1393,United Kingdom,1778.96,51,0
15221.0,2010-12-08 13:08:00,2010-12-08 13:08:00,1,43,United Kingdom,403.25,365,1
15222.0,2011-01-25 08:03:00,2011-01-25 08:03:00,1,440,United Kingdom,585.0,318,1
15223.0,2011-04-28 11:31:00,2011-04-04 12:17:00,2,213,United Kingdom,755.75,225,1
15224.0,2010-12-16 15:02:00,2010-12-12 12:34:00,2,152,United Kingdom,322.08,357,1
15225.0,2011-04-19 14:51:00,2011-04-19 14:51:00,1,226,United Kingdom,409.40000000000003,233,1
15226.0,2011-02-02 11:41:00,2011-02-02 11:41:00,1,71,United Kingdom,154.41,310,1
15227.0,2011-11-03 11:59:00,2011-01-26 15:31:00,5,750,United Kingdom,1219.4,36,0
15228.0,2011-10-04 13:56:00,2011-02-18 09:04:00,4,2255,United Kingdom,3386.71,65,0
15230.0,2011-04-14 14:39:00,2011-04-13 11:04:00,2,351,United Kingdom,429.6,238,1
15232.0,2011-08-18 16:27:00,2011-07-22 12:21:00,2,686,United Kingdom,612.06,112,0
15234.0,2011-03-08 08:53:00,2011-03-08 08:53:00,1,196,United Kingdom,197.0,276,1
15235.0,2011-05-06 09:44:00,2010-12-01 17:22:00,12,1324,United Kingdom,2247.51,217,1
15236.0,2011-02-14 10:52:00,2011-02-14 10:52:00,1,269,United Kingdom,321.05,298,1
15237.0,2011-12-08 09:46:00,2011-04-26 15:04:00,4,1071,United Kingdom,1412.32,1,0
15238.0,2011-11-10 14:28:00,2011-06-08 16:00:00,3,692,United Kingdom,1071.99,28,0
15239.0,2011-11-29 14:14:00,2011-09-22 09:53:00,2,594,United Kingdom,780.59,9,0
15240.0,2011-10-26 09:50:00,2011-02-01 08:23:00,5,1369,United Kingdom,1706.57,44,0
15241.0,2011-10-04 09:05:00,2011-03-01 11:02:00,8,1818,United Kingdom,1756.44,66,0
15243.0,2011-09-26 14:12:00,2011-09-26 14:12:00,1,185,United Kingdom,316.68,73,0
15244.0,2011-10-05 13:19:00,2011-04-05 15:12:00,2,405,United Kingdom,631.57,64,0
15245.0,2011-07-28 18:56:00,2011-03-23 13:42:00,3,1784,United Kingdom,2515.84,133,0
15246.0,2011-04-15 14:45:00,2010-12-16 09:46:00,2,247,United Kingdom,514.15,237,1
15247.0,2011-08-09 12:52:00,2011-08-09 12:52:00,1,160,United Kingdom,356.0,121,0
15249.0,2011-11-08 11:45:00,2011-03-28 12:49:00,13,3577,United Kingdom,6688.46,31,0
15251.0,2011-11-30 15:02:00,2011-04-12 10:38:00,11,6171,United Kingdom,10484.99,8,0
15252.0,2011-11-03 13:30:00,2011-06-09 14:15:00,2,522,United Kingdom,740.78,35,0
15253.0,2011-11-23 16:22:00,2011-06-23 12:19:00,5,866,United Kingdom,918.1999999999999,15,0
15254.0,2011-08-04 15:04:00,2011-08-04 15:04:00,1,275,United Kingdom,300.36,126,0
15255.0,2011-10-04 12:43:00,2011-10-04 12:43:00,1,489,United Kingdom,890.85,66,0
15256.0,2011-07-14 11:47:00,2011-07-14 11:47:00,1,55,United Kingdom,98.45,148,0
15257.0,2011-03-01 12:58:00,2011-03-01 12:58:00,1,46,United Kingdom,317.15,282,1
15258.0,2011-06-24 12:30:00,2011-05-06 14:16:00,2,142,United Kingdom,623.16,168,0
15260.0,2011-08-31 13:55:00,2010-12-02 12:09:00,7,885,United Kingdom,1810.77,99,0
15261.0,2011-07-27 15:20:00,2011-07-27 15:20:00,1,270,United Kingdom,254.82,134,0
15262.0,2011-01-20 12:16:00,2011-01-20 12:16:00,1,73,United Kingdom,178.95000000000002,323,1
15263.0,2011-08-25 10:26:00,2011-08-25 10:26:00,1,89,United Kingdom,156.51,106,0
15264.0,2011-10-06 13:49:00,2011-10-06 13:49:00,1,265,United Kingdom,393.74,63,0
15265.0,2011-07-11 14:46:00,2011-04-18 12:16:00,2,612,United Kingdom,1506.1200000000001,150,0
15266.0,2011-01-05 13:40:00,2011-01-05 13:40:00,1,18,United Kingdom,119.3,337,1
15267.0,2011-11-17 15:59:00,2011-06-10 10:24:00,5,944,United Kingdom,1717.36,21,0
15269.0,2011-11-16 09:32:00,2011-11-16 09:32:00,1,26,United Kingdom,408.8,23,0
15270.0,2011-11-24 09:24:00,2011-02-02 13:25:00,7,1521,United Kingdom,2379.49,15,0
15271.0,2011-12-02 14:11:00,2010-12-09 13:47:00,15,1251,United Kingdom,2493.34,6,0
15272.0,2011-10-13 12:59:00,2011-09-14 16:36:00,2,310,United Kingdom,721.94,56,0
15274.0,2011-12-05 16:57:00,2011-11-21 14:17:00,2,619,United Kingdom,716.57,3,0
15275.0,2011-11-02 11:20:00,2011-11-02 11:20:00,1,498,United Kingdom,615.14,37,0
15276.0,2011-10-04 16:39:00,2011-10-04 16:39:00,1,61,United Kingdom,128.63,65,0
15277.0,2011-10-24 10:08:00,2011-10-24 10:08:00,1,205,United Kingdom,255.89999999999998,46,0
15279.0,2010-12-20 10:48:00,2010-12-20 10:48:00,1,189,United Kingdom,290.51,354,1
15280.0,2011-06-20 17:14:00,2011-06-20 17:14:00,1,154,United Kingdom,113.12,171,0
15281.0,2011-10-12 09:10:00,2011-01-10 15:51:00,9,1211,United Kingdom,2332.15,58,0
15286.0,2011-10-21 11:08:00,2011-10-21 11:08:00,1,55,United Kingdom,240.55,49,0
15287.0,2011-11-17 15:34:00,2011-09-30 12:30:00,2,433,United Kingdom,486.69,21,0
15288.0,2011-10-27 16:58:00,2010-12-09 13:59:00,5,775,United Kingdom,2306.52,42,0
15289.0,2011-11-10 13:49:00,2011-04-04 12:44:00,3,1008,United Kingdom,939.78,28,0
15290.0,2011-12-05 11:39:00,2010-12-15 16:03:00,18,4501,United Kingdom,7943.22,4,0
15291.0,2011-11-14 11:02:00,2010-12-01 09:32:00,15,2103,United Kingdom,4668.3,25,0
15292.0,2011-05-22 15:00:00,2011-05-22 15:00:00,1,55,United Kingdom,178.39,200,1
15296.0,2011-10-20 11:47:00,2011-01-17 11:57:00,6,1766,United Kingdom,3672.86,50,0
15297.0,2011-11-29 16:32:00,2011-10-07 09:42:00,3,292,United Kingdom,641.94,9,0
15298.0,2011-12-07 17:17:00,2010-12-08 13:55:00,12,3116,United Kingdom,4799.9,1,0
15299.0,2011-10-03 14:19:00,2010-12-02 16:48:00,7,2948,United Kingdom,4507.01,66,0
15300.0,2011-10-06 17:08:00,2011-10-06 17:08:00,1,292,United Kingdom,496.44,63,0
15301.0,2011-10-20 09:57:00,2010-12-06 12:21:00,12,2751,United Kingdom,5049.95,50,0
15303.0,2011-02-22 13:59:00,2011-02-22 13:59:00,1,248,United Kingdom,574.02,289,1
15304.0,2011-10-10 10:23:00,2010-12-06 11:42:00,8,104,United Kingdom,694.4000000000001,60,0
15306.0,2011-10-06 12:56:00,2011-07-14 15:22:00,3,810,United Kingdom,1174.35,63,0
15307.0,2011-09-05 11:38:00,2011-09-05 11:38:00,1,37,United Kingdom,205.3,95,0
15308.0,2011-03-10 13:08:00,2011-03-10 13:08:00,1,175,United Kingdom,310.47,273,1
15311.0,2011-12-09 12:00:00,2010-12-01 09:41:00,91,38147,United Kingdom,60632.75,0,0
15312.0,2011-09-25 13:10:00,2010-12-20 12:51:00,4,516,United Kingdom,924.85,74,0
15313.0,2011-08-21 16:02:00,2011-08-21 16:02:00,1,25,United Kingdom,52.0,109,0
15314.0,2011-05-24 14:39:00,2011-05-24 14:39:00,1,313,United Kingdom,327.97,198,1
15315.0,2011-10-06 12:51:00,2011-08-15 15:17:00,2,862,United Kingdom,570.5,63,0
15316.0,2011-01-17 11:34:00,2011-01-17 11:34:00,1,100,United Kingdom,165.0,326,1
15318.0,2011-12-06 11:30:00,2011-12-06 11:30:00,1,642,United Kingdom,312.62,3,0
15319.0,2011-03-01 12:48:00,2011-03-01 12:48:00,1,175,United Kingdom,204.5,283,1
15320.0,2011-10-26 13:27:00,2011-10-26 13:27:00,1,326,United Kingdom,267.13,43,0
15321.0,2011-09-30 09:40:00,2011-02-21 11:10:00,3,1181,United Kingdom,2748.31,70,0
15322.0,2011-09-15 09:34:00,2011-09-15 09:34:00,1,416,United Kingdom,679.68,85,0
15325.0,2011-08-28 11:55:00,2011-08-28 11:55:00,1,231,United Kingdom,161.74,103,0
15326.0,2011-01-10 11:38:00,2011-01-10 11:38:00,1,386,United Kingdom,311.71,333,1
15327.0,2011-10-18 11:55:00,2011-10-18 11:55:00,1,116,United Kingdom,208.75,52,0
15329.0,2011-10-31 15:36:00,2011-06-21 10:37:00,3,486,United Kingdom,1049.7,38,0
15330.0,2011-11-07 17:50:00,2011-10-10 12:30:00,2,1312,United Kingdom,714.96,31,0
15332.0,2010-12-08 14:43:00,2010-12-05 12:00:00,4,652,Lithuania,1661.06,365,1
15333.0,2011-05-15 13:27:00,2011-05-15 13:27:00,1,344,United Kingdom,1028.56,207,1
15334.0,2011-07-06 11:22:00,2011-06-19 13:51:00,3,273,United Kingdom,350.82,156,0
15335.0,2011-10-17 12:50:00,2011-10-17 12:50:00,1,79,United Kingdom,170.22,53,0
15339.0,2011-10-04 12:51:00,2011-01-25 13:15:00,2,416,United Kingdom,574.07,65,0
15341.0,2011-09-20 09:40:00,2011-09-20 09:40:00,1,812,United Kingdom,2020.52,80,0
15342.0,2011-08-02 10:19:00,2011-08-02 10:19:00,1,283,United Kingdom,406.09,129,0
15343.0,2011-09-13 13:55:00,2011-09-13 13:55:00,1,84,United Kingdom,364.5,86,0
15344.0,2011-12-09 10:45:00,2011-09-26 14:48:00,3,116,United Kingdom,563.94,0,0
15345.0,2011-10-25 11:28:00,2011-10-25 11:28:00,1,81,United Kingdom,393.54,45,0
15346.0,2011-01-11 11:18:00,2011-01-11 11:18:00,1,144,United Kingdom,252.42000000000002,332,1
15347.0,2010-12-08 15:25:00,2010-12-08 15:25:00,1,130,United Kingdom,201.60000000000002,365,1
15348.0,2011-09-28 13:17:00,2011-09-28 13:17:00,1,84,United Kingdom,158.04,71,0
15349.0,2011-07-04 16:06:00,2011-06-05 15:46:00,2,321,United Kingdom,463.90999999999997,157,0
15350.0,2010-12-01 13:33:00,2010-12-01 13:33:00,1,51,United Kingdom,115.65,372,1
15351.0,2011-11-27 12:52:00,2010-12-05 11:49:00,7,742,United Kingdom,1934.66,11,0
15353.0,2011-03-30 12:15:00,2010-12-07 11:49:00,2,341,United Kingdom,770.12,254,1
15355.0,2011-11-10 13:44:00,2011-10-17 15:22:00,2,45,United Kingdom,277.05,28,0
15356.0,2011-11-08 13:11:00,2010-12-06 14:05:00,10,1643,United Kingdom,2718.03,30,0
15358.0,2011-12-05 09:04:00,2010-12-09 10:04:00,22,7050,United Kingdom,8347.2,4,0
15360.0,2011-10-31 09:35:00,2011-10-31 09:35:00,1,223,United Kingdom,427.93,39,0
15361.0,2010-12-13 09:52:00,2010-12-13 09:52:00,1,336,United Kingdom,418.92,361,1
15363.0,2010-12-02 12:28:00,2010-12-02 12:28:00,1,144,United Kingdom,326.0,372,1
15364.0,2011-09-05 09:46:00,2011-03-30 13:39:00,2,493,United Kingdom,913.19,95,0
15365.0,2011-11-14 08:29:00,2011-01-28 13:08:00,7,1084,United Kingdom,2314.32,25,0
15366.0,2011-09-25 15:01:00,2010-12-16 15:59:00,2,621,United Kingdom,602.51,74,0
15367.0,2011-10-13 14:13:00,2011-03-09 13:53:00,4,1057,United Kingdom,1877.59,56,0
15368.0,2011-11-18 14:42:00,2011-11-18 14:42:00,1,230,United Kingdom,446.94000000000005,20,0
15370.0,2011-10-30 10:58:00,2011-01-11 11:32:00,7,830,United Kingdom,2386.05,40,0
15372.0,2011-07-25 16:39:00,2011-07-25 16:39:00,1,2924,United Kingdom,2007.3999999999999,136,0
15373.0,2011-12-01 15:05:00,2010-12-03 14:40:00,12,500,United Kingdom,2415.91,7,0
15374.0,2011-08-03 09:59:00,2011-08-03 09:59:00,1,126,United Kingdom,168.0,128,0
15376.0,2011-10-30 15:04:00,2011-05-01 13:45:00,3,615,United Kingdom,1221.56,39,0
15379.0,2011-06-23 13:13:00,2010-12-16 13:02:00,7,2305,United Kingdom,3703.29,168,0
15380.0,2011-12-01 12:13:00,2010-12-09 15:01:00,5,376,United Kingdom,1690.2600000000002,8,0
15381.0,2011-05-10 11:55:00,2011-03-16 13:44:00,2,171,United Kingdom,596.85,213,1
15382.0,2011-11-25 10:58:00,2011-02-17 12:01:00,6,4012,United Kingdom,5955.71,14,0
15384.0,2011-06-23 10:57:00,2010-12-15 11:34:00,2,596,United Kingdom,642.41,169,0
15385.0,2011-10-30 15:11:00,2011-10-30 15:11:00,1,161,United Kingdom,316.88,39,0
15386.0,2011-06-06 13:47:00,2011-06-06 13:47:00,1,446,United Kingdom,394.14,185,1
15388.0,2011-03-14 13:53:00,2011-03-14 13:53:00,1,88,Canada,140.54,269,1
15389.0,2011-06-20 16:18:00,2011-06-20 16:18:00,1,400,United Kingdom,500.0,171,0
15392.0,2011-12-05 11:01:00,2010-12-14 15:50:00,4,1277,United Kingdom,1535.53,4,0
15393.0,2011-11-23 16:48:00,2011-03-03 16:58:00,2,150,United Kingdom,231.86,15,0
15394.0,2011-11-30 11:49:00,2010-12-16 12:46:00,4,910,United Kingdom,2183.54,9,0
15395.0,2011-01-18 12:40:00,2011-01-18 12:40:00,1,17,United Kingdom,107.45,325,1
15396.0,2011-08-19 10:56:00,2011-08-19 10:56:00,1,122,United Kingdom,288.18,112,0
15397.0,2011-02-23 09:25:00,2011-02-23 09:25:00,1,20,United Kingdom,94.0,289,1
15398.0,2011-11-23 16:47:00,2011-09-22 14:56:00,2,769,United Kingdom,1345.53,15,0
15399.0,2011-12-08 13:04:00,2011-09-21 15:57:00,3,611,United Kingdom,815.77,0,0
15400.0,2011-09-08 13:57:00,2011-03-06 11:27:00,5,390,United Kingdom,716.2,91,0
15402.0,2011-07-14 12:17:00,2011-05-27 13:32:00,2,694,United Kingdom,626.77,148,0
15405.0,2011-06-03 14:44:00,2011-06-03 14:44:00,1,193,United Kingdom,349.1,188,1
15406.0,2011-11-08 13:22:00,2011-02-11 16:19:00,2,254,United Kingdom,510.71000000000004,30,0
15407.0,2011-11-06 11:55:00,2011-02-07 13:18:00,4,552,United Kingdom,1046.74,33,0
15408.0,2011-03-20 15:02:00,2011-03-20 15:02:00,1,106,United Kingdom,267.18,263,1
15410.0,2011-09-16 14:47:00,2011-03-23 10:15:00,8,1200,United Kingdom,3450.84,83,0
15411.0,2011-11-13 15:19:00,2011-06-10 12:30:00,4,529,United Kingdom,1348.93,25,0
15412.0,2011-06-21 15:24:00,2011-06-21 15:24:00,1,108,United Kingdom,190.53,170,0
15414.0,2011-11-30 09:50:00,2011-04-11 13:45:00,3,443,United Kingdom,774.9000000000001,9,0
15415.0,2011-01-30 14:13:00,2011-01-30 14:13:00,1,551,United Kingdom,559.61,312,1
15416.0,2011-10-06 09:38:00,2011-03-02 08:41:00,4,2090,United Kingdom,3984.32,64,0
15417.0,2011-09-15 15:26:00,2011-09-15 15:26:00,1,284,United Kingdom,508.8,84,0
15419.0,2011-11-15 09:23:00,2011-11-15 09:23:00,1,230,United Kingdom,135.86,24,0
15421.0,2011-10-12 09:20:00,2011-02-02 14:36:00,4,500,United Kingdom,950.36,58,0
15422.0,2011-01-20 16:17:00,2011-01-20 14:17:00,2,38,United Kingdom,97.7,322,1
15423.0,2011-11-01 14:01:00,2011-11-01 14:01:00,1,101,United Kingdom,43.5,37,0
15424.0,2011-03-30 13:02:00,2011-03-30 13:00:00,2,554,United Kingdom,383.34,253,1
15426.0,2011-11-20 15:36:00,2010-12-05 13:55:00,5,656,United Kingdom,1404.07,18,0
15427.0,2011-11-06 14:29:00,2011-10-23 14:47:00,3,967,United Kingdom,1430.54,32,0
15428.0,2011-11-24 16:54:00,2011-11-24 16:54:00,1,102,United Kingdom,93.78,14,0
15429.0,2011-11-13 12:28:00,2011-09-25 13:42:00,2,380,United Kingdom,397.35,26,0
15432.0,2011-11-16 16:30:00,2011-11-16 16:30:00,1,65,United Kingdom,171.19,22,0
15433.0,2011-05-10 10:45:00,2011-03-17 14:12:00,2,534,United Kingdom,533.3,213,1
15434.0,2011-12-01 13:33:00,2011-05-23 14:18:00,5,647,United Kingdom,1041.48,7,0
15435.0,2011-11-17 16:39:00,2011-11-17 16:39:00,1,54,United Kingdom,149.29,21,0
15436.0,2011-11-27 16:05:00,2011-04-19 16:52:00,3,574,United Kingdom,1067.75,11,0
15437.0,2011-03-22 13:11:00,2011-03-22 13:11:00,1,79,United Kingdom,200.16,261,1
15438.0,2011-07-31 14:19:00,2011-07-31 14:19:00,1,59,United Kingdom,156.57999999999998,130,0
15440.0,2011-10-16 12:16:00,2011-05-15 11:30:00,3,197,United Kingdom,383.68,54,0
15442.0,2011-04-05 12:24:00,2011-04-05 12:24:00,1,120,United Kingdom,594.0,248,1
15443.0,2011-12-08 10:40:00,2011-01-23 13:25:00,7,1639,United Kingdom,3213.59,1,0
15444.0,2011-11-30 17:37:00,2011-10-30 16:12:00,2,759,United Kingdom,1411.21,8,0
15445.0,2011-03-20 15:06:00,2011-03-20 15:06:00,1,58,United Kingdom,113.5,263,1
15447.0,2011-01-13 11:26:00,2011-01-13 11:26:00,1,85,United Kingdom,155.17,330,1
15448.0,2011-01-31 10:42:00,2011-01-31 10:42:00,1,232,United Kingdom,494.64,312,1
15449.0,2011-11-13 15:02:00,2011-03-23 10:43:00,3,812,United Kingdom,974.52,25,0
15450.0,2011-11-09 17:11:00,2011-11-09 17:11:00,1,376,United Kingdom,429.84,29,0
15452.0,2011-11-10 12:13:00,2011-03-20 15:21:00,3,280,United Kingdom,528.48,29,0
15453.0,2011-12-08 10:59:00,2011-06-05 12:37:00,7,837,United Kingdom,1371.77,1,0
15454.0,2010-12-12 14:21:00,2010-12-12 14:21:00,1,86,United Kingdom,179.1,361,1
15456.0,2011-03-01 13:51:00,2010-12-15 15:34:00,3,633,United Kingdom,434.59000000000003,282,1
15457.0,2011-03-22 15:31:00,2011-03-22 15:31:00,1,132,United Kingdom,237.07,261,1
15458.0,2011-11-14 13:08:00,2011-11-14 13:08:00,1,156,United Kingdom,161.64,24,0
15460.0,2010-12-20 16:08:00,2010-12-20 16:08:00,1,107,United Kingdom,214.26,353,1
15462.0,2011-09-06 13:11:00,2011-06-05 15:36:00,3,172,United Kingdom,234.6,93,0
15463.0,2011-11-10 12:57:00,2011-11-10 12:57:00,1,106,United Kingdom,126.14,28,0
15464.0,2011-01-05 15:56:00,2011-01-05 15:56:00,1,348,United Kingdom,1044.65,337,1
15465.0,2011-11-20 10:11:00,2010-12-05 10:12:00,18,1257,United Kingdom,7354.62,19,0
15466.0,2011-09-15 14:08:00,2011-09-15 14:08:00,1,246,United Kingdom,334.53,84,0
15467.0,2011-11-30 14:17:00,2011-07-10 14:42:00,3,310,United Kingdom,524.88,8,0
15468.0,2011-10-19 13:49:00,2011-10-19 13:38:00,2,155,United Kingdom,467.51,50,0
15469.0,2011-10-20 16:21:00,2011-08-11 16:54:00,2,153,United Kingdom,538.55,49,0
15471.0,2011-12-07 14:12:00,2011-12-07 14:12:00,1,256,United Kingdom,454.48,1,0
15472.0,2011-08-18 15:17:00,2011-08-18 15:17:00,1,251,United Kingdom,371.56,112,0
15473.0,2011-11-25 15:15:00,2011-10-10 11:12:00,7,672,United Kingdom,1771.2,13,0
15475.0,2011-09-23 15:20:00,2011-09-23 15:20:00,1,319,United Kingdom,454.10999999999996,76,0
15478.0,2011-10-30 14:19:00,2011-10-14 11:09:00,2,575,United Kingdom,1399.92,39,0
15480.0,2011-08-15 14:32:00,2011-08-15 14:32:00,1,303,Malta,905.5,115,0
15482.0,2011-11-24 10:46:00,2010-12-16 10:08:00,12,5004,United Kingdom,10879.76,15,0
15483.0,2011-07-01 13:07:00,2011-03-18 12:26:00,4,291,United Kingdom,225.26,160,0
15484.0,2011-12-08 15:03:00,2011-09-22 13:31:00,4,3150,United Kingdom,3590.41,0,0
15485.0,2011-11-09 14:31:00,2010-12-01 13:23:00,3,1281,United Kingdom,2564.5,29,0
15488.0,2011-09-08 10:11:00,2011-09-08 10:11:00,1,73,United Kingdom,91.32000000000001,92,0
15489.0,2011-11-17 08:53:00,2011-05-12 12:54:00,3,608,United Kingdom,1134.28,22,0
15491.0,2011-09-05 15:56:00,2011-04-18 10:04:00,6,1646,United Kingdom,3100.09,94,0
15492.0,2011-11-11 14:53:00,2011-09-26 14:02:00,2,483,United Kingdom,659.4599999999999,27,0
15493.0,2011-11-07 12:04:00,2011-03-14 11:44:00,5,551,United Kingdom,1953.41,32,0
15494.0,2011-11-18 14:51:00,2011-08-10 15:29:00,2,1139,United Kingdom,1280.58,20,0
15497.0,2011-11-22 11:51:00,2011-01-24 10:01:00,2,624,United Kingdom,1262.2,17,0
15498.0,2011-12-07 12:48:00,2010-12-08 12:29:00,27,6105,United Kingdom,13316.4,2,0
15500.0,2011-12-01 13:47:00,2011-09-19 13:47:00,4,572,United Kingdom,1131.56,7,0
15502.0,2011-11-24 12:48:00,2010-12-05 15:40:00,12,4236,United Kingdom,10384.93,15,0
15503.0,2010-12-12 10:57:00,2010-12-12 10:57:00,1,70,United Kingdom,141.04,362,1
15504.0,2011-09-19 13:45:00,2011-09-19 13:45:00,1,33,United Kingdom,52.83,80,0
15505.0,2011-10-18 07:56:00,2011-07-07 13:33:00,5,2390,United Kingdom,3610.96,52,0
15506.0,2011-11-17 12:11:00,2011-07-24 11:45:00,3,842,United Kingdom,972.08,22,0
15507.0,2011-06-21 11:19:00,2011-06-21 11:19:00,1,160,United Kingdom,475.86,171,0
15508.0,2011-06-03 15:43:00,2011-04-18 15:31:00,6,440,United Kingdom,1000.27,188,1
15510.0,2011-01-13 12:10:00,2011-01-13 12:10:00,1,2,United Kingdom,250.0,330,1
15511.0,2011-11-28 09:43:00,2011-09-15 15:05:00,5,269,United Kingdom,900.53,11,0
15512.0,2011-07-07 10:20:00,2010-12-15 12:01:00,2,68,United Kingdom,121.0,155,0
15513.0,2011-11-06 14:36:00,2010-12-01 11:22:00,19,5709,United Kingdom,14758.220000000001,32,0
15514.0,2011-11-27 14:40:00,2010-12-10 13:50:00,11,2098,United Kingdom,4023.7200000000003,11,0
15516.0,2011-10-26 10:51:00,2011-10-24 11:33:00,3,27,United Kingdom,62.43,44,0
15517.0,2011-04-20 14:02:00,2011-04-20 14:02:00,1,293,United Kingdom,267.03,232,1
15518.0,2011-10-06 13:05:00,2011-01-11 12:55:00,8,1263,United Kingdom,1921.55,63,0
15520.0,2011-12-08 10:58:00,2011-12-08 10:58:00,1,314,United Kingdom,343.5,1,0
15521.0,2011-10-30 13:42:00,2011-03-30 09:15:00,8,1836,United Kingdom,3000.2,39,0
15522.0,2011-11-07 11:26:00,2011-09-13 12:26:00,2,572,United Kingdom,397.99,32,0
15523.0,2011-09-16 16:29:00,2011-09-16 16:29:00,1,132,United Kingdom,412.01000000000005,83,0
15524.0,2011-11-15 12:09:00,2011-11-15 12:09:00,1,4,United Kingdom,440.0,24,0
15525.0,2011-12-07 14:43:00,2010-12-01 13:17:00,3,387,United Kingdom,734.37,1,0
15526.0,2011-11-06 15:04:00,2011-11-06 15:01:00,2,24,United Kingdom,148.44,32,0
15527.0,2011-11-21 12:17:00,2010-12-20 14:15:00,8,991,United Kingdom,2428.53,18,0
15528.0,2011-03-30 16:14:00,2011-03-30 16:14:00,1,123,United Kingdom,229.33,253,1
15529.0,2011-11-17 11:29:00,2010-12-08 12:24:00,11,3455,United Kingdom,3962.6,22,0
15530.0,2011-11-18 12:25:00,2011-04-07 11:16:00,4,938,United Kingdom,1497.31,21,0
15531.0,2011-12-01 18:43:00,2011-11-09 17:47:00,2,1085,United Kingdom,1972.39,7,0
15532.0,2011-11-14 14:51:00,2010-12-16 16:45:00,4,515,United Kingdom,1564.73,24,0
15533.0,2011-11-20 15:35:00,2011-09-11 15:41:00,3,289,United Kingdom,807.57,18,0
15535.0,2011-06-19 16:02:00,2011-01-16 12:35:00,4,135,United Kingdom,502.9,172,0
15537.0,2011-06-29 13:10:00,2011-06-29 13:10:00,1,29,United Kingdom,110.92,162,0
15539.0,2011-12-02 13:36:00,2011-12-02 13:36:00,1,410,United Kingdom,538.46,6,0
15540.0,2011-11-28 13:51:00,2011-11-28 13:51:00,1,200,United Kingdom,213.3,10,0
15541.0,2011-08-17 14:58:00,2011-08-17 14:58:00,1,49,United Kingdom,85.13000000000001,113,0
15543.0,2011-02-24 15:26:00,2011-02-24 15:26:00,1,86,United Kingdom,127.86,287,1
15544.0,2011-11-30 16:43:00,2010-12-02 12:47:00,9,3109,United Kingdom,3546.71,8,0
15545.0,2011-10-16 13:24:00,2010-12-03 17:28:00,2,162,United Kingdom,288.96999999999997,53,0
15547.0,2011-12-02 12:52:00,2010-12-12 13:26:00,14,3999,United Kingdom,4910.6,6,0
15549.0,2011-09-23 16:22:00,2011-01-27 15:38:00,3,694,United Kingdom,1681.46,76,0
15550.0,2011-12-05 15:38:00,2011-02-11 12:49:00,4,295,United Kingdom,575.63,3,0
15551.0,2011-11-03 12:37:00,2011-11-03 12:37:00,1,218,United Kingdom,436.06,36,0
15552.0,2011-05-06 14:47:00,2011-05-06 14:47:00,1,60,United Kingdom,90.12,216,1
15553.0,2011-10-10 14:02:00,2011-10-10 14:02:00,1,449,United Kingdom,428.93,59,0
15554.0,2011-03-07 09:00:00,2011-03-07 09:00:00,1,74,United Kingdom,217.2,277,1
15555.0,2011-11-27 16:19:00,2010-12-05 14:45:00,16,4427,United Kingdom,4794.86,11,0
15556.0,2011-11-15 16:08:00,2011-11-15 16:08:00,1,236,United Kingdom,279.77,23,0
15557.0,2011-11-11 12:46:00,2011-11-11 12:46:00,1,213,United Kingdom,468.91,28,0
15561.0,2011-11-28 11:07:00,2011-05-08 11:38:00,4,267,United Kingdom,800.59,11,0
15562.0,2010-12-23 09:55:00,2010-12-23 09:55:00,1,39,United Kingdom,134.55,351,1
15563.0,2011-11-17 14:50:00,2010-12-16 11:27:00,4,1501,United Kingdom,1400.44,21,0
15565.0,2011-10-20 14:33:00,2011-09-30 10:44:00,2,60,United Kingdom,173.16,49,0
15567.0,2011-11-21 10:48:00,2011-11-21 10:48:00,1,223,United Kingdom,186.01,18,0
15568.0,2011-12-07 11:27:00,2011-09-27 14:37:00,3,461,United Kingdom,758.29,2,0
15569.0,2011-08-28 10:15:00,2011-01-11 13:26:00,5,666,United Kingdom,1375.71,103,0
15570.0,2011-12-02 14:47:00,2010-12-05 12:57:00,12,2063,United Kingdom,4148.82,6,0
15571.0,2011-11-28 10:02:00,2011-09-22 13:15:00,4,264,United Kingdom,650.4300000000001,11,0
15572.0,2011-12-05 10:09:00,2011-03-06 14:44:00,7,1213,United Kingdom,2533.42,4,0
15573.0,2011-11-08 11:38:00,2011-09-15 12:16:00,2,355,United Kingdom,591.1899999999999,31,0
15574.0,2011-06-15 12:01:00,2010-12-02 15:46:00,4,332,United Kingdom,675.64,177,0
15576.0,2011-11-02 12:03:00,2011-11-02 12:03:00,1,394,United Kingdom,921.37,37,0
15577.0,2011-07-11 17:03:00,2011-02-07 13:32:00,3,89,United Kingdom,258.88,150,0
15578.0,2011-06-30 13:03:00,2011-06-30 13:03:00,1,52,United Kingdom,127.1,161,0
15579.0,2011-10-02 12:45:00,2011-01-30 12:09:00,2,117,United Kingdom,327.6,68,0
15581.0,2011-08-11 09:38:00,2010-12-08 14:38:00,13,283,United Kingdom,3675.77,120,0
15582.0,2011-11-15 09:55:00,2011-05-03 13:36:00,3,453,United Kingdom,682.9100000000001,24,0
15584.0,2011-11-16 10:55:00,2011-06-30 16:39:00,4,313,United Kingdom,720.86,23,0
15585.0,2011-06-16 08:38:00,2011-06-16 08:38:00,1,320,United Kingdom,455.3,176,0
15587.0,2011-10-20 13:37:00,2010-12-23 09:59:00,4,312,United Kingdom,913.6800000000001,49,0
15589.0,2011-03-29 09:54:00,2011-02-02 10:46:00,3,243,United Kingdom,478.53000000000003,255,1
15592.0,2011-10-24 08:59:00,2011-10-24 08:59:00,1,354,United Kingdom,388.58,46,0
15593.0,2011-09-30 11:46:00,2011-09-30 11:46:00,1,60,United Kingdom,199.8,70,0
15594.0,2011-11-24 08:53:00,2011-04-19 10:08:00,5,983,United Kingdom,1771.78,15,0
15596.0,2011-08-31 10:55:00,2010-12-09 16:10:00,5,561,United Kingdom,1406.59,100,0
15597.0,2011-11-04 13:26:00,2011-11-04 13:26:00,1,279,United Kingdom,324.57,34,0
15598.0,2011-10-17 16:04:00,2011-10-17 16:04:00,1,160,United Kingdom,240.68,52,0
15599.0,2011-11-13 11:44:00,2011-05-19 13:05:00,2,718,United Kingdom,761.74,26,0
15601.0,2011-11-28 15:15:00,2010-12-02 10:39:00,14,4983,United Kingdom,6776.56,10,0
15602.0,2011-12-01 14:14:00,2010-12-06 15:35:00,9,1137,United Kingdom,1297.8700000000001,7,0
15603.0,2011-09-22 10:04:00,2011-09-22 10:04:00,1,96,United Kingdom,48.480000000000004,78,0
15604.0,2011-10-18 14:47:00,2011-10-18 14:47:00,1,159,United Kingdom,216.39,51,0
15605.0,2011-11-03 14:17:00,2010-12-01 13:38:00,5,441,United Kingdom,1198.23,35,0
15606.0,2011-10-09 15:47:00,2011-01-19 12:07:00,9,892,United Kingdom,2920.16,60,0
15607.0,2011-01-07 12:44:00,2011-01-07 12:44:00,1,202,United Kingdom,104.76,336,1
15608.0,2011-11-11 13:20:00,2011-08-11 09:56:00,4,714,United Kingdom,1093.68,27,0
15609.0,2011-06-08 13:00:00,2011-06-08 13:00:00,1,148,United Kingdom,298.48,183,1
15610.0,2011-10-19 10:36:00,2011-10-19 10:36:00,1,66,United Kingdom,112.46000000000001,51,0
15611.0,2011-11-30 12:36:00,2011-01-09 11:32:00,13,504,United Kingdom,1591.45,9,0
15612.0,2011-11-03 14:52:00,2011-10-09 12:49:00,2,52,United Kingdom,195.15,35,0
15615.0,2011-11-29 14:42:00,2010-12-15 16:21:00,23,5508,United Kingdom,10399.74,9,0
15618.0,2011-11-07 08:34:00,2011-07-26 10:13:00,4,454,United Kingdom,776.851,32,0
15619.0,2011-11-29 08:14:00,2011-11-29 08:14:00,1,136,United Kingdom,336.40000000000003,10,0
15620.0,2011-10-14 12:41:00,2010-12-16 14:34:00,3,915,United Kingdom,1553.18,56,0
15621.0,2011-12-05 14:01:00,2011-11-18 11:49:00,4,501,United Kingdom,1293.03,3,0
15622.0,2011-10-27 16:44:00,2011-03-02 13:42:00,9,1674,United Kingdom,3709.56,42,0
15623.0,2011-07-21 17:26:00,2011-07-21 17:26:00,1,125,United Kingdom,301.03,140,0
15624.0,2011-08-15 11:38:00,2011-03-28 13:32:00,4,357,United Kingdom,588.13,116,0
15625.0,2011-08-28 10:21:00,2011-04-18 14:01:00,4,1188,United Kingdom,1534.26,103,0
15626.0,2011-09-26 10:03:00,2011-01-14 10:10:00,2,766,United Kingdom,675.8,74,0
15628.0,2011-12-05 10:24:00,2010-12-08 09:51:00,9,1894,United Kingdom,2870.2400000000002,4,0
15630.0,2011-10-25 15:36:00,2011-05-19 10:16:00,2,800,United Kingdom,1186.35,44,0
15632.0,2011-11-24 09:51:00,2011-03-10 08:29:00,8,2109,United Kingdom,3285.31,15,0
15634.0,2011-11-22 16:28:00,2011-11-22 16:28:00,1,99,United Kingdom,243.55,16,0
15636.0,2011-09-11 11:17:00,2011-03-02 14:50:00,2,284,United Kingdom,724.76,89,0
15637.0,2011-10-18 08:28:00,2011-10-18 08:28:00,1,128,United Kingdom,223.36,52,0
15639.0,2011-07-28 14:30:00,2011-07-28 14:30:00,1,323,United Kingdom,425.32,133,0
15640.0,2011-12-05 14:35:00,2010-12-02 15:40:00,15,6572,United Kingdom,12416.11,3,0
15641.0,2011-08-26 14:04:00,2010-12-15 14:45:00,4,1562,United Kingdom,1887.2,104,0
15643.0,2011-06-01 07:38:00,2011-03-02 14:34:00,3,246,United Kingdom,664.0,191,1
15644.0,2011-06-26 14:54:00,2011-03-23 15:37:00,4,550,United Kingdom,803.54,165,0
15645.0,2011-11-21 11:55:00,2011-11-21 11:55:00,1,256,United Kingdom,612.01,18,0
15646.0,2011-07-05 09:53:00,2010-12-02 16:59:00,3,394,United Kingdom,447.64000000000004,157,0
15648.0,2011-05-19 15:53:00,2011-03-17 18:59:00,2,218,United Kingdom,639.5,203,1
15649.0,2011-01-07 13:34:00,2010-12-07 10:06:00,2,192,United Kingdom,816.0,335,1
15651.0,2011-11-03 08:41:00,2011-03-24 08:56:00,3,479,United Kingdom,646.3,36,0
15652.0,2011-09-09 14:22:00,2011-09-09 14:22:00,1,208,United Kingdom,337.74,90,0
15653.0,2011-09-08 10:49:00,2011-08-16 09:50:00,2,1200,United Kingdom,877.4399999999999,92,0
15654.0,2011-11-30 13:08:00,2011-11-13 15:15:00,2,475,United Kingdom,922.53,8,0
15655.0,2011-04-10 15:25:00,2011-04-10 15:25:00,1,324,United Kingdom,560.67,242,1
15656.0,2011-10-25 14:56:00,2011-02-28 15:32:00,4,343,United Kingdom,748.5,44,0
15657.0,2011-11-17 12:19:00,2011-11-17 12:19:00,1,24,United Kingdom,30.0,22,0
15658.0,2011-06-02 15:22:00,2010-12-02 10:53:00,5,242,United Kingdom,1024.1000000000001,189,1
15659.0,2011-10-27 09:23:00,2011-10-27 09:23:00,1,111,United Kingdom,306.45,43,0
15660.0,2011-11-14 16:58:00,2010-12-09 09:49:00,9,1050,United Kingdom,1600.86,24,0
15661.0,2011-01-26 13:56:00,2011-01-05 12:32:00,2,236,United Kingdom,309.8,316,1
15663.0,2011-08-25 15:50:00,2011-08-25 15:50:00,1,106,United Kingdom,138.14,105,0
15664.0,2011-10-20 10:57:00,2011-10-20 10:57:00,1,157,United Kingdom,386.43,50,0
15665.0,2011-06-24 14:57:00,2011-04-10 15:09:00,2,1654,United Kingdom,2222.21,167,0
15667.0,2011-10-31 10:56:00,2011-10-31 10:56:00,1,240,United Kingdom,301.32,39,0
15668.0,2011-05-06 10:39:00,2011-05-06 10:39:00,1,72,United Kingdom,76.32000000000001,217,1
15669.0,2011-10-30 16:03:00,2011-03-21 09:13:00,4,342,United Kingdom,684.34,39,0
15670.0,2011-02-16 10:50:00,2011-02-16 10:50:00,1,91,United Kingdom,173.05,296,1
15671.0,2011-11-21 12:43:00,2011-03-14 09:37:00,7,1699,United Kingdom,2657.13,18,0
15673.0,2011-09-12 16:12:00,2011-01-16 16:25:00,4,1451,United Kingdom,2726.23,87,0
15674.0,2011-09-27 15:17:00,2011-03-30 09:19:00,5,1275,United Kingdom,2446.6,72,0
15675.0,2011-09-19 13:48:00,2011-03-04 14:21:00,3,527,United Kingdom,323.69,80,0
15676.0,2011-11-21 12:40:00,2011-03-01 10:19:00,3,2252,United Kingdom,3435.76,18,0
15677.0,2011-10-21 15:36:00,2011-10-21 15:36:00,1,319,United Kingdom,657.23,48,0
15678.0,2011-10-18 09:25:00,2011-10-18 09:25:00,1,184,United Kingdom,352.7,52,0
15679.0,2011-11-15 16:19:00,2011-06-10 08:24:00,4,1170,United Kingdom,781.28,23,0
15680.0,2011-11-30 13:46:00,2010-12-08 14:43:00,3,952,United Kingdom,1333.68,8,0
15681.0,2011-11-14 16:30:00,2011-03-04 13:46:00,5,816,United Kingdom,1426.16,24,0
15683.0,2011-08-14 12:56:00,2011-08-14 12:56:00,1,131,United Kingdom,193.75,116,0
15687.0,2011-12-01 08:33:00,2011-01-13 15:13:00,9,1310,United Kingdom,2993.1,8,0
15689.0,2011-08-12 09:37:00,2010-12-13 09:57:00,2,84,United Kingdom,254.1,119,0
15690.0,2011-12-05 15:59:00,2011-08-31 11:40:00,2,408,United Kingdom,239.76,3,0
15691.0,2011-04-01 15:13:00,2011-04-01 15:13:00,1,72,United Kingdom,136.8,251,1
15692.0,2011-11-11 14:12:00,2011-11-11 14:12:00,1,138,United Kingdom,191.04,27,0
15694.0,2011-12-09 09:44:00,2010-12-02 07:49:00,14,1677,United Kingdom,6479.4,0,0
15695.0,2011-03-18 08:32:00,2011-03-18 08:31:00,2,212,United Kingdom,409.98,266,1
15696.0,2011-11-06 14:02:00,2011-01-17 11:24:00,8,1015,United Kingdom,2711.11,32,0
15699.0,2011-11-22 08:26:00,2011-11-22 08:26:00,1,113,United Kingdom,309.65,17,0
15700.0,2011-06-20 16:53:00,2011-06-19 15:36:00,2,357,United Kingdom,696.68,171,0
15701.0,2011-12-07 14:39:00,2011-08-21 12:36:00,4,912,United Kingdom,1529.0,1,0
15703.0,2011-03-20 10:51:00,2011-03-20 10:51:00,1,66,United Kingdom,211.5,264,1
15704.0,2011-07-22 13:35:00,2011-05-08 12:42:00,4,1028,United Kingdom,2293.62,139,0
15705.0,2011-05-22 15:37:00,2011-05-22 15:37:00,1,62,United Kingdom,143.1,200,1
15706.0,2011-10-07 10:09:00,2011-08-15 14:32:00,4,321,United Kingdom,1060.56,63,0
15707.0,2011-11-04 14:35:00,2011-09-14 14:19:00,4,594,United Kingdom,916.98,34,0
15708.0,2011-10-30 10:54:00,2010-12-05 11:12:00,7,1217,United Kingdom,3235.25,40,0
15709.0,2011-03-01 10:38:00,2011-03-01 10:38:00,1,121,United Kingdom,133.25,283,1
15712.0,2011-11-30 14:09:00,2011-02-25 11:32:00,5,486,United Kingdom,1072.3600000000001,8,0
15713.0,2011-07-19 13:34:00,2010-12-08 15:16:00,2,150,United Kingdom,356.7,142,0
15714.0,2011-11-28 11:26:00,2011-09-23 11:25:00,2,186,United Kingdom,330.03000000000003,11,0
15716.0,2011-07-17 11:59:00,2010-12-05 12:26:00,4,738,United Kingdom,1101.1100000000001,145,0
15717.0,2011-04-19 13:21:00,2011-04-19 13:21:00,1,70,United Kingdom,150.3,233,1
15719.0,2011-11-07 12:29:00,2011-01-06 12:31:00,13,2718,United Kingdom,5030.07,32,0
15720.0,2011-11-15 14:48:00,2011-11-15 14:48:00,1,281,United Kingdom,598.73,23,0
15721.0,2011-11-28 12:14:00,2011-11-28 12:14:00,1,388,United Kingdom,471.40000000000003,11,0
15722.0,2011-11-04 11:43:00,2011-02-22 12:24:00,5,1023,United Kingdom,2211.21,35,0
15723.0,2010-12-10 11:12:00,2010-12-10 11:12:00,1,73,United Kingdom,190.7,364,1
15724.0,2011-05-22 14:40:00,2011-02-28 10:40:00,2,73,United Kingdom,218.25,200,1
15725.0,2011-11-24 14:51:00,2011-11-24 14:51:00,1,221,United Kingdom,415.25,14,0
15727.0,2011-11-23 12:36:00,2010-12-15 15:47:00,7,3063,United Kingdom,5159.06,16,0
15729.0,2011-05-11 12:36:00,2011-05-11 12:36:00,1,28,United Kingdom,85.0,212,1
15730.0,2011-10-05 12:31:00,2011-05-17 12:43:00,3,689,United Kingdom,1120.88,65,0
15732.0,2011-05-11 14:24:00,2010-12-02 15:00:00,2,215,United Kingdom,294.12,211,1
15733.0,2011-03-02 09:05:00,2011-03-02 09:05:00,1,62,United Kingdom,162.3,282,1
15734.0,2011-08-17 10:50:00,2011-05-23 14:59:00,2,346,United Kingdom,1339.45,114,0
15737.0,2011-11-25 11:21:00,2011-04-11 10:01:00,8,597,United Kingdom,1188.1200000000001,14,0
15738.0,2011-11-21 08:26:00,2010-12-02 12:50:00,16,2982,United Kingdom,4812.42,18,0
15739.0,2011-10-04 13:42:00,2011-10-04 13:42:00,1,472,United Kingdom,449.12,65,0
15740.0,2011-10-21 14:29:00,2011-10-21 14:29:00,1,152,United Kingdom,154.88,48,0
15743.0,2011-11-23 17:19:00,2011-06-08 10:14:00,4,214,United Kingdom,775.96,15,0
15744.0,2011-09-23 09:52:00,2011-09-23 09:52:00,1,120,United Kingdom,34.8,77,0
15745.0,2011-11-20 13:45:00,2011-04-17 13:04:00,4,421,United Kingdom,1094.59,18,0
15746.0,2011-07-28 15:21:00,2011-07-28 15:21:00,1,178,United Kingdom,196.88,133,0
15747.0,2011-11-27 12:26:00,2011-06-20 11:30:00,3,466,United Kingdom,946.64,12,0
15748.0,2011-10-30 12:51:00,2011-10-30 12:51:00,1,50,United Kingdom,144.36,39,0
15749.0,2011-04-18 13:20:00,2011-01-11 12:55:00,3,18028,United Kingdom,44534.3,234,1
15750.0,2011-12-07 12:34:00,2010-12-08 10:36:00,8,1783,United Kingdom,2463.05,2,0
15752.0,2011-10-31 11:37:00,2010-12-02 09:43:00,7,1960,United Kingdom,2626.6,39,0
15753.0,2011-02-08 12:41:00,2011-02-08 12:41:00,1,144,United Kingdom,79.2,304,1
15754.0,2011-10-19 14:40:00,2011-04-07 12:24:00,3,199,United Kingdom,458.57,50,0
15755.0,2011-11-29 14:57:00,2011-02-18 11:53:00,6,1427,United Kingdom,2364.25,9,0
15756.0,2011-10-09 13:30:00,2011-04-04 14:00:00,4,241,United Kingdom,528.01,60,0
15757.0,2011-10-05 12:14:00,2011-05-06 11:40:00,2,491,United Kingdom,714.42,65,0
15758.0,2011-11-15 10:48:00,2011-11-15 10:48:00,1,47,United Kingdom,205.25,24,0
15759.0,2011-05-05 15:13:00,2010-12-16 15:29:00,3,60,United Kingdom,253.04,217,1
15762.0,2011-10-05 16:15:00,2011-09-23 15:17:00,2,251,United Kingdom,583.75,64,0
15763.0,2011-11-08 09:44:00,2011-09-23 12:10:00,2,271,United Kingdom,1086.92,31,0
15764.0,2011-09-12 17:58:00,2011-03-08 09:23:00,6,2050,United Kingdom,3279.97,87,0
15766.0,2011-10-06 17:03:00,2011-10-06 17:03:00,1,170,United Kingdom,315.06,63,0
15768.0,2011-08-16 10:48:00,2011-04-28 09:20:00,3,244,United Kingdom,621.8299999999999,115,0
15769.0,2011-12-02 13:52:00,2010-12-03 15:16:00,26,29672,United Kingdom,56252.72,6,0
15773.0,2011-12-04 12:48:00,2011-12-04 12:48:00,1,311,United Kingdom,635.6800000000001,5,0
15774.0,2011-10-02 12:04:00,2011-10-02 12:04:00,1,87,United Kingdom,270.8,68,0
15775.0,2011-04-08 12:56:00,2011-04-08 12:56:00,1,68,United Kingdom,104.9,244,1
15776.0,2011-07-29 13:46:00,2011-07-29 13:46:00,1,138,United Kingdom,241.62,132,0
15777.0,2011-04-12 16:43:00,2010-12-13 16:38:00,4,378,United Kingdom,1047.11,240,1
15780.0,2011-06-09 12:01:00,2010-12-17 11:43:00,3,220,United Kingdom,475.28000000000003,183,1
15781.0,2011-11-14 14:57:00,2011-02-07 09:15:00,3,180,United Kingdom,345.46,24,0
15782.0,2011-11-30 10:49:00,2011-09-11 14:29:00,3,864,United Kingdom,2614.7400000000002,9,0
15783.0,2011-11-29 09:50:00,2011-11-29 09:50:00,1,212,United Kingdom,246.3,10,0
15785.0,2011-11-07 11:33:00,2011-02-17 14:17:00,5,1612,United Kingdom,2328.9700000000003,32,0
15786.0,2011-10-24 14:13:00,2011-08-17 13:33:00,3,3340,United Kingdom,4919.0,45,0
15787.0,2011-11-13 14:55:00,2011-10-09 13:11:00,3,534,United Kingdom,933.26,25,0
15789.0,2010-12-16 14:35:00,2010-12-16 14:35:00,1,438,United Kingdom,351.3,357,1
15790.0,2011-11-29 14:53:00,2011-11-29 14:53:00,1,113,United Kingdom,218.75,9,0
15791.0,2011-10-27 10:14:00,2011-05-19 15:15:00,2,731,United Kingdom,1612.69,43,0
15793.0,2011-11-25 09:31:00,2011-03-16 10:45:00,3,553,United Kingdom,965.61,14,0
15795.0,2011-07-13 10:43:00,2011-07-13 10:43:00,1,581,United Kingdom,610.01,149,0
15796.0,2011-12-08 19:55:00,2011-02-10 15:40:00,8,860,United Kingdom,2708.61,0,0
15797.0,2011-08-18 17:04:00,2011-01-24 15:47:00,4,873,United Kingdom,2207.4,112,0
15799.0,2011-09-25 12:46:00,2011-01-09 15:13:00,3,955,United Kingdom,884.14,75,0
15800.0,2011-08-24 14:23:00,2011-04-07 12:39:00,2,332,United Kingdom,696.89,106,0
15801.0,2011-10-24 13:52:00,2011-08-22 09:53:00,3,570,United Kingdom,1063.95,45,0
15802.0,2011-07-20 11:38:00,2011-07-20 11:38:00,1,1,United Kingdom,451.42,142,0
15803.0,2011-10-19 14:56:00,2011-10-19 14:56:00,1,290,United Kingdom,415.82000000000005,50,0
15804.0,2011-12-09 12:31:00,2011-05-25 10:12:00,13,2565,United Kingdom,4206.39,0,0
15805.0,2011-11-16 16:32:00,2010-12-10 09:33:00,17,3367,United Kingdom,5488.18,22,0
15806.0,2011-10-24 14:35:00,2011-03-08 09:24:00,3,602,United Kingdom,784.58,45,0
15807.0,2011-10-20 14:10:00,2011-09-23 14:43:00,3,430,United Kingdom,903.9,49,0
15808.0,2011-02-06 14:33:00,2010-12-05 13:05:00,4,1305,United Kingdom,3651.27,305,1
15809.0,2011-11-03 16:40:00,2011-02-10 11:16:00,5,301,United Kingdom,515.77,35,0
15810.0,2011-09-22 09:38:00,2011-02-16 09:11:00,4,861,United Kingdom,1391.98,78,0
15811.0,2011-11-17 15:31:00,2010-12-09 15:29:00,6,1071,United Kingdom,2218.62,21,0
15812.0,2011-08-24 14:19:00,2011-01-26 12:12:00,5,922,United Kingdom,1801.14,106,0
15813.0,2011-05-16 08:13:00,2011-04-14 09:09:00,2,603,United Kingdom,1303.9099999999999,207,1
15814.0,2011-11-23 08:17:00,2011-10-20 09:04:00,4,1271,United Kingdom,1945.33,16,0
15815.0,2011-10-07 12:42:00,2011-03-25 08:43:00,5,1856,United Kingdom,2100.6,63,0
15819.0,2011-10-21 14:50:00,2011-03-08 09:45:00,4,1357,United Kingdom,1905.45,48,0
15820.0,2011-01-24 12:00:00,2011-01-24 12:00:00,1,128,United Kingdom,206.98,319,1
15821.0,2011-10-26 15:48:00,2011-10-09 13:28:00,2,202,United Kingdom,570.96,43,0
15822.0,2011-12-06 14:50:00,2010-12-15 13:38:00,2,375,United Kingdom,885.47,2,0
15823.0,2010-12-02 15:08:00,2010-12-02 15:08:00,1,1,United Kingdom,15.0,371,1
15825.0,2011-06-20 13:27:00,2011-06-20 13:27:00,1,220,United Kingdom,532.94,171,0
15826.0,2011-10-14 16:05:00,2011-05-13 10:44:00,3,963,United Kingdom,1654.31,55,0
15827.0,2011-09-27 15:35:00,2010-12-02 13:06:00,14,882,United Kingdom,1836.0900000000001,72,0
15829.0,2011-09-01 16:45:00,2011-07-22 10:23:00,2,996,United Kingdom,636.14,98,0
15830.0,2011-11-02 10:40:00,2011-11-02 10:40:00,1,415,United Kingdom,576.0,37,0
15831.0,2011-10-12 13:14:00,2011-01-19 14:52:00,3,1092,United Kingdom,794.64,57,0
15832.0,2011-03-30 15:29:00,2011-03-30 15:29:00,1,465,United Kingdom,836.79,253,1
15834.0,2011-09-30 14:41:00,2011-03-07 17:52:00,4,961,United Kingdom,2225.15,69,0
15835.0,2011-10-26 15:47:00,2011-01-13 10:35:00,4,439,United Kingdom,954.09,43,0
15836.0,2011-10-20 17:13:00,2011-10-20 17:13:00,1,26,United Kingdom,137.37,49,0
15837.0,2011-10-06 09:01:00,2011-10-06 09:01:00,1,189,United Kingdom,391.98,64,0
15838.0,2011-11-28 14:00:00,2010-12-07 11:26:00,19,18368,United Kingdom,33643.08,10,0
15839.0,2011-11-06 13:54:00,2011-07-14 16:35:00,3,675,United Kingdom,1048.49,32,0
15840.0,2011-10-12 09:08:00,2011-06-20 11:42:00,2,396,United Kingdom,355.56,58,0
15841.0,2011-09-28 12:15:00,2011-01-05 11:25:00,4,942,United Kingdom,1224.06,72,0
15843.0,2011-02-09 10:19:00,2011-02-09 10:19:00,1,27,United Kingdom,118.95000000000002,303,1
15844.0,2011-10-24 15:19:00,2011-10-24 15:19:00,1,134,United Kingdom,130.73999999999998,45,0
15845.0,2011-11-22 09:42:00,2011-01-06 17:19:00,8,1926,United Kingdom,3711.77,17,0
15847.0,2011-11-01 14:41:00,2011-02-24 16:46:00,2,449,United Kingdom,389.27,37,0
15850.0,2011-11-20 14:14:00,2011-06-24 14:16:00,2,298,United Kingdom,234.88,18,0
15852.0,2011-06-06 11:22:00,2011-05-26 13:26:00,2,48,United Kingdom,160.71,186,1
15853.0,2011-10-19 10:38:00,2011-10-19 10:38:00,1,135,United Kingdom,110.8,51,0
15854.0,2011-12-05 13:39:00,2010-12-13 11:47:00,12,926,United Kingdom,2969.12,3,0
15855.0,2011-07-26 10:20:00,2011-03-21 12:32:00,5,470,United Kingdom,712.24,136,0
15856.0,2011-12-05 17:09:00,2010-12-09 13:34:00,27,10866,United Kingdom,16143.64,3,0
15857.0,2011-11-21 12:18:00,2011-11-21 12:18:00,1,308,United Kingdom,297.0,18,0
15858.0,2011-11-24 12:48:00,2010-12-07 14:31:00,5,1163,United Kingdom,1427.57,15,0
15860.0,2011-10-30 11:25:00,2010-12-06 11:38:00,8,437,United Kingdom,965.16,40,0
15861.0,2011-11-27 15:59:00,2011-03-17 20:12:00,8,2528,United Kingdom,3146.92,11,0
15862.0,2011-12-01 13:28:00,2010-12-01 11:21:00,4,585,United Kingdom,832.88,7,0
15863.0,2011-11-14 12:49:00,2011-05-31 11:36:00,2,19,United Kingdom,68.84,25,0
15864.0,2011-11-17 13:32:00,2011-01-27 16:43:00,6,1192,United Kingdom,1936.3200000000002,21,0
15865.0,2011-10-30 12:43:00,2011-05-10 11:44:00,3,368,United Kingdom,895.13,40,0
15866.0,2011-08-30 14:09:00,2011-08-30 14:09:00,1,124,United Kingdom,211.89,100,0
15867.0,2011-12-04 13:32:00,2010-12-05 14:17:00,15,2052,United Kingdom,3810.14,4,0
15869.0,2011-03-07 17:23:00,2011-03-07 17:19:00,2,175,United Kingdom,149.64,276,1
15870.0,2011-11-07 10:58:00,2011-11-07 10:58:00,1,333,United Kingdom,351.44,32,0
15872.0,2011-11-25 11:55:00,2011-11-25 11:54:00,2,187,United Kingdom,316.25,14,0
15874.0,2011-10-07 12:31:00,2011-02-28 13:28:00,7,2534,United Kingdom,4405.88,63,0
15877.0,2011-12-08 11:53:00,2011-11-22 11:18:00,2,368,United Kingdom,490.33,1,0
15880.0,2010-12-05 13:00:00,2010-12-05 13:00:00,1,202,United Kingdom,329.03000000000003,368,1
15881.0,2011-01-31 16:59:00,2010-12-10 13:32:00,5,260,United Kingdom,501.39000000000004,311,1
15882.0,2011-05-25 11:35:00,2010-12-06 13:01:00,4,276,United Kingdom,516.36,198,1
15883.0,2011-12-07 17:05:00,2011-11-06 14:50:00,2,223,United Kingdom,396.48,1,0
15885.0,2011-09-08 10:43:00,2011-02-03 15:28:00,3,111,United Kingdom,379.35,92,0
15886.0,2011-10-10 14:25:00,2011-10-10 14:25:00,1,147,United Kingdom,181.09,59,0
15888.0,2011-09-20 12:30:00,2011-09-20 12:30:00,1,76,United Kingdom,168.31,80,0
15889.0,2011-07-06 11:10:00,2010-12-05 15:12:00,2,206,United Kingdom,420.07,156,0
15891.0,2011-04-27 12:35:00,2011-04-27 12:35:00,1,418,United Kingdom,511.68,226,1
15894.0,2011-03-31 13:50:00,2010-12-05 14:06:00,2,164,United Kingdom,258.25,252,1
15895.0,2011-07-13 10:27:00,2011-07-13 10:27:00,1,94,United Kingdom,179.17,149,0
15897.0,2011-05-29 13:50:00,2011-05-29 13:32:00,2,223,United Kingdom,208.59,193,1
15898.0,2011-12-08 15:23:00,2010-12-06 11:01:00,5,567,United Kingdom,1383.83,0,0
15899.0,2010-12-06 10:36:00,2010-12-06 10:36:00,1,39,United Kingdom,56.25,368,1
15900.0,2011-11-16 12:19:00,2011-11-16 12:19:00,1,216,United Kingdom,337.28,23,0
15901.0,2011-11-23 12:43:00,2011-07-08 12:18:00,3,379,United Kingdom,351.73,16,0
15903.0,2011-11-30 08:08:00,2011-02-17 14:04:00,7,2410,United Kingdom,5126.76,9,0
15904.0,2011-12-01 14:50:00,2011-12-01 14:50:00,1,84,United Kingdom,164.68,7,0
15906.0,2011-11-20 12:24:00,2011-03-29 13:28:00,7,544,United Kingdom,1567.69,19,0
15907.0,2011-12-06 12:21:00,2011-05-13 13:01:00,3,478,United Kingdom,882.72,3,0
15909.0,2011-06-19 10:38:00,2011-06-19 10:38:00,1,98,United Kingdom,191.94,173,0
15910.0,2011-12-09 10:51:00,2011-01-27 11:55:00,8,1013,United Kingdom,1228.88,0,0
15912.0,2011-06-14 14:29:00,2011-04-20 17:10:00,2,185,United Kingdom,264.62,177,0
15916.0,2011-11-23 13:46:00,2010-12-08 13:07:00,8,752,United Kingdom,1502.8600000000001,15,0
15917.0,2011-04-06 10:40:00,2011-04-06 10:40:00,1,42,United Kingdom,123.1,247,1
15918.0,2011-06-02 11:42:00,2011-03-13 15:55:00,2,153,United Kingdom,334.23,190,1
15919.0,2011-11-20 11:28:00,2010-12-06 11:26:00,2,385,United Kingdom,525.69,19,0
15920.0,2011-07-08 15:31:00,2011-07-08 15:16:00,4,99,United Kingdom,167.5,153,0
15921.0,2011-06-20 11:03:00,2011-06-20 11:03:00,1,162,United Kingdom,323.03000000000003,172,0
15922.0,2010-12-01 13:51:00,2010-12-01 13:51:00,1,138,United Kingdom,369.5,372,1
15923.0,2010-12-02 12:16:00,2010-12-02 12:16:00,1,122,United Kingdom,127.08,372,1
15925.0,2011-05-29 15:35:00,2011-05-29 15:35:00,1,93,United Kingdom,207.15,193,1
15930.0,2011-10-03 14:52:00,2011-10-03 14:52:00,1,139,United Kingdom,426.63,66,0
15932.0,2011-12-05 17:13:00,2011-02-23 14:50:00,8,2325,United Kingdom,2495.87,3,0
15933.0,2011-11-18 13:14:00,2011-09-14 12:05:00,3,885,United Kingdom,1107.46,20,0
15935.0,2011-04-14 13:27:00,2011-04-12 09:35:00,2,115,United Kingdom,416.86,238,1
15937.0,2011-10-06 15:48:00,2011-10-06 15:48:00,1,73,United Kingdom,145.35,63,0
15938.0,2011-08-19 12:56:00,2011-01-20 10:11:00,5,240,United Kingdom,404.58,111,0
15939.0,2011-09-11 11:30:00,2011-01-12 12:43:00,15,4728,United Kingdom,6115.01,89,0
15940.0,2011-02-01 16:18:00,2011-02-01 16:18:00,1,4,United Kingdom,35.8,310,1
15942.0,2011-07-29 09:01:00,2011-07-29 09:01:00,1,232,United Kingdom,337.44,133,0
15944.0,2011-03-08 10:33:00,2011-03-08 10:33:00,1,50,United Kingdom,325.1,276,1
15945.0,2010-12-09 13:14:00,2010-12-09 13:14:00,1,52,United Kingdom,181.0,364,1
15947.0,2011-09-18 10:46:00,2011-09-18 10:46:00,1,898,United Kingdom,1708.24,82,0
15948.0,2011-12-01 15:32:00,2011-10-27 08:35:00,2,567,United Kingdom,955.24,7,0
15949.0,2011-11-23 09:09:00,2011-09-29 17:34:00,2,284,United Kingdom,364.72,16,0
15950.0,2011-11-08 11:09:00,2010-12-15 11:56:00,4,719,United Kingdom,1744.71,31,0
15951.0,2011-12-01 08:34:00,2011-02-27 11:57:00,2,313,United Kingdom,708.22,8,0
15952.0,2011-11-06 11:18:00,2011-04-28 12:55:00,4,391,United Kingdom,781.91,33,0
15953.0,2011-11-24 15:32:00,2010-12-05 15:15:00,8,891,United Kingdom,1657.28,14,0
15955.0,2011-11-15 14:15:00,2010-12-02 11:22:00,14,2135,United Kingdom,4416.26,23,0
15957.0,2011-11-08 12:14:00,2011-11-08 12:14:00,1,211,United Kingdom,428.89,31,0
15958.0,2011-09-26 13:41:00,2011-09-26 13:41:00,1,33,United Kingdom,104.35,73,0
15963.0,2011-11-20 11:33:00,2011-10-25 13:05:00,2,298,United Kingdom,470.76,19,0
15965.0,2011-11-22 16:44:00,2010-12-07 13:18:00,4,434,United Kingdom,808.87,16,0
15967.0,2011-11-16 15:41:00,2011-01-25 11:57:00,2,205,United Kingdom,397.68,22,0
15969.0,2011-12-07 11:06:00,2011-06-07 12:19:00,3,124,United Kingdom,666.1,2,0
15970.0,2011-02-09 12:08:00,2011-02-09 12:08:00,1,116,United Kingdom,314.1,303,1
15971.0,2011-11-22 12:50:00,2011-02-01 16:47:00,12,1717,United Kingdom,4199.85,17,0
15973.0,2010-12-08 11:42:00,2010-12-08 11:42:00,1,106,United Kingdom,307.82000000000005,366,1
15974.0,2011-10-31 13:13:00,2011-02-24 10:10:00,7,2262,United Kingdom,3442.15,38,0
15975.0,2011-09-16 13:33:00,2011-09-16 13:33:00,1,243,United Kingdom,371.01,83,0
15976.0,2011-06-27 13:00:00,2011-05-03 17:12:00,2,275,United Kingdom,427.64,164,0
15977.0,2011-11-22 13:29:00,2011-10-31 16:24:00,2,1016,United Kingdom,1054.73,16,0
15978.0,2011-09-23 15:21:00,2011-09-23 15:21:00,1,888,United Kingdom,1098.78,76,0
15980.0,2011-09-12 09:41:00,2011-03-30 15:05:00,3,1560,United Kingdom,2398.86,88,0
15981.0,2011-11-15 08:00:00,2011-02-01 13:50:00,8,1866,United Kingdom,3408.48,24,0
15983.0,2011-11-17 17:34:00,2010-12-01 12:15:00,4,886,United Kingdom,1465.12,21,0
15984.0,2011-12-07 12:16:00,2010-12-06 13:21:00,10,1815,United Kingdom,2780.63,2,0
15985.0,2011-08-08 16:31:00,2011-04-17 11:04:00,2,1086,United Kingdom,1142.42,122,0
15986.0,2011-11-09 15:17:00,2011-11-09 15:17:00,1,268,United Kingdom,168.12,29,0
15987.0,2011-11-27 15:38:00,2010-12-06 08:34:00,7,1533,United Kingdom,1432.77,11,0
15988.0,2011-11-20 13:23:00,2011-11-20 13:23:00,1,180,United Kingdom,156.78,18,0
15990.0,2011-10-26 15:58:00,2011-02-25 15:35:00,2,443,United Kingdom,792.11,43,0
15992.0,2011-12-06 11:00:00,2011-12-06 11:00:00,1,17,United Kingdom,41.989999999999995,3,0
15993.0,2011-12-01 10:45:00,2011-10-26 16:21:00,7,2037,United Kingdom,2777.67,8,0
15994.0,2011-10-16 12:28:00,2011-10-16 12:28:00,1,173,United Kingdom,414.27,54,0
15996.0,2011-09-12 15:14:00,2010-12-08 15:59:00,6,380,United Kingdom,1032.58,87,0
15998.0,2011-11-03 12:45:00,2010-12-12 13:32:00,5,2032,United Kingdom,3080.22,36,0
16000.0,2011-12-07 12:17:00,2011-12-07 12:14:00,3,5110,United Kingdom,12393.7,2,0
16003.0,2011-11-10 09:57:00,2010-12-15 12:09:00,5,1185,United Kingdom,2735.37,29,0
16005.0,2011-11-27 13:47:00,2011-03-14 11:46:00,4,280,United Kingdom,578.71,11,0
16006.0,2011-05-12 13:12:00,2011-05-12 13:12:00,1,84,United Kingdom,101.4,210,1
16007.0,2011-10-23 11:05:00,2011-05-08 13:32:00,4,1388,United Kingdom,1693.81,47,0
16008.0,2011-11-16 10:32:00,2011-05-19 10:54:00,3,323,United Kingdom,478.78,23,0
16009.0,2011-11-17 16:51:00,2011-07-03 11:26:00,4,366,United Kingdom,972.11,21,0
16010.0,2011-04-08 10:14:00,2010-12-12 12:18:00,3,202,United Kingdom,392.4,245,1
16011.0,2011-12-01 16:31:00,2010-12-08 16:34:00,16,2035,United Kingdom,3352.96,7,0
16012.0,2011-11-04 13:25:00,2011-07-07 18:02:00,3,799,United Kingdom,1415.29,34,0
16013.0,2011-12-06 10:36:00,2010-12-03 13:09:00,47,15536,United Kingdom,37130.6,3,0
16014.0,2011-11-02 12:04:00,2011-02-21 17:42:00,3,258,United Kingdom,646.83,37,0
16015.0,2011-12-06 10:58:00,2011-10-21 12:56:00,3,907,United Kingdom,704.55,3,0
16016.0,2011-12-06 14:35:00,2010-12-08 12:36:00,8,602,United Kingdom,1465.51,2,0
16017.0,2011-10-23 12:56:00,2011-10-23 12:56:00,1,102,United Kingdom,211.88,46,0
16018.0,2011-10-31 14:13:00,2011-06-12 13:52:00,2,190,United Kingdom,408.90000000000003,38,0
16019.0,2011-10-24 11:51:00,2010-12-10 12:29:00,9,1733,United Kingdom,3786.2400000000002,46,0
16020.0,2011-11-23 11:18:00,2011-10-05 13:54:00,3,487,United Kingdom,851.01,16,0
16022.0,2011-03-24 13:16:00,2011-03-24 13:16:00,1,255,United Kingdom,602.63,259,1
16023.0,2011-10-24 16:34:00,2011-03-18 13:32:00,3,358,United Kingdom,719.81,45,0
16024.0,2011-11-27 13:26:00,2011-11-27 13:26:00,1,397,United Kingdom,251.03,11,0
16025.0,2011-11-10 11:45:00,2011-11-10 11:45:00,1,338,United Kingdom,439.65999999999997,29,0
16026.0,2011-10-27 13:53:00,2011-10-27 13:53:00,1,243,United Kingdom,236.09,42,0
16027.0,2011-09-09 10:47:00,2011-02-10 12:19:00,6,1147,United Kingdom,934.62,91,0
16029.0,2011-11-01 10:27:00,2010-12-01 09:57:00,63,40108,United Kingdom,80850.84,38,0
16030.0,2011-02-03 11:28:00,2011-02-03 11:28:00,1,283,United Kingdom,331.24,309,1
16031.0,2011-09-08 13:07:00,2011-04-06 14:23:00,2,421,United Kingdom,547.9,91,0
16033.0,2011-12-04 12:44:00,2010-12-05 10:36:00,20,3529,United Kingdom,8778.82,5,0
16034.0,2011-05-27 16:17:00,2011-01-11 11:54:00,3,242,United Kingdom,437.7,195,1
16036.0,2011-09-13 14:53:00,2011-03-21 13:01:00,2,716,United Kingdom,758.92,86,0
16037.0,2011-03-15 09:13:00,2010-12-16 10:18:00,3,428,United Kingdom,855.02,269,1
16038.0,2011-12-02 12:40:00,2011-05-22 11:29:00,3,244,United Kingdom,471.78000000000003,7,0
16040.0,2011-10-05 13:47:00,2011-03-16 09:58:00,3,684,United Kingdom,1313.55,64,0
16041.0,2011-11-09 12:25:00,2011-07-21 16:27:00,3,1584,United Kingdom,3166.4,30,0
16042.0,2011-11-17 17:50:00,2011-01-11 13:25:00,5,743,United Kingdom,1177.47,21,0
16043.0,2011-11-02 12:50:00,2011-01-26 11:14:00,4,503,United Kingdom,773.99,37,0
16045.0,2011-08-12 12:41:00,2011-02-22 14:55:00,4,897,United Kingdom,1340.7,119,0
16048.0,2010-12-01 15:28:00,2010-12-01 15:27:00,2,144,United Kingdom,256.44,372,1
16049.0,2011-10-30 13:19:00,2011-09-25 14:33:00,3,763,United Kingdom,1074.81,39,0
16050.0,2011-06-19 11:44:00,2011-06-19 11:44:00,1,278,United Kingdom,137.9,173,0
16052.0,2011-10-16 15:13:00,2011-10-16 15:13:00,1,282,United Kingdom,362.06,53,0
16053.0,2011-11-07 11:21:00,2011-08-09 14:57:00,2,1793,United Kingdom,1511.95,32,0
16054.0,2011-07-17 13:08:00,2011-07-17 13:08:00,1,380,United Kingdom,783.9,144,0
16055.0,2011-05-03 09:26:00,2011-05-03 09:26:00,1,22,United Kingdom,134.8,220,1
16056.0,2011-10-25 15:19:00,2011-10-25 15:19:00,1,345,United Kingdom,650.75,44,0
16057.0,2011-11-23 15:23:00,2011-02-28 10:35:00,7,863,United Kingdom,2263.12,15,0
16059.0,2011-10-05 09:56:00,2010-12-07 10:36:00,6,641,United Kingdom,1453.16,65,0
16062.0,2011-11-30 12:15:00,2010-12-10 12:00:00,4,800,United Kingdom,1153.62,9,0
16063.0,2011-03-24 14:56:00,2011-03-24 14:55:00,1,262,United Kingdom,335.32,259,1
16065.0,2010-12-09 13:03:00,2010-12-09 13:03:00,1,228,United Kingdom,367.14,364,1
16066.0,2011-11-23 11:54:00,2011-08-07 14:33:00,5,935,United Kingdom,1521.04,16,0
16070.0,2011-11-17 15:50:00,2011-11-07 16:36:00,2,457,United Kingdom,852.15,21,0
16071.0,2011-10-26 11:14:00,2011-10-26 11:14:00,1,180,United Kingdom,326.24,44,0
16072.0,2011-02-24 14:32:00,2011-02-24 14:32:00,1,140,United Kingdom,584.3199999999999,287,1
16073.0,2011-02-15 15:41:00,2011-02-15 15:41:00,1,48,United Kingdom,122.39999999999999,296,1
16076.0,2011-12-06 14:59:00,2011-05-15 12:31:00,10,1435,United Kingdom,2234.73,2,0
16078.0,2011-03-01 09:47:00,2011-03-01 09:47:00,1,16,United Kingdom,79.2,283,1
16079.0,2011-11-23 12:48:00,2011-10-30 13:06:00,3,864,United Kingdom,1352.0,16,0
16080.0,2011-09-19 10:42:00,2011-03-10 14:44:00,2,128,United Kingdom,217.16,81,0
16081.0,2011-10-14 13:06:00,2010-12-08 11:16:00,5,1473,United Kingdom,2799.42,55,0
16083.0,2011-08-31 10:47:00,2010-12-14 11:51:00,2,908,United Kingdom,1317.62,100,0
16084.0,2011-02-13 16:05:00,2011-02-13 16:05:00,1,216,United Kingdom,436.18,298,1
16085.0,2011-11-16 13:24:00,2011-01-23 12:07:00,5,636,United Kingdom,981.51,22,0
16086.0,2011-10-11 13:09:00,2010-12-07 13:45:00,5,511,United Kingdom,1121.39,58,0
16091.0,2011-07-08 08:45:00,2011-05-25 09:18:00,2,154,United Kingdom,315.06,154,0
16092.0,2011-08-17 10:46:00,2011-03-30 15:38:00,3,628,United Kingdom,817.86,114,0
16093.0,2011-08-25 11:09:00,2011-08-25 11:09:00,1,20,United Kingdom,17.0,106,0
16094.0,2011-11-28 12:45:00,2011-05-04 13:57:00,4,647,United Kingdom,1078.23,11,0
16096.0,2011-03-20 13:38:00,2011-03-20 13:38:00,1,155,United Kingdom,320.62,263,1
16097.0,2011-04-13 13:47:00,2011-04-13 13:47:00,1,87,United Kingdom,185.04999999999998,239,1
16098.0,2011-09-13 09:59:00,2010-12-01 09:45:00,7,613,United Kingdom,2005.63,87,0
16099.0,2011-10-20 13:13:00,2011-04-28 08:34:00,3,434,United Kingdom,731.9,49,0
16101.0,2011-09-30 10:18:00,2011-09-30 10:18:00,1,757,United Kingdom,1290.7,70,0
16102.0,2011-10-28 13:19:00,2011-08-03 12:50:00,3,942,United Kingdom,1842.14,41,0
16103.0,2011-12-02 14:16:00,2011-04-20 12:28:00,6,558,United Kingdom,1429.64,6,0
16104.0,2011-10-09 10:23:00,2011-10-09 10:23:00,1,122,United Kingdom,298.21,61,0
16105.0,2011-04-05 10:13:00,2011-04-05 10:13:00,1,330,United Kingdom,336.96,248,1
16106.0,2011-10-05 10:37:00,2011-10-05 10:37:00,1,74,United Kingdom,108.38,65,0
16107.0,2011-11-22 09:40:00,2011-06-09 18:42:00,7,1176,United Kingdom,3204.1600000000003,17,0
16108.0,2011-09-16 11:48:00,2011-09-16 11:48:00,1,615,United Kingdom,842.5,84,0
16109.0,2011-05-05 09:17:00,2011-02-04 12:37:00,2,612,United Kingdom,611.88,218,1
16110.0,2011-10-25 14:35:00,2011-02-01 14:01:00,3,720,United Kingdom,1320.95,44,0
16112.0,2011-07-19 14:28:00,2011-01-05 11:47:00,4,574,United Kingdom,195.73999999999998,142,0
16113.0,2011-06-09 16:16:00,2011-06-09 16:16:00,1,176,United Kingdom,161.38,182,1
16114.0,2011-06-22 10:13:00,2011-06-22 10:13:00,1,43,United Kingdom,135.75000000000003,170,0
16115.0,2011-11-30 11:32:00,2011-02-20 12:14:00,8,994,United Kingdom,1660.8799999999999,9,0
16116.0,2011-05-12 12:01:00,2011-05-12 12:01:00,1,248,United Kingdom,612.78,211,1
16117.0,2011-06-03 11:42:00,2011-06-03 11:42:00,1,130,United Kingdom,232.21,189,1
16119.0,2011-12-01 15:11:00,2011-09-28 10:15:00,2,240,United Kingdom,423.36,7,0
16120.0,2011-10-11 14:22:00,2011-10-11 14:10:00,4,878,United Kingdom,1309.14,58,0
16121.0,2011-10-13 12:59:00,2011-05-08 11:52:00,2,576,United Kingdom,854.66,56,0
16122.0,2011-09-27 15:34:00,2010-12-08 11:41:00,4,1128,United Kingdom,684.4200000000001,72,0
16123.0,2011-10-19 09:18:00,2011-10-19 09:18:00,1,170,United Kingdom,307.78,51,0
16124.0,2011-01-26 14:45:00,2011-01-26 14:45:00,1,48,United Kingdom,249.0,316,1
16125.0,2010-12-07 15:48:00,2010-12-07 15:48:00,1,124,United Kingdom,289.35,366,1
16126.0,2011-11-10 16:03:00,2011-02-16 11:18:00,4,2125,United Kingdom,6287.77,28,0
16127.0,2011-10-31 13:58:00,2011-10-31 13:58:00,1,323,United Kingdom,656.25,38,0
16128.0,2011-11-22 11:14:00,2011-03-02 12:21:00,5,988,United Kingdom,1880.22,17,0
16131.0,2011-10-19 11:53:00,2011-04-14 08:32:00,6,1802,United Kingdom,3506.54,51,0
16133.0,2011-12-06 11:24:00,2011-01-25 15:55:00,33,8887,United Kingdom,14589.04,3,0
16134.0,2011-11-18 10:05:00,2010-12-15 14:00:00,2,371,United Kingdom,618.09,21,0
16135.0,2011-03-22 12:30:00,2011-03-22 12:30:00,1,209,United Kingdom,517.55,262,1
16136.0,2011-10-11 09:10:00,2011-03-07 09:52:00,3,440,United Kingdom,709.38,59,0
16139.0,2011-11-21 08:37:00,2011-05-17 10:23:00,3,330,United Kingdom,635.41,18,0
16140.0,2011-10-05 12:15:00,2010-12-03 14:40:00,2,730,United Kingdom,725.18,65,0
16141.0,2011-09-12 13:11:00,2011-09-12 13:11:00,1,238,United Kingdom,620.4,87,0
16142.0,2011-04-04 10:16:00,2011-04-04 10:16:00,1,422,United Kingdom,535.34,249,1
16143.0,2011-12-06 14:13:00,2010-12-05 15:18:00,6,919,United Kingdom,2424.94,2,0
16144.0,2011-04-07 10:09:00,2011-04-07 10:09:00,1,16,United Kingdom,175.2,246,1
16145.0,2011-12-01 10:33:00,2010-12-15 09:09:00,11,3123,United Kingdom,3799.4900000000002,8,0
16146.0,2011-07-05 14:20:00,2011-04-21 15:25:00,3,427,United Kingdom,734.13,156,0
16147.0,2011-07-29 09:57:00,2011-07-29 09:57:00,1,246,United Kingdom,375.0,133,0
16148.0,2011-02-16 14:01:00,2011-02-16 14:01:00,1,72,United Kingdom,76.32000000000001,295,1
16149.0,2011-12-05 11:29:00,2011-07-20 14:54:00,2,308,United Kingdom,280.52,4,0
16150.0,2011-10-28 12:39:00,2010-12-02 18:27:00,5,1047,United Kingdom,2053.02,42,0
16152.0,2011-03-16 09:47:00,2011-03-16 09:47:00,1,642,United Kingdom,1829.04,268,1
16153.0,2011-10-21 10:50:00,2010-12-20 09:22:00,5,1073,United Kingdom,1824.23,49,0
16156.0,2011-12-01 12:42:00,2011-02-02 12:02:00,9,1273,United Kingdom,3092.04,8,0
16157.0,2011-11-24 11:41:00,2011-09-28 11:48:00,3,347,United Kingdom,656.69,15,0
16159.0,2011-03-03 12:27:00,2011-03-03 12:27:00,1,236,United Kingdom,348.2,281,1
16160.0,2011-10-05 14:19:00,2011-09-15 10:53:00,2,1162,United Kingdom,1025.44,64,0
16161.0,2011-12-08 12:10:00,2010-12-06 10:03:00,19,2583,United Kingdom,5533.67,1,0
16162.0,2011-04-01 15:03:00,2011-04-01 15:03:00,1,4,United Kingdom,37.4,251,1
16163.0,2011-04-21 15:15:00,2010-12-09 16:28:00,2,192,United Kingdom,856.6,231,1
16164.0,2011-11-22 15:04:00,2011-10-28 09:12:00,3,433,United Kingdom,822.48,16,0
16168.0,2011-11-29 12:45:00,2010-12-05 11:38:00,27,1892,United Kingdom,3787.6,10,0
16169.0,2011-12-01 15:28:00,2011-09-25 11:33:00,4,1325,United Kingdom,1822.97,7,0
16170.0,2011-10-20 08:21:00,2011-04-05 13:42:00,6,1770,United Kingdom,1885.05,50,0
16171.0,2011-10-11 14:51:00,2011-10-11 14:51:00,1,24,United Kingdom,73.2,58,0
16172.0,2011-09-05 13:22:00,2011-04-12 12:02:00,5,787,United Kingdom,1140.21,94,0
16173.0,2011-11-24 10:53:00,2011-09-02 15:23:00,6,575,United Kingdom,1418.32,15,0
16174.0,2011-08-05 13:26:00,2011-07-11 09:23:00,3,651,United Kingdom,1009.5500000000001,125,0
16175.0,2011-09-06 14:32:00,2011-04-13 14:38:00,4,533,United Kingdom,1037.59,93,0
16177.0,2011-10-20 12:57:00,2011-10-20 12:57:00,1,95,United Kingdom,331.95,49,0
16178.0,2011-07-24 16:05:00,2011-07-24 16:05:00,1,94,United Kingdom,197.9,137,0
16179.0,2011-10-10 09:41:00,2011-10-10 09:41:00,1,99,United Kingdom,215.83,60,0
16180.0,2011-08-31 16:28:00,2011-04-01 10:23:00,8,5867,United Kingdom,10254.18,99,0
16181.0,2011-09-27 13:38:00,2011-09-27 13:38:00,1,152,United Kingdom,305.54,72,0
16182.0,2011-09-28 13:23:00,2011-02-18 10:11:00,4,3791,United Kingdom,6617.65,71,0
16183.0,2011-10-03 14:59:00,2011-10-03 14:59:00,1,113,United Kingdom,338.71000000000004,66,0
16184.0,2011-10-06 17:43:00,2011-05-12 13:33:00,6,561,United Kingdom,1158.79,63,0
16185.0,2011-11-23 09:41:00,2011-04-21 11:59:00,2,260,United Kingdom,529.41,16,0
16186.0,2011-11-17 12:43:00,2010-12-02 14:40:00,12,3020,United Kingdom,4006.94,22,0
16187.0,2011-11-08 09:50:00,2011-02-28 13:34:00,15,5048,United Kingdom,6911.4400000000005,31,0
16188.0,2011-10-26 12:19:00,2011-04-11 09:44:00,4,782,United Kingdom,981.86,44,0
16189.0,2011-11-24 11:47:00,2011-09-15 15:21:00,2,134,United Kingdom,215.48,15,0
16190.0,2011-10-30 15:59:00,2011-10-30 15:59:00,1,88,United Kingdom,215.08,39,0
16191.0,2011-12-07 11:26:00,2010-12-14 12:38:00,13,3351,United Kingdom,5180.52,2,0
16193.0,2011-04-17 11:45:00,2011-04-17 11:45:00,1,219,United Kingdom,314.45,236,1
16198.0,2011-09-25 14:58:00,2011-09-25 14:58:00,1,129,United Kingdom,400.68100000000004,74,0
16200.0,2011-12-05 14:40:00,2011-06-28 15:47:00,2,516,United Kingdom,1068.8700000000001,3,0
16201.0,2011-12-06 16:02:00,2011-08-22 10:47:00,4,1286,United Kingdom,1863.47,2,0
16202.0,2010-12-14 10:43:00,2010-12-14 10:43:00,1,191,United Kingdom,365.27,360,1
16203.0,2011-10-12 12:31:00,2010-12-02 15:39:00,4,262,United Kingdom,592.9,58,0
16204.0,2011-11-16 13:40:00,2011-11-16 13:40:00,1,218,United Kingdom,384.18,22,0
16205.0,2011-11-09 09:32:00,2011-06-13 11:33:00,4,516,United Kingdom,757.63,30,0
16206.0,2011-10-16 10:41:00,2011-01-16 11:07:00,4,272,United Kingdom,537.0600000000001,54,0
16207.0,2011-11-14 13:51:00,2011-11-14 13:51:00,1,140,United Kingdom,394.38,24,0
16208.0,2011-10-26 11:36:00,2011-02-23 13:37:00,2,333,United Kingdom,664.26,44,0
16209.0,2011-09-12 11:58:00,2011-04-07 12:23:00,5,1179,United Kingdom,2262.62,88,0
16210.0,2011-12-08 12:36:00,2010-12-01 12:27:00,18,7559,United Kingdom,21086.3,1,0
16211.0,2011-09-12 12:11:00,2011-09-12 12:11:00,1,154,United Kingdom,547.02,88,0
16212.0,2011-11-20 13:00:00,2011-03-01 12:51:00,2,244,United Kingdom,690.34,18,0
16213.0,2011-09-22 10:03:00,2011-09-22 10:03:00,1,48,United Kingdom,159.0,78,0
16214.0,2011-06-22 11:30:00,2011-03-15 13:23:00,3,420,United Kingdom,1062.75,170,0
16215.0,2011-09-20 10:18:00,2011-09-20 10:18:00,1,104,United Kingdom,242.35,80,0
16216.0,2011-03-17 15:34:00,2011-03-17 15:34:00,1,254,United Kingdom,914.9300000000001,266,1
16217.0,2011-04-18 13:31:00,2011-03-02 15:28:00,2,91,United Kingdom,304.25,234,1
16218.0,2011-11-10 09:59:00,2010-12-01 11:29:00,7,2088,United Kingdom,3084.68,29,0
16221.0,2011-11-03 11:43:00,2010-12-07 13:13:00,3,714,United Kingdom,860.86,36,0
16222.0,2011-01-25 13:38:00,2011-01-25 13:38:00,1,325,United Kingdom,773.5500000000001,317,1
16224.0,2011-10-13 17:51:00,2011-04-04 12:00:00,4,1116,United Kingdom,1295.3,56,0
16225.0,2011-10-26 08:30:00,2011-03-07 12:17:00,5,493,United Kingdom,1096.32,44,0
16226.0,2011-05-20 14:41:00,2011-04-18 12:58:00,3,192,United Kingdom,255.12,202,1
16227.0,2011-04-28 13:33:00,2011-04-28 13:33:00,1,90,United Kingdom,314.22,224,1
16229.0,2011-09-13 17:16:00,2011-05-11 10:18:00,2,318,United Kingdom,1010.6,86,0
16230.0,2011-06-03 10:06:00,2011-05-03 15:12:00,2,365,United Kingdom,542.03,189,1
16232.0,2011-10-27 12:16:00,2011-05-08 14:05:00,4,550,United Kingdom,990.88,43,0
16233.0,2011-09-29 17:27:00,2010-12-08 12:51:00,3,174,United Kingdom,536.6800000000001,70,0
16235.0,2011-10-30 10:56:00,2011-01-11 15:42:00,5,330,United Kingdom,867.31,40,0
16236.0,2011-09-22 14:10:00,2011-09-22 14:10:00,1,184,United Kingdom,432.2,77,0
16239.0,2011-10-14 08:29:00,2011-06-03 09:30:00,2,228,United Kingdom,414.2,56,0
16240.0,2011-11-15 14:30:00,2011-09-23 13:44:00,2,1641,United Kingdom,3718.8,23,0
16241.0,2011-11-30 11:08:00,2010-12-05 11:04:00,13,1443,United Kingdom,2590.31,9,0
16242.0,2011-12-01 15:12:00,2011-03-07 17:04:00,7,1969,United Kingdom,3579.86,7,0
16243.0,2011-11-06 12:32:00,2011-10-16 12:09:00,2,110,United Kingdom,409.1,33,0
16244.0,2011-05-12 10:18:00,2010-12-02 11:41:00,2,855,United Kingdom,1522.75,211,1
16245.0,2011-11-16 10:14:00,2011-03-28 09:30:00,3,1014,United Kingdom,1413.66,23,0
16247.0,2011-06-22 14:23:00,2011-06-22 14:23:00,1,182,United Kingdom,114.56,169,0
16248.0,2011-10-09 11:32:00,2011-10-09 11:32:00,1,78,United Kingdom,152.94,61,0
16249.0,2011-10-18 10:07:00,2011-04-14 13:50:00,5,950,United Kingdom,1800.07,52,0
16250.0,2011-03-23 15:07:00,2010-12-01 09:59:00,2,208,United Kingdom,389.44,260,1
16253.0,2011-10-04 09:09:00,2011-03-29 13:33:00,2,3233,United Kingdom,3683.86,66,0
16255.0,2011-11-23 12:40:00,2010-12-09 14:25:00,8,1767,United Kingdom,2619.91,16,0
16256.0,2011-03-18 12:18:00,2011-03-18 12:18:00,1,581,United Kingdom,752.4300000000001,266,1
16257.0,2011-06-16 10:11:00,2011-06-16 10:11:00,1,2,United Kingdom,46.95,176,0
16258.0,2011-10-25 13:30:00,2011-05-04 14:33:00,5,2994,United Kingdom,5203.51,44,0
16260.0,2011-10-20 09:40:00,2011-10-20 09:40:00,1,311,United Kingdom,1035.45,50,0
16261.0,2011-11-22 17:23:00,2011-04-07 19:05:00,4,301,United Kingdom,728.54,16,0
16265.0,2011-11-30 16:41:00,2010-12-10 10:21:00,9,2646,United Kingdom,5447.0,8,0
16266.0,2011-09-27 12:08:00,2011-05-17 14:50:00,7,398,United Kingdom,861.89,73,0
16268.0,2011-09-29 18:30:00,2011-09-29 18:30:00,2,533,United Kingdom,667.65,70,0
16270.0,2010-12-21 14:26:00,2010-12-21 14:26:00,1,688,United Kingdom,1141.24,352,1
16271.0,2011-12-07 12:45:00,2010-12-16 16:36:00,5,1024,United Kingdom,1404.64,2,0
16272.0,2011-08-15 10:54:00,2011-08-15 10:53:00,1,224,United Kingdom,411.7,116,0
16274.0,2010-12-01 15:35:00,2010-12-01 15:35:00,1,153,United Kingdom,351.75,372,1
16275.0,2011-05-27 12:41:00,2011-05-27 12:41:00,1,336,United Kingdom,559.87,196,1
16276.0,2011-06-16 09:34:00,2011-06-16 09:34:00,1,420,United Kingdom,810.6000000000001,176,0
16278.0,2011-08-31 17:12:00,2011-08-31 17:12:00,1,114,United Kingdom,566.38,99,0
16279.0,2011-11-18 15:00:00,2011-06-16 11:50:00,3,1046,United Kingdom,1502.78,20,0
16281.0,2011-09-28 14:57:00,2011-09-28 14:57:00,1,934,United Kingdom,2062.06,71,0
16282.0,2011-01-04 11:42:00,2011-01-04 11:42:00,1,114,United Kingdom,168.3,339,1
16283.0,2011-12-04 12:08:00,2011-05-15 13:37:00,5,1236,United Kingdom,1570.81,5,0
16284.0,2011-11-08 16:12:00,2011-10-20 13:54:00,2,535,United Kingdom,812.68,30,0
16287.0,2011-06-23 09:08:00,2011-06-23 09:08:00,1,298,United Kingdom,142.5,169,0
16292.0,2011-08-10 12:24:00,2011-08-10 12:24:00,1,191,United Kingdom,302.25,121,0
16293.0,2011-11-18 09:58:00,2010-12-07 15:02:00,10,982,United Kingdom,2248.9900000000002,21,0
16295.0,2011-11-30 08:17:00,2011-10-06 10:45:00,4,841,United Kingdom,1328.55,9,0
16297.0,2011-03-16 08:29:00,2011-03-16 08:29:00,1,206,United Kingdom,301.9,268,1
16298.0,2011-11-17 11:59:00,2011-06-06 10:06:00,3,198,United Kingdom,598.2,22,0
16302.0,2011-08-05 09:44:00,2011-08-05 09:44:00,1,158,United Kingdom,233.22,126,0
16303.0,2011-11-14 10:49:00,2011-01-10 14:16:00,3,2659,United Kingdom,5360.63,25,0
16305.0,2011-07-24 12:18:00,2011-07-24 12:18:00,1,256,United Kingdom,361.21999999999997,138,0
16306.0,2011-05-10 12:12:00,2010-12-07 15:18:00,6,487,United Kingdom,632.27,213,1
16308.0,2011-11-02 11:24:00,2011-03-23 14:46:00,4,8000,United Kingdom,2560.0,37,0
16309.0,2011-08-25 15:35:00,2011-04-13 11:46:00,2,467,United Kingdom,706.57,105,0
16311.0,2011-11-22 08:54:00,2011-10-21 13:13:00,2,394,United Kingdom,616.26,17,0
16313.0,2011-12-06 13:02:00,2011-10-21 09:04:00,2,165,United Kingdom,274.15000000000003,2,0
16315.0,2011-01-13 11:57:00,2011-01-13 11:57:00,1,75,United Kingdom,226.37,330,1
16316.0,2011-10-06 13:48:00,2010-12-16 14:26:00,8,1484,United Kingdom,2938.91,63,0
16317.0,2011-08-12 12:46:00,2011-02-15 14:30:00,3,890,United Kingdom,1341.65,119,0
16318.0,2011-11-04 13:05:00,2011-11-04 13:05:00,1,199,United Kingdom,328.15,34,0
16319.0,2011-05-06 11:27:00,2011-05-06 11:27:00,1,72,United Kingdom,404.40000000000003,217,1
16320.0,2011-06-20 15:25:00,2011-05-10 15:31:00,2,732,Unspecified,1038.46,171,0
16321.0,2011-09-28 14:55:00,2011-01-20 12:11:00,5,135,Australia,373.65000000000003,71,0
16322.0,2011-12-08 15:41:00,2011-11-03 14:33:00,2,231,United Kingdom,326.75,0,0
16323.0,2011-05-27 14:48:00,2011-05-27 14:48:00,1,50,United Kingdom,207.50000000000003,195,1
16324.0,2011-08-03 12:58:00,2011-06-15 14:26:00,3,270,United Kingdom,408.59000000000003,127,0
16325.0,2011-10-24 08:48:00,2011-04-08 09:20:00,3,194,United Kingdom,594.24,46,0
16326.0,2011-12-04 10:11:00,2011-01-09 12:01:00,14,682,United Kingdom,3039.2200000000003,5,0
16327.0,2011-11-25 13:23:00,2010-12-05 12:43:00,6,2560,United Kingdom,3820.27,13,0
16330.0,2011-11-22 12:24:00,2011-08-19 17:08:00,3,147,United Kingdom,251.91,17,0
16332.0,2011-11-11 14:22:00,2011-02-07 14:16:00,7,797,United Kingdom,1582.8,27,0
16333.0,2011-12-02 12:19:00,2011-02-03 10:50:00,22,32184,United Kingdom,26626.8,7,0
16337.0,2011-11-03 10:03:00,2011-11-03 10:03:00,1,87,United Kingdom,151.05,36,0
16338.0,2011-07-05 13:56:00,2011-07-05 13:56:00,1,94,United Kingdom,214.79999999999998,156,0
16339.0,2011-02-28 13:41:00,2011-02-28 13:41:00,1,21,United Kingdom,94.05,283,1
16340.0,2011-08-24 14:53:00,2011-08-24 14:53:00,1,486,United Kingdom,534.31,106,0
16341.0,2011-11-15 09:12:00,2011-05-22 13:20:00,4,1398,United Kingdom,1971.87,24,0
16342.0,2011-09-25 14:36:00,2011-06-13 10:10:00,4,157,United Kingdom,322.41,74,0
16343.0,2011-11-23 17:45:00,2011-11-23 17:43:00,2,175,United Kingdom,328.58,15,0
16344.0,2011-07-04 15:50:00,2011-07-04 15:50:00,1,18,United Kingdom,101.10000000000001,157,0
16345.0,2011-10-26 16:03:00,2011-10-26 16:03:00,1,288,United Kingdom,565.46,43,0
16347.0,2011-11-28 13:14:00,2011-11-03 13:01:00,2,341,United Kingdom,847.45,10,0
16348.0,2011-11-07 15:44:00,2011-04-13 15:49:00,7,805,United Kingdom,1415.65,31,0
16349.0,2011-02-22 12:40:00,2011-02-22 12:40:00,1,9,United Kingdom,53.5,290,1
16350.0,2011-11-18 15:53:00,2011-01-10 09:44:00,4,545,United Kingdom,1116.47,20,0
16351.0,2011-01-11 10:26:00,2011-01-11 10:26:00,1,90,United Kingdom,153.9,332,1
16352.0,2011-11-22 10:32:00,2011-11-02 08:44:00,2,300,United Kingdom,494.44,17,0
16353.0,2011-12-06 12:23:00,2010-12-05 12:09:00,23,2006,United Kingdom,6675.71,3,0
16354.0,2011-10-07 14:28:00,2011-09-27 16:28:00,2,150,United Kingdom,395.8,62,0
16356.0,2011-05-26 11:51:00,2011-03-07 12:31:00,3,93,United Kingdom,211.77,197,1
16357.0,2011-11-06 16:04:00,2011-05-10 10:35:00,3,246,United Kingdom,658.88,32,0
16358.0,2011-12-08 15:09:00,2011-06-08 15:05:00,4,1302,United Kingdom,2027.5,0,0
16359.0,2011-12-02 17:04:00,2011-01-12 10:49:00,9,1183,United Kingdom,1750.92,6,0
16360.0,2011-12-05 12:16:00,2011-09-12 13:50:00,6,2110,United Kingdom,3450.41,4,0
16361.0,2011-11-30 12:32:00,2011-09-29 13:13:00,4,418,United Kingdom,891.21,9,0
16362.0,2011-11-07 13:01:00,2011-09-09 14:47:00,5,340,United Kingdom,709.99,31,0
16363.0,2011-10-17 14:14:00,2011-10-17 14:14:00,1,52,United Kingdom,109.36000000000001,52,0
16364.0,2011-11-28 11:27:00,2011-07-25 14:35:00,2,279,United Kingdom,705.79,11,0
16365.0,2011-11-22 11:24:00,2010-12-07 17:19:00,9,504,United Kingdom,1540.42,17,0
16366.0,2011-11-21 08:19:00,2011-11-21 08:19:00,1,256,United Kingdom,327.3,18,0
16367.0,2011-11-02 13:13:00,2010-12-12 12:01:00,2,643,United Kingdom,800.67,36,0
16368.0,2011-12-07 13:12:00,2011-11-11 15:08:00,2,251,United Kingdom,479.91,1,0
16369.0,2011-11-21 16:25:00,2011-05-27 09:39:00,3,1030,United Kingdom,1545.41,17,0
16370.0,2011-09-18 15:55:00,2011-04-28 16:40:00,4,640,United Kingdom,1301.91,81,0
16372.0,2011-11-06 13:08:00,2011-11-06 12:50:00,2,158,United Kingdom,355.73,32,0
16374.0,2011-10-04 15:21:00,2011-03-22 13:46:00,2,237,United Kingdom,466.73,65,0
16376.0,2011-12-01 11:38:00,2011-11-22 16:47:00,2,691,United Kingdom,974.96,8,0
16377.0,2011-03-17 15:41:00,2011-03-17 15:41:00,1,1500,United Kingdom,676.2,266,1
16378.0,2011-04-06 15:07:00,2011-02-02 12:42:00,3,267,United Kingdom,362.95,246,1
16379.0,2011-12-05 15:38:00,2011-09-22 09:33:00,4,1410,United Kingdom,2157.4,3,0
16380.0,2011-10-09 15:40:00,2011-10-09 15:40:00,1,1428,United Kingdom,1743.1499999999999,60,0
16383.0,2011-09-26 12:45:00,2011-03-16 13:00:00,2,467,United Kingdom,643.76,74,0
16384.0,2011-09-11 11:19:00,2011-03-21 10:13:00,2,260,United Kingdom,584.5,89,0
16385.0,2011-10-10 13:12:00,2010-12-08 12:56:00,3,258,United Kingdom,554.86,59,0
16386.0,2011-11-11 12:28:00,2011-03-31 12:19:00,2,205,United Kingdom,302.57,28,0
16387.0,2011-01-21 11:34:00,2011-01-21 11:34:00,1,44,United Kingdom,94.36,322,1
16389.0,2011-10-17 14:41:00,2011-03-01 15:47:00,4,1242,United Kingdom,1382.07,52,0
16392.0,2011-03-15 12:11:00,2011-03-15 12:11:00,1,201,United Kingdom,217.89,269,1
16393.0,2011-12-07 12:51:00,2010-12-05 13:10:00,13,1573,United Kingdom,3040.96,1,0
16394.0,2011-10-14 09:48:00,2011-02-23 10:58:00,5,2604,United Kingdom,1555.34,56,0
16395.0,2011-10-10 12:50:00,2011-01-13 12:10:00,5,1472,United Kingdom,1482.06,60,0
16398.0,2011-07-08 15:16:00,2011-03-31 09:38:00,2,758,United Kingdom,1705.8,153,0
16399.0,2011-11-20 16:12:00,2011-04-18 13:46:00,2,263,United Kingdom,408.02,18,0
16400.0,2011-09-06 12:27:00,2011-09-06 12:27:00,1,172,United Kingdom,303.93,94,0
16401.0,2011-12-08 18:15:00,2011-01-16 10:56:00,12,3882,United Kingdom,4098.32,0,0
16402.0,2011-03-20 12:25:00,2010-12-05 13:42:00,2,146,United Kingdom,293.45,264,1
16403.0,2011-01-31 13:39:00,2011-01-31 13:39:00,1,114,United Kingdom,177.5,311,1
16404.0,2011-09-30 14:55:00,2011-09-30 14:55:00,1,157,United Kingdom,443.05,69,0
16405.0,2011-02-10 15:24:00,2011-02-02 17:08:00,2,187,United Kingdom,167.25,301,1
16406.0,2011-11-21 11:57:00,2011-11-21 11:57:00,1,116,United Kingdom,154.35,18,0
16407.0,2011-11-27 11:05:00,2011-01-31 14:02:00,10,1093,United Kingdom,2079.68,12,0
16409.0,2011-11-03 16:45:00,2011-01-26 14:51:00,5,1304,United Kingdom,2022.98,35,0
16411.0,2011-11-20 13:23:00,2010-12-05 13:26:00,2,131,United Kingdom,211.7,18,0
16412.0,2011-10-17 12:35:00,2011-10-17 12:35:00,1,63,United Kingdom,135.99,53,0
16413.0,2011-10-14 12:08:00,2011-10-14 12:08:00,1,148,United Kingdom,262.2,56,0
16414.0,2011-11-18 09:42:00,2011-03-04 13:27:00,2,27,United Kingdom,126.25,21,0
16415.0,2011-10-26 13:35:00,2011-10-26 13:35:00,1,178,United Kingdom,200.27,43,0
16416.0,2011-11-13 12:50:00,2011-10-14 13:35:00,3,672,United Kingdom,1051.4,26,0
16418.0,2011-10-26 12:39:00,2011-04-27 16:54:00,3,280,United Kingdom,631.12,44,0
16419.0,2011-08-19 12:33:00,2011-02-01 12:25:00,6,428,United Kingdom,958.71,112,0
16422.0,2011-11-22 14:00:00,2010-12-05 15:35:00,51,33704,United Kingdom,34684.4,16,0
16423.0,2011-11-15 09:21:00,2011-11-15 09:21:00,1,230,United Kingdom,346.12,24,0
16424.0,2011-06-01 13:40:00,2011-06-01 13:40:00,1,88,United Kingdom,133.56,190,1
16425.0,2011-02-10 14:30:00,2011-02-10 14:30:00,1,199,United Kingdom,302.7,301,1
16426.0,2011-12-07 14:01:00,2011-03-08 15:45:00,10,1215,United Kingdom,1863.76,1,0
16427.0,2011-03-21 17:10:00,2011-02-28 15:18:00,2,156,United Kingdom,241.06,262,1
16429.0,2011-08-25 13:54:00,2011-08-25 13:54:00,1,9,United Kingdom,284.55,105,0
16430.0,2011-10-13 14:47:00,2011-10-13 14:47:00,1,103,United Kingdom,300.85,56,0
16431.0,2011-05-10 14:09:00,2011-02-15 14:02:00,3,442,United Kingdom,623.28,212,1
16432.0,2011-10-06 13:59:00,2011-10-06 13:59:00,1,276,United Kingdom,287.4,63,0
16433.0,2011-11-11 14:09:00,2011-11-11 14:09:00,1,106,United Kingdom,184.26,27,0
16434.0,2011-11-10 14:28:00,2011-02-13 12:17:00,7,760,United Kingdom,1511.8,28,0
16438.0,2011-12-04 10:51:00,2011-09-18 13:31:00,5,463,United Kingdom,798.35,5,0
16440.0,2011-12-02 12:02:00,2011-05-09 12:25:00,5,2018,United Kingdom,3640.67,7,0
16441.0,2011-10-03 17:48:00,2011-02-21 17:35:00,2,173,United Kingdom,381.2,66,0
16442.0,2011-12-08 11:43:00,2010-12-14 10:46:00,3,443,United Kingdom,609.3,1,0
16444.0,2011-10-24 13:50:00,2011-03-20 12:14:00,4,407,United Kingdom,654.67,45,0
16445.0,2011-11-06 12:32:00,2011-11-06 12:32:00,1,111,United Kingdom,230.51,33,0
16446.0,2011-12-09 09:15:00,2011-05-18 09:52:00,2,80997,United Kingdom,168472.5,0,0
16447.0,2011-07-27 12:45:00,2011-07-27 12:45:00,1,221,United Kingdom,255.91,135,0
16448.0,2011-05-25 16:28:00,2011-05-25 16:28:00,1,76,United Kingdom,182.99,197,1
16449.0,2011-05-26 10:25:00,2011-03-04 12:15:00,2,367,United Kingdom,707.69,197,1
16450.0,2011-07-13 11:47:00,2011-07-13 11:47:00,1,200,United Kingdom,311.92,149,0
16451.0,2011-09-13 09:17:00,2011-09-13 09:17:00,1,120,United Kingdom,266.97,87,0
16454.0,2011-10-26 11:40:00,2011-10-06 16:57:00,2,3,United Kingdom,6.9,44,0
16455.0,2011-10-07 12:17:00,2010-12-03 16:44:00,7,988,United Kingdom,1841.18,63,0
16456.0,2011-09-01 13:50:00,2010-12-01 14:11:00,5,1147,United Kingdom,2158.18,98,0
16457.0,2011-05-05 13:19:00,2011-05-05 13:19:00,1,140,United Kingdom,208.36,217,1
16458.0,2011-12-07 09:34:00,2010-12-14 11:51:00,18,2154,United Kingdom,3482.7400000000002,2,0
16460.0,2011-11-11 13:46:00,2011-09-19 10:15:00,3,876,United Kingdom,811.23,27,0
16461.0,2011-06-15 12:07:00,2011-06-15 12:07:00,1,48,United Kingdom,142.92,177,0
16462.0,2011-09-27 10:24:00,2011-03-01 08:58:00,3,16,United Kingdom,136.0,73,0
16463.0,2011-11-18 14:01:00,2011-05-19 14:45:00,4,1163,United Kingdom,1422.4,20,0
16464.0,2011-11-20 12:11:00,2011-07-20 13:53:00,3,952,United Kingdom,1298.66,19,0
16466.0,2011-11-06 11:35:00,2011-02-20 11:39:00,7,785,United Kingdom,1595.96,33,0
16468.0,2011-09-26 14:13:00,2011-09-26 14:13:00,1,31,United Kingdom,74.9,73,0
16469.0,2011-11-16 12:25:00,2011-04-07 13:11:00,4,260,United Kingdom,625.42,23,0
16470.0,2011-10-19 12:11:00,2010-12-16 11:53:00,4,522,United Kingdom,752.77,51,0
16471.0,2011-03-10 09:41:00,2011-03-10 09:41:00,1,141,United Kingdom,223.95000000000002,274,1
16473.0,2011-06-28 09:10:00,2011-01-07 10:55:00,3,196,United Kingdom,316.11,164,0
16474.0,2011-12-02 13:02:00,2011-07-17 14:51:00,7,909,United Kingdom,1810.65,6,0
16475.0,2011-09-12 14:37:00,2011-03-11 09:39:00,4,319,United Kingdom,544.3,87,0
16477.0,2011-10-07 09:44:00,2010-12-03 12:48:00,7,1415,United Kingdom,2494.46,63,0
16478.0,2011-11-14 15:51:00,2011-10-05 12:02:00,3,224,United Kingdom,331.0,24,0
16479.0,2011-11-29 13:40:00,2011-11-29 13:04:00,2,102,United Kingdom,300.83,9,0
16480.0,2011-09-25 11:40:00,2011-09-25 11:40:00,1,455,United Kingdom,769.29,75,0
16482.0,2011-11-24 12:33:00,2011-11-24 12:33:00,1,346,United Kingdom,220.62,15,0
16483.0,2011-05-31 13:08:00,2011-05-31 13:08:00,1,44,United Kingdom,139.35,191,1
16484.0,2011-06-19 12:06:00,2011-06-02 10:39:00,2,200,United Kingdom,404.3,173,0
16485.0,2011-09-23 15:50:00,2011-09-23 15:50:00,1,235,United Kingdom,363.65,76,0
16488.0,2011-11-06 13:42:00,2011-07-14 11:46:00,3,728,United Kingdom,498.8,32,0
16491.0,2011-10-24 10:18:00,2011-10-24 10:18:00,1,478,United Kingdom,731.5,46,0
16493.0,2011-09-21 11:10:00,2011-01-14 08:16:00,4,1164,United Kingdom,1351.63,79,0
16494.0,2011-02-16 12:49:00,2011-02-16 12:49:00,1,675,United Kingdom,826.53,296,1
16495.0,2011-12-06 13:20:00,2011-03-08 16:38:00,3,328,United Kingdom,648.26,2,0
16496.0,2011-12-01 10:31:00,2011-01-27 09:42:00,3,1111,United Kingdom,1599.52,8,0
16497.0,2011-10-21 10:55:00,2011-01-10 13:20:00,6,1396,United Kingdom,2965.69,49,0
16498.0,2011-07-01 15:07:00,2011-06-30 19:52:00,2,45,United Kingdom,100.97,160,0
16499.0,2010-12-14 13:31:00,2010-12-10 10:27:00,2,127,United Kingdom,365.45,359,1
16500.0,2011-12-05 12:04:00,2011-01-13 10:28:00,6,123,United Kingdom,400.86,4,0
16503.0,2011-08-25 11:46:00,2010-12-14 13:50:00,4,569,United Kingdom,1431.93,106,0
16504.0,2011-11-14 15:18:00,2011-11-14 15:18:00,1,510,United Kingdom,465.88,24,0
16505.0,2011-11-08 12:14:00,2011-11-08 12:14:00,1,576,United Kingdom,777.6,31,0
16506.0,2011-11-20 12:17:00,2011-10-30 15:50:00,2,42,United Kingdom,90.30000000000001,19,0
16509.0,2011-02-16 09:25:00,2011-02-16 09:25:00,1,64,United Kingdom,363.7,296,1
16510.0,2010-12-02 13:39:00,2010-12-02 13:39:00,1,92,United Kingdom,248.1,371,1
16511.0,2011-11-18 10:41:00,2011-03-18 11:24:00,3,405,United Kingdom,918.33,21,0
16513.0,2011-12-05 10:18:00,2011-10-27 14:56:00,4,407,United Kingdom,874.59,4,0
16515.0,2011-10-18 13:10:00,2011-02-01 13:09:00,5,826,United Kingdom,1624.14,51,0
16516.0,2011-11-09 14:59:00,2011-11-09 14:59:00,1,58,United Kingdom,101.69999999999999,29,0
16517.0,2011-03-07 13:50:00,2011-03-07 13:50:00,1,96,United Kingdom,162.7,276,1
16518.0,2011-10-09 15:04:00,2011-02-28 16:36:00,2,327,United Kingdom,484.32,60,0
16519.0,2011-11-14 15:41:00,2010-12-09 14:08:00,2,54,United Kingdom,215.07999999999998,24,0
16520.0,2011-06-06 13:24:00,2010-12-09 13:08:00,3,558,United Kingdom,1046.57,185,1
16523.0,2011-12-08 09:06:00,2011-01-28 12:06:00,21,4265,United Kingdom,9418.470000000001,1,0
16525.0,2011-12-07 15:07:00,2010-12-08 11:31:00,26,7397,United Kingdom,13027.45,1,0
16526.0,2011-06-21 12:02:00,2011-06-21 12:02:00,1,106,United Kingdom,290.36,171,0
16527.0,2011-09-19 16:21:00,2011-09-19 16:21:00,1,106,United Kingdom,228.06,80,0
16528.0,2011-12-06 12:45:00,2011-12-06 12:45:00,1,171,United Kingdom,244.41,3,0
16529.0,2011-06-02 17:23:00,2011-06-02 17:23:00,1,198,United Kingdom,455.25,189,1
16531.0,2011-11-17 16:29:00,2010-12-14 13:19:00,7,915,United Kingdom,1244.59,21,0
16532.0,2011-11-22 11:08:00,2011-01-05 12:37:00,3,2016,United Kingdom,6748.8,17,0
16533.0,2011-11-20 13:08:00,2011-10-02 15:07:00,3,611,United Kingdom,1082.81,18,0
16535.0,2011-12-04 15:18:00,2011-12-04 15:18:00,1,356,United Kingdom,593.75,4,0
16536.0,2011-08-21 15:54:00,2011-08-21 15:54:00,1,250,United Kingdom,548.12,109,0
16539.0,2011-12-07 08:41:00,2010-12-01 15:40:00,4,477,United Kingdom,1388.81,2,0
16542.0,2011-10-17 10:47:00,2011-10-17 10:47:00,1,46,United Kingdom,119.62,53,0
16545.0,2011-06-28 10:37:00,2011-06-28 10:37:00,1,78,United Kingdom,339.3,164,0
16546.0,2011-02-22 11:20:00,2010-12-02 12:07:00,2,549,United Kingdom,787.15,290,1
16549.0,2011-11-29 15:06:00,2011-01-09 14:03:00,10,2294,United Kingdom,4034.9,9,0
16550.0,2011-08-23 11:12:00,2010-12-06 13:53:00,5,1540,United Kingdom,2298.97,108,0
16551.0,2011-09-05 09:38:00,2011-01-07 10:24:00,3,970,United Kingdom,922.12,95,0
16552.0,2011-04-11 10:04:00,2010-12-01 12:36:00,2,219,United Kingdom,379.73,242,1
16553.0,2011-06-29 15:42:00,2010-12-14 13:58:00,12,4600,United Kingdom,5719.82,162,0
16554.0,2011-10-28 14:51:00,2011-01-12 12:41:00,3,402,United Kingdom,837.1,41,0
16555.0,2011-11-04 14:31:00,2011-08-22 12:32:00,2,175,United Kingdom,285.89,34,0
16556.0,2011-10-04 11:36:00,2010-12-14 13:32:00,7,1890,United Kingdom,3313.79,66,0
16557.0,2011-11-15 14:04:00,2011-07-25 13:28:00,2,111,United Kingdom,281.85,23,0
16558.0,2011-12-09 10:20:00,2010-12-08 12:01:00,20,5377,United Kingdom,8338.49,0,0
16560.0,2011-11-13 10:35:00,2010-12-16 14:36:00,2,500,United Kingdom,841.41,26,0
16561.0,2011-12-04 11:50:00,2011-10-11 09:53:00,2,244,United Kingdom,511.12,5,0
16563.0,2011-10-17 11:51:00,2011-10-17 11:51:00,1,486,United Kingdom,1077.74,53,0
16565.0,2010-12-10 15:21:00,2010-12-10 15:21:00,1,46,United Kingdom,173.7,363,1
16566.0,2011-11-24 16:34:00,2011-02-20 10:29:00,5,362,United Kingdom,614.66,14,0
16567.0,2011-05-29 13:57:00,2011-01-07 09:31:00,2,996,United Kingdom,865.6,193,1
16569.0,2011-12-06 15:32:00,2011-12-06 15:32:00,1,93,United Kingdom,124.2,2,0
16570.0,2011-11-24 17:02:00,2011-02-01 10:37:00,10,2112,United Kingdom,3738.4,14,0
16571.0,2011-11-13 11:46:00,2011-03-03 09:41:00,3,1239,United Kingdom,1421.69,26,0
16572.0,2011-08-04 16:34:00,2011-03-09 12:04:00,3,532,United Kingdom,1009.6,126,0
16573.0,2011-09-16 09:13:00,2011-02-22 15:14:00,2,360,United Kingdom,663.61,84,0
16574.0,2011-09-29 13:39:00,2011-09-29 13:39:00,1,416,United Kingdom,451.44,70,0
16581.0,2011-06-10 10:05:00,2011-06-10 10:05:00,1,134,United Kingdom,105.84,182,1
16582.0,2011-08-18 17:02:00,2011-08-18 17:02:00,1,164,United Kingdom,313.62,112,0
16583.0,2010-12-01 12:03:00,2010-12-01 12:03:00,1,111,United Kingdom,233.45,373,1
16584.0,2011-09-20 13:45:00,2011-03-30 13:14:00,2,646,United Kingdom,936.08,79,0
16586.0,2011-04-05 09:32:00,2011-04-05 09:32:00,1,95,United Kingdom,463.95,248,1
16587.0,2011-04-21 15:51:00,2011-04-21 15:51:00,1,71,United Kingdom,225.15,231,1
16589.0,2011-09-29 14:50:00,2011-07-01 13:31:00,3,368,United Kingdom,459.24,70,0
16591.0,2011-10-02 10:43:00,2011-10-02 10:43:00,1,41,United Kingdom,213.5,68,0
16592.0,2011-12-05 13:49:00,2011-02-25 10:19:00,16,2927,United Kingdom,4113.68,3,0
16593.0,2011-10-20 12:41:00,2011-01-16 12:11:00,3,116,United Kingdom,330.03,50,0
16594.0,2011-09-25 14:08:00,2011-09-25 14:08:00,1,64,United Kingdom,181.09,74,0
16595.0,2011-10-09 13:15:00,2011-10-09 13:15:00,1,335,United Kingdom,360.16,60,0
16596.0,2011-11-24 10:02:00,2010-12-08 16:18:00,2,97,United Kingdom,250.15,15,0
16597.0,2011-12-05 15:44:00,2011-12-05 15:44:00,1,184,United Kingdom,90.04,3,0
16598.0,2011-02-27 11:42:00,2011-02-27 11:42:00,1,73,United Kingdom,145.04999999999998,285,1
16600.0,2011-12-05 16:00:00,2011-01-05 12:13:00,6,1145,United Kingdom,813.52,3,0
16601.0,2011-10-30 11:09:00,2011-10-30 11:09:00,1,133,United Kingdom,242.7,40,0
16602.0,2011-11-03 15:54:00,2011-11-03 15:54:00,1,336,United Kingdom,528.08,35,0
16603.0,2011-09-26 10:06:00,2011-09-09 13:02:00,2,480,United Kingdom,482.47,74,0
16607.0,2011-11-22 10:24:00,2010-12-16 08:41:00,14,2859,United Kingdom,3347.71,17,0
16609.0,2011-11-24 13:32:00,2011-04-01 10:11:00,7,2420,United Kingdom,5493.46,14,0
16610.0,2011-05-04 13:13:00,2011-05-04 13:13:00,1,66,United Kingdom,75.66,218,1
16611.0,2011-06-06 15:46:00,2011-06-06 15:46:00,1,47,United Kingdom,129.49,185,1
16612.0,2011-11-07 07:38:00,2011-02-01 10:38:00,4,506,United Kingdom,1187.66,32,0
16613.0,2011-09-30 15:52:00,2011-09-30 15:52:00,1,293,United Kingdom,618.59,69,0
16614.0,2011-06-10 11:36:00,2011-06-10 11:36:00,1,223,United Kingdom,506.19,182,1
16616.0,2011-11-24 16:31:00,2011-07-05 13:38:00,2,370,United Kingdom,500.42,14,0
16617.0,2011-04-18 10:35:00,2011-04-18 10:35:00,1,91,United Kingdom,151.85,235,1
16618.0,2011-11-08 13:52:00,2011-01-21 11:55:00,5,1363,United Kingdom,2647.59,30,0
16619.0,2011-03-21 08:18:00,2011-03-21 08:18:00,1,133,United Kingdom,226.21,263,1
16620.0,2011-12-06 12:19:00,2011-03-24 10:37:00,2,88,United Kingdom,178.96,3,0
16621.0,2011-10-19 11:38:00,2011-03-07 11:32:00,4,302,United Kingdom,813.48,51,0
16623.0,2011-04-08 10:09:00,2011-04-08 10:09:00,1,39,United Kingdom,129.45,245,1
16624.0,2011-09-20 12:39:00,2011-05-26 14:20:00,2,488,United Kingdom,810.5699999999999,80,0
16625.0,2011-03-10 12:50:00,2011-03-10 12:50:00,1,164,United Kingdom,333.08,274,1
16626.0,2011-12-09 11:56:00,2011-03-18 12:27:00,17,2690,United Kingdom,4413.1,0,0
16627.0,2011-09-21 14:38:00,2011-09-21 14:38:00,1,162,United Kingdom,322.8,78,0
16628.0,2011-11-10 12:45:00,2011-04-19 08:55:00,5,1205,United Kingdom,2188.05,29,0
16629.0,2011-09-27 10:34:00,2011-09-04 16:12:00,2,489,United Kingdom,408.63,73,0
16633.0,2011-11-22 13:41:00,2011-04-19 14:36:00,6,1138,United Kingdom,2883.1,16,0
16634.0,2011-05-01 12:09:00,2010-12-02 17:41:00,2,82,United Kingdom,217.9,222,1
16637.0,2011-11-07 13:17:00,2011-04-28 10:20:00,4,927,United Kingdom,1154.47,31,0
16638.0,2011-11-17 11:09:00,2010-12-06 10:19:00,10,1255,United Kingdom,1680.72,22,0
16639.0,2011-11-08 13:20:00,2011-04-18 09:31:00,3,510,United Kingdom,1257.51,30,0
16641.0,2011-08-26 12:49:00,2011-08-26 12:49:00,1,256,United Kingdom,231.10000000000002,105,0
16642.0,2011-12-05 11:31:00,2011-05-16 12:35:00,2,479,United Kingdom,688.33,4,0
16643.0,2011-04-08 08:24:00,2011-04-08 08:24:00,1,269,United Kingdom,487.51,245,1
16644.0,2011-06-15 12:39:00,2011-05-11 12:53:00,2,826,United Kingdom,833.78,177,0
16647.0,2011-06-23 11:47:00,2011-05-19 09:31:00,2,146,United Kingdom,214.06,169,0
16648.0,2011-10-28 08:58:00,2011-10-28 08:58:00,1,281,United Kingdom,290.65999999999997,42,0
16650.0,2011-09-29 09:51:00,2011-09-29 09:51:00,1,372,United Kingdom,518.42,71,0
16652.0,2011-10-12 09:38:00,2011-03-11 13:13:00,7,3283,United Kingdom,6773.97,58,0
16653.0,2011-11-23 14:51:00,2011-09-29 13:38:00,2,733,United Kingdom,1212.66,15,0
16654.0,2011-07-21 15:23:00,2010-12-06 15:09:00,4,282,United Kingdom,601.27,140,0
16655.0,2011-11-22 11:25:00,2011-01-12 10:16:00,6,2363,United Kingdom,3789.52,17,0
16656.0,2011-11-17 14:43:00,2010-12-10 11:23:00,15,8894,United Kingdom,8625.8,21,0
16657.0,2011-11-30 11:48:00,2011-03-30 12:02:00,4,1130,United Kingdom,874.43,9,0
16658.0,2010-12-06 13:47:00,2010-12-06 13:47:00,1,40,United Kingdom,123.24,367,1
16659.0,2011-06-03 15:03:00,2011-06-03 15:03:00,1,72,United Kingdom,39.12,188,1
16660.0,2011-11-23 14:53:00,2011-01-24 12:44:00,4,571,United Kingdom,1267.6499999999999,15,0
16665.0,2010-12-12 14:03:00,2010-12-12 14:03:00,1,59,United Kingdom,135.39999999999998,361,1
16666.0,2011-11-20 14:01:00,2011-11-20 14:01:00,1,233,United Kingdom,118.98,18,0
16667.0,2011-10-02 15:26:00,2011-02-28 12:57:00,2,236,United Kingdom,567.1800000000001,67,0
16668.0,2011-11-24 17:43:00,2011-02-28 12:46:00,6,318,United Kingdom,306.71999999999997,14,0
16669.0,2011-11-16 12:26:00,2011-09-22 14:13:00,3,881,United Kingdom,1348.88,23,0
16670.0,2011-11-23 09:34:00,2010-12-16 10:30:00,11,2556,United Kingdom,4095.9,16,0
16671.0,2011-11-11 13:40:00,2011-06-28 11:20:00,3,875,United Kingdom,1692.27,27,0
16672.0,2011-12-07 16:29:00,2011-03-18 10:15:00,20,2832,United Kingdom,8134.9400000000005,1,0
16674.0,2011-10-16 11:31:00,2011-09-02 13:59:00,2,181,United Kingdom,304.24,54,0
16676.0,2011-11-06 12:01:00,2011-01-06 13:00:00,4,636,United Kingdom,1592.1200000000001,33,0
16678.0,2011-12-07 12:17:00,2011-03-02 09:24:00,12,2397,United Kingdom,3109.99,2,0
16679.0,2010-12-08 13:51:00,2010-12-08 13:51:00,1,29,United Kingdom,129.75,365,1
16680.0,2011-10-27 17:35:00,2011-10-27 17:35:00,1,94,United Kingdom,183.7,42,0
16681.0,2011-09-28 11:11:00,2011-03-31 13:46:00,6,1407,United Kingdom,1770.34,72,0
16682.0,2011-12-05 12:13:00,2011-06-05 11:02:00,5,1040,United Kingdom,1028.0,4,0
16684.0,2011-12-05 14:06:00,2010-12-16 17:34:00,28,50255,United Kingdom,66653.56,3,0
16685.0,2011-10-09 13:58:00,2011-10-09 13:44:00,2,396,United Kingdom,324.24,60,0
16686.0,2011-10-23 13:49:00,2010-12-19 14:41:00,7,1977,United Kingdom,2959.88,46,0
16688.0,2011-12-08 15:24:00,2011-10-10 12:23:00,4,804,United Kingdom,1260.86,0,0
16689.0,2011-09-25 11:39:00,2011-09-18 13:29:00,2,330,United Kingdom,422.59999999999997,75,0
16690.0,2011-09-28 15:02:00,2011-05-22 10:53:00,2,138,United Kingdom,225.57999999999998,71,0
16692.0,2011-03-28 14:46:00,2011-02-23 15:41:00,2,152,United Kingdom,1276.0,255,1
16693.0,2011-10-02 11:10:00,2011-03-13 11:06:00,2,203,United Kingdom,477.86,68,0
16696.0,2011-07-27 14:23:00,2011-04-05 15:20:00,4,146,United Kingdom,657.9000000000001,134,0
16697.0,2011-04-12 17:12:00,2011-04-12 17:12:00,1,27,United Kingdom,112.75,240,1
16698.0,2011-04-27 10:52:00,2011-03-31 13:33:00,2,840,United Kingdom,1998.0,226,1
16700.0,2011-12-01 11:00:00,2010-12-08 16:34:00,13,4024,United Kingdom,5076.55,8,0
16701.0,2011-12-01 11:10:00,2010-12-13 11:51:00,13,6393,United Kingdom,5398.3,8,0
16705.0,2011-12-09 12:08:00,2010-12-16 10:51:00,20,5476,United Kingdom,14034.99,0,0
16706.0,2011-11-02 13:50:00,2011-08-17 15:53:00,3,249,United Kingdom,531.35,36,0
16708.0,2011-10-25 12:20:00,2011-10-25 12:20:00,1,285,United Kingdom,656.63,45,0
16709.0,2011-09-16 10:56:00,2011-03-03 10:55:00,5,851,United Kingdom,3029.87,84,0
16710.0,2011-11-20 14:50:00,2010-12-06 13:13:00,10,1823,United Kingdom,2467.99,18,0
16711.0,2011-12-06 16:32:00,2010-12-17 12:43:00,5,833,United Kingdom,1651.03,2,0
16712.0,2011-11-30 13:48:00,2011-03-08 15:07:00,11,1730,United Kingdom,3611.31,8,0
16713.0,2011-11-21 12:36:00,2010-12-08 13:01:00,15,4271,United Kingdom,6910.78,18,0
16714.0,2011-05-05 11:09:00,2011-01-26 13:40:00,3,589,United Kingdom,1129.06,218,1
16715.0,2011-09-22 18:15:00,2011-09-22 18:15:00,1,642,United Kingdom,301.71999999999997,77,0
16716.0,2011-03-18 10:03:00,2011-02-01 15:35:00,2,120,United Kingdom,901.2,266,1
16717.0,2011-11-16 12:16:00,2010-12-08 16:48:00,6,1860,United Kingdom,3843.08,23,0
16718.0,2010-12-05 13:03:00,2010-12-05 13:03:00,1,407,United Kingdom,606.0500000000001,368,1
16719.0,2011-11-25 09:27:00,2010-12-06 12:06:00,7,1175,United Kingdom,1770.22,14,0
16720.0,2011-11-13 16:22:00,2011-11-13 16:22:00,1,180,United Kingdom,152.95,25,0
16721.0,2011-03-22 16:08:00,2011-03-22 16:08:00,1,172,United Kingdom,292.47,261,1
16722.0,2011-11-22 13:28:00,2010-12-06 12:59:00,13,5001,United Kingdom,4730.81,16,0
16723.0,2011-09-09 13:01:00,2011-08-24 11:31:00,2,398,United Kingdom,576.4,90,0
16725.0,2011-02-10 16:52:00,2010-12-03 16:02:00,7,288,United Kingdom,758.27,301,1
16726.0,2011-11-13 14:53:00,2010-12-13 13:28:00,5,945,United Kingdom,1358.74,25,0
16727.0,2010-12-10 13:48:00,2010-12-10 13:48:00,1,167,United Kingdom,256.32,363,1
16728.0,2011-10-24 14:36:00,2011-03-20 13:28:00,4,671,United Kingdom,1048.28,45,0
16729.0,2011-11-01 14:29:00,2011-04-12 14:22:00,21,5722,United Kingdom,7205.33,37,0
16730.0,2011-10-18 14:11:00,2011-01-24 14:01:00,3,994,United Kingdom,743.11,51,0
16732.0,2011-11-08 09:54:00,2011-11-08 09:54:00,1,317,United Kingdom,603.75,31,0
16734.0,2011-10-18 13:44:00,2011-08-17 15:00:00,3,345,United Kingdom,646.76,51,0
16735.0,2011-09-22 11:49:00,2011-01-09 12:53:00,5,1532,United Kingdom,2247.41,78,0
16737.0,2011-10-17 13:03:00,2011-10-17 13:03:00,1,288,United Kingdom,417.59999999999997,52,0
16738.0,2011-02-15 09:46:00,2011-02-15 09:46:00,1,3,United Kingdom,3.75,297,1
16739.0,2011-06-16 09:17:00,2011-06-16 09:17:00,1,172,United Kingdom,323.0,176,0
16742.0,2011-10-24 12:02:00,2011-10-24 12:02:00,1,1,United Kingdom,464.9,46,0
16743.0,2011-11-10 13:13:00,2010-12-16 12:15:00,7,2035,United Kingdom,2213.13,28,0
16744.0,2011-11-28 13:06:00,2011-06-19 15:13:00,7,798,United Kingdom,1291.91,10,0
16745.0,2011-09-14 11:58:00,2011-02-01 11:31:00,17,6719,United Kingdom,7180.7,86,0
16746.0,2011-12-05 12:33:00,2010-12-16 11:43:00,18,4660,United Kingdom,6680.11,4,0
16747.0,2011-11-02 11:37:00,2011-10-03 10:18:00,2,583,United Kingdom,836.06,37,0
16748.0,2011-11-22 10:17:00,2011-01-09 13:50:00,5,880,United Kingdom,1515.9,17,0
16750.0,2011-10-26 12:48:00,2011-04-21 16:53:00,5,214,United Kingdom,623.93,44,0
16751.0,2011-11-09 10:48:00,2011-11-09 10:48:00,1,1031,United Kingdom,1764.72,30,0
16752.0,2010-12-02 12:18:00,2010-12-02 12:18:00,1,54,United Kingdom,207.5,372,1
16753.0,2011-10-12 13:14:00,2011-10-12 13:14:00,1,189,United Kingdom,223.92000000000002,57,0
16754.0,2010-12-02 17:38:00,2010-12-02 17:38:00,1,4280,United Kingdom,2002.4,371,1
16755.0,2011-08-17 13:21:00,2011-01-28 10:47:00,3,1058,United Kingdom,1475.43,113,0
16756.0,2011-05-09 09:33:00,2011-05-09 09:33:00,1,106,United Kingdom,239.4,214,1
16757.0,2011-01-25 11:59:00,2011-01-25 11:59:00,1,81,United Kingdom,106.83000000000001,318,1
16758.0,2011-10-05 14:47:00,2011-10-05 14:47:00,1,203,United Kingdom,369.34000000000003,64,0
16759.0,2011-12-02 12:42:00,2011-11-09 09:06:00,3,609,United Kingdom,789.79,7,0
16761.0,2011-09-04 11:15:00,2011-09-04 11:15:00,1,341,United Kingdom,316.62,96,0
16762.0,2011-11-20 11:43:00,2011-07-18 12:52:00,3,480,United Kingdom,1207.24,19,0
16763.0,2011-05-25 11:52:00,2011-05-25 11:52:00,1,319,United Kingdom,611.85,198,1
16764.0,2011-12-06 11:41:00,2011-07-19 17:17:00,13,1253,United Kingdom,2790.9500000000003,3,0
16765.0,2011-02-18 15:41:00,2011-02-18 15:41:00,1,4,United Kingdom,34.0,293,1
16766.0,2011-03-11 15:22:00,2011-03-11 13:34:00,2,536,United Kingdom,1145.6,272,1
16767.0,2011-11-09 09:42:00,2011-01-27 13:38:00,11,4423,United Kingdom,5575.56,30,0
16768.0,2011-10-23 10:38:00,2011-03-13 10:25:00,3,196,United Kingdom,478.09000000000003,47,0
16769.0,2011-03-24 13:41:00,2011-03-24 13:41:00,1,80,United Kingdom,361.54,259,1
16770.0,2011-10-13 12:21:00,2010-12-02 15:49:00,5,456,United Kingdom,757.1,57,0
16771.0,2011-11-06 13:28:00,2011-01-05 13:57:00,5,1487,United Kingdom,2242.61,32,0
16773.0,2011-10-13 14:37:00,2011-10-13 14:37:00,1,171,United Kingdom,171.59,56,0
16774.0,2011-10-03 12:41:00,2011-06-14 12:45:00,4,322,United Kingdom,661.52,67,0
16775.0,2011-11-29 15:22:00,2010-12-07 15:15:00,11,439,United Kingdom,1691.51,9,0
16776.0,2011-10-10 13:04:00,2011-10-10 13:04:00,1,254,United Kingdom,371.54,59,0
16777.0,2011-09-20 13:41:00,2011-03-27 14:34:00,2,62,United Kingdom,222.62,79,0
16778.0,2011-09-26 13:48:00,2011-03-10 15:21:00,2,194,United Kingdom,245.94,73,0
16779.0,2011-12-07 14:54:00,2010-12-08 09:56:00,22,5301,United Kingdom,10611.720000000001,1,0
16780.0,2011-08-31 16:09:00,2011-03-25 17:34:00,2,270,United Kingdom,422.24,99,0
16781.0,2010-12-02 14:26:00,2010-12-02 14:26:00,1,113,United Kingdom,311.25,371,1
16782.0,2011-11-29 13:20:00,2010-12-09 11:28:00,13,705,United Kingdom,2267.9500000000003,9,0
16784.0,2011-11-20 12:20:00,2011-11-20 12:20:00,1,24,United Kingdom,107.6,19,0
16788.0,2011-08-08 14:53:00,2011-03-30 13:05:00,2,304,United Kingdom,594.39,122,0
16789.0,2011-12-01 15:12:00,2011-12-01 15:12:00,1,32,United Kingdom,80.8,7,0
16790.0,2011-12-06 11:53:00,2011-11-02 11:23:00,6,898,United Kingdom,1545.6200000000001,3,0
16791.0,2011-11-10 19:12:00,2011-01-11 15:42:00,7,757,United Kingdom,1705.78,28,0
16792.0,2011-03-02 14:41:00,2011-03-02 14:39:00,2,44,United Kingdom,110.38000000000001,281,1
16793.0,2011-10-13 15:08:00,2011-10-13 15:08:00,1,146,United Kingdom,243.84,56,0
16794.0,2011-12-08 17:54:00,2011-06-12 14:15:00,10,923,United Kingdom,1196.5,0,0
16795.0,2010-12-09 14:08:00,2010-12-09 14:08:00,1,239,United Kingdom,414.88,364,1
16796.0,2011-09-11 14:01:00,2011-09-11 14:01:00,1,186,United Kingdom,305.62,88,0
16800.0,2011-11-28 14:06:00,2011-11-28 14:06:00,1,524,United Kingdom,1162.65,10,0
16801.0,2011-06-29 15:33:00,2011-03-11 13:56:00,4,493,United Kingdom,1594.23,162,0
16803.0,2011-10-05 14:28:00,2011-10-05 14:28:00,1,245,United Kingdom,332.3,64,0
16804.0,2011-11-16 16:43:00,2011-03-14 15:48:00,3,246,United Kingdom,536.99,22,0
16805.0,2011-06-19 11:23:00,2010-12-14 13:35:00,2,539,United Kingdom,460.59,173,0
16806.0,2011-08-28 15:27:00,2011-04-14 19:59:00,4,356,United Kingdom,762.16,102,0
16807.0,2011-07-20 12:00:00,2011-03-14 09:46:00,3,778,United Kingdom,1121.59,142,0
16808.0,2011-09-01 19:34:00,2011-03-10 19:05:00,2,196,United Kingdom,288.42,98,0
16809.0,2011-11-16 15:45:00,2011-03-22 15:20:00,5,652,United Kingdom,914.69,22,0
16810.0,2011-05-31 15:32:00,2011-05-31 15:32:00,1,114,United Kingdom,309.54,191,1
16811.0,2011-12-05 11:39:00,2011-11-22 17:19:00,2,477,United Kingdom,547.07,4,0
16812.0,2010-12-14 12:35:00,2010-12-14 12:35:00,1,81,United Kingdom,479.35,360,1
16813.0,2011-12-01 14:03:00,2011-05-19 13:28:00,10,1501,United Kingdom,1652.18,7,0
16814.0,2011-11-25 13:27:00,2010-12-05 11:45:00,21,2697,United Kingdom,6416.7,13,0
16816.0,2011-08-28 14:16:00,2010-12-16 17:01:00,4,274,United Kingdom,417.06,102,0
16817.0,2011-12-07 11:03:00,2010-12-06 14:19:00,9,822,United Kingdom,1604.75,2,0
16818.0,2011-11-29 10:41:00,2011-05-18 11:42:00,11,2164,United Kingdom,3349.57,10,0
16820.0,2011-09-05 12:06:00,2011-09-05 12:06:00,1,307,United Kingdom,497.61,95,0
16823.0,2011-04-26 15:00:00,2011-04-26 15:00:00,1,136,United Kingdom,358.38,226,1
16824.0,2011-11-24 12:38:00,2011-06-28 13:36:00,2,236,United Kingdom,460.64,15,0
16825.0,2011-11-01 11:51:00,2011-06-07 09:44:00,2,566,United Kingdom,775.1800000000001,38,0
16826.0,2011-10-19 14:05:00,2011-10-19 14:05:00,1,158,United Kingdom,341.7,50,0
16828.0,2011-09-07 15:10:00,2011-08-19 13:24:00,2,59,United Kingdom,128.5,92,0
16829.0,2011-07-06 10:48:00,2011-07-06 10:48:00,1,99,United Kingdom,197.22,156,0
16830.0,2011-11-01 11:35:00,2011-11-01 11:35:00,1,264,United Kingdom,325.91,38,0
16832.0,2011-06-08 15:36:00,2011-05-06 14:12:00,3,33,United Kingdom,199.15,183,1
16833.0,2011-12-08 14:39:00,2011-01-09 13:02:00,4,440,United Kingdom,1106.53,0,0
16834.0,2011-04-26 09:37:00,2011-04-26 09:37:00,1,358,United Kingdom,413.46,227,1
16835.0,2011-08-03 13:50:00,2010-12-01 17:15:00,2,61,United Kingdom,180.85,127,0
16836.0,2011-10-31 10:05:00,2011-08-15 12:38:00,2,165,United Kingdom,251.87,39,0
16837.0,2011-11-08 14:27:00,2011-04-08 08:48:00,11,1563,United Kingdom,3170.98,30,0
16838.0,2011-05-26 13:13:00,2011-02-24 15:01:00,2,185,United Kingdom,588.85,196,1
16839.0,2011-12-01 09:03:00,2010-12-05 11:15:00,34,8975,United Kingdom,16594.35,8,0
16841.0,2011-11-03 11:51:00,2011-02-25 12:40:00,6,2250,United Kingdom,1869.82,36,0
16842.0,2011-08-31 10:42:00,2011-02-10 14:51:00,3,693,United Kingdom,1264.19,100,0
16843.0,2011-10-28 09:06:00,2011-01-16 16:10:00,16,10159,United Kingdom,10196.57,42,0
16846.0,2011-10-20 13:55:00,2011-10-20 13:55:00,1,135,United Kingdom,214.32,49,0
16847.0,2011-10-27 13:29:00,2011-10-27 13:29:00,1,78,United Kingdom,193.44,42,0
16848.0,2011-10-18 08:42:00,2011-10-18 08:42:00,1,182,United Kingdom,281.42,52,0
16849.0,2011-06-06 09:16:00,2011-06-06 09:16:00,1,33,United Kingdom,124.57,186,1
16850.0,2011-01-10 11:09:00,2011-01-10 11:09:00,1,249,United Kingdom,332.41,333,1
16851.0,2011-12-05 13:32:00,2011-10-19 09:48:00,3,271,United Kingdom,342.45,3,0
16852.0,2011-11-29 13:22:00,2011-06-16 15:49:00,2,56,United Kingdom,144.91000000000003,9,0
16855.0,2011-11-16 12:03:00,2011-10-27 16:31:00,2,164,United Kingdom,328.4,23,0
16856.0,2011-11-25 08:59:00,2011-11-25 08:59:00,1,12,United Kingdom,35.400000000000006,14,0
16858.0,2010-12-06 09:52:00,2010-12-06 09:52:00,1,91,United Kingdom,375.69000000000005,368,1
16859.0,2011-07-18 12:19:00,2011-03-23 13:39:00,2,827,United Kingdom,747.81,144,0
16861.0,2011-10-11 09:05:00,2011-07-04 15:38:00,2,140,United Kingdom,173.76,59,0
16863.0,2011-11-08 15:26:00,2010-12-08 08:58:00,2,409,United Kingdom,502.8,30,0
16866.0,2011-07-22 10:06:00,2011-07-01 12:34:00,3,60,United Kingdom,207.73999999999998,140,0
16869.0,2011-11-17 12:02:00,2011-06-17 13:01:00,4,583,United Kingdom,817.12,22,0
16871.0,2011-11-17 19:27:00,2011-03-14 10:31:00,6,1253,United Kingdom,2812.34,21,0
16872.0,2011-09-23 16:05:00,2011-06-08 14:32:00,3,600,United Kingdom,680.02,76,0
16873.0,2011-12-05 12:05:00,2010-12-10 15:45:00,6,3840,United Kingdom,7123.62,4,0
16875.0,2011-10-03 13:39:00,2011-01-04 10:37:00,5,1069,United Kingdom,2095.53,66,0
16877.0,2011-11-27 13:47:00,2011-05-15 16:13:00,6,458,United Kingdom,846.62,11,0
16878.0,2011-09-16 17:39:00,2011-09-16 17:39:00,1,12,United Kingdom,13.3,83,0
16880.0,2011-11-09 11:33:00,2011-06-03 16:45:00,7,746,United Kingdom,1491.43,30,0
16881.0,2011-10-04 10:33:00,2011-10-04 10:33:00,1,600,United Kingdom,432.0,66,0
16882.0,2011-10-04 10:42:00,2011-01-26 17:43:00,3,424,United Kingdom,705.12,66,0
16883.0,2011-06-05 12:51:00,2010-12-03 10:33:00,2,103,United Kingdom,272.48,186,1
16884.0,2011-11-02 11:52:00,2011-11-02 10:16:00,2,320,United Kingdom,429.84000000000003,37,0
16885.0,2011-11-24 13:40:00,2010-12-17 17:23:00,3,178,United Kingdom,450.41,14,0
16887.0,2011-11-04 14:07:00,2011-11-04 14:07:00,1,156,United Kingdom,192.32999999999998,34,0
16889.0,2011-05-29 11:05:00,2011-01-07 10:47:00,3,925,United Kingdom,1578.67,194,1
16891.0,2011-12-08 11:15:00,2010-12-03 11:35:00,5,265,United Kingdom,742.43,1,0
16892.0,2011-12-08 13:18:00,2011-06-09 11:35:00,5,236,United Kingdom,518.19,0,0
16893.0,2010-12-08 12:06:00,2010-12-08 12:06:00,1,62,United Kingdom,145.93,366,1
16895.0,2011-10-06 12:15:00,2011-10-06 12:15:00,1,91,United Kingdom,202.27,64,0
16897.0,2011-02-13 15:02:00,2011-01-30 11:52:00,2,73,United Kingdom,289.78,298,1
16898.0,2011-11-13 15:44:00,2010-12-06 12:23:00,3,412,United Kingdom,501.03,25,0
16899.0,2011-12-02 12:03:00,2010-12-14 13:11:00,6,520,United Kingdom,1271.06,7,0
16900.0,2011-11-23 10:32:00,2011-10-07 13:17:00,3,833,United Kingdom,887.11,16,0
16902.0,2011-08-15 14:17:00,2011-08-15 14:17:00,1,629,United Kingdom,1706.88,115,0
16903.0,2011-11-10 15:32:00,2011-11-10 15:32:00,1,247,United Kingdom,363.2,28,0
16904.0,2011-12-05 13:10:00,2010-12-07 13:29:00,16,1984,United Kingdom,3653.75,3,0
16905.0,2011-12-04 14:01:00,2010-12-03 10:43:00,7,1381,United Kingdom,3037.6,4,0
16906.0,2011-09-19 11:49:00,2011-04-05 12:30:00,4,263,United Kingdom,559.59,81,0
16907.0,2011-11-10 18:04:00,2010-12-09 16:52:00,5,286,United Kingdom,928.76,28,0
16909.0,2011-09-28 16:45:00,2011-09-28 16:45:00,1,436,United Kingdom,379.14,71,0
16910.0,2011-12-05 12:51:00,2011-09-09 14:14:00,8,884,United Kingdom,1508.96,3,0
16912.0,2011-11-11 12:18:00,2011-01-20 15:42:00,11,1025,United Kingdom,2555.58,28,0
16913.0,2011-02-22 12:56:00,2011-02-22 12:56:00,1,82,United Kingdom,113.44,289,1
16914.0,2011-11-03 15:27:00,2011-11-03 15:27:00,1,112,United Kingdom,183.76,35,0
16915.0,2011-11-30 16:39:00,2011-03-01 09:52:00,6,132,United Kingdom,621.6800000000001,8,0
16916.0,2011-11-16 12:08:00,2010-12-02 13:14:00,2,431,United Kingdom,562.41,23,0
16917.0,2011-03-08 11:55:00,2011-03-08 11:55:00,1,232,United Kingdom,391.52,276,1
16918.0,2011-10-21 12:50:00,2011-01-26 17:37:00,6,721,United Kingdom,1068.82,49,0
16919.0,2011-07-06 13:35:00,2010-12-06 12:52:00,11,1403,United Kingdom,2592.25,155,0
16921.0,2011-10-09 16:22:00,2011-10-09 16:22:00,1,154,United Kingdom,154.18,60,0
16923.0,2011-11-27 13:00:00,2010-12-12 11:06:00,19,3344,United Kingdom,7069.08,11,0
16924.0,2011-11-18 12:53:00,2011-09-16 12:54:00,3,467,United Kingdom,829.89,20,0
16926.0,2010-12-03 13:42:00,2010-12-03 13:42:00,1,35,United Kingdom,230.25,370,1
16927.0,2011-08-16 11:10:00,2010-12-13 11:57:00,3,993,United Kingdom,543.05,115,0
16928.0,2011-09-20 15:10:00,2010-12-01 15:21:00,17,2092,United Kingdom,2814.7,79,0
16929.0,2011-12-06 08:37:00,2011-07-07 12:39:00,7,929,United Kingdom,1295.39,3,0
16930.0,2011-11-13 16:13:00,2011-10-02 14:25:00,3,339,United Kingdom,378.89,25,0
16931.0,2011-12-04 13:15:00,2010-12-05 11:40:00,21,3134,United Kingdom,4554.87,4,0
16932.0,2011-10-17 14:12:00,2011-10-17 14:12:00,1,82,United Kingdom,150.23000000000002,52,0
16933.0,2011-12-08 12:54:00,2011-04-14 13:33:00,2,288,United Kingdom,563.23,0,0
16934.0,2011-10-16 12:40:00,2011-10-16 12:25:00,2,397,United Kingdom,931.03,54,0
16936.0,2011-11-14 11:04:00,2011-11-14 11:04:00,1,171,United Kingdom,261.9,25,0
16938.0,2011-12-01 10:20:00,2011-02-04 09:34:00,4,2533,United Kingdom,2711.6800000000003,8,0
16940.0,2011-10-18 13:15:00,2011-02-23 12:27:00,3,2169,United Kingdom,3049.88,51,0
16942.0,2011-11-27 12:40:00,2011-04-26 11:59:00,9,805,United Kingdom,1904.99,12,0
16943.0,2011-05-12 11:57:00,2011-01-25 14:00:00,3,145,United Kingdom,816.73,211,1
16945.0,2011-11-18 11:39:00,2010-12-16 17:49:00,19,2725,United Kingdom,4345.5,21,0
16947.0,2011-04-18 09:38:00,2011-04-18 09:38:00,1,312,United Kingdom,406.48,235,1
16948.0,2011-07-24 12:46:00,2011-01-18 10:58:00,3,1614,United Kingdom,435.02,138,0
16949.0,2011-12-06 11:07:00,2011-01-27 12:11:00,6,791,United Kingdom,1286.27,3,0
16950.0,2011-10-14 09:06:00,2010-12-07 15:20:00,3,644,United Kingdom,1178.56,56,0
16951.0,2011-07-28 12:05:00,2011-02-08 14:58:00,3,1318,United Kingdom,1277.75,134,0
16952.0,2011-08-22 13:03:00,2011-08-22 12:58:00,2,92,United Kingdom,167.61,108,0
16953.0,2011-11-09 15:54:00,2011-11-09 15:54:00,1,10,United Kingdom,20.8,29,0
16954.0,2011-12-09 09:46:00,2010-12-15 10:41:00,9,1054,United Kingdom,2085.08,0,0
16955.0,2011-06-08 10:36:00,2010-12-01 13:31:00,4,266,United Kingdom,518.67,184,1
16956.0,2011-11-22 08:56:00,2011-11-22 08:56:00,1,114,United Kingdom,308.74,17,0
16957.0,2011-04-14 13:56:00,2011-03-03 09:25:00,2,172,United Kingdom,416.64,238,1
16959.0,2011-09-13 15:03:00,2011-09-13 15:03:00,1,49,United Kingdom,117.35000000000001,86,0
16960.0,2011-11-01 11:35:00,2011-04-01 11:54:00,3,304,United Kingdom,507.05,38,0
16961.0,2011-08-15 13:46:00,2011-08-15 13:46:00,1,125,United Kingdom,234.17,115,0
16963.0,2011-06-05 13:48:00,2011-06-05 13:48:00,1,35,United Kingdom,110.55000000000001,186,1
16965.0,2011-04-27 12:08:00,2011-04-27 12:08:00,1,291,United Kingdom,201.19,226,1
16966.0,2011-12-01 13:40:00,2011-04-13 14:17:00,7,1981,United Kingdom,2154.97,7,0
16967.0,2011-06-03 14:24:00,2011-06-03 14:24:00,1,333,United Kingdom,319.02,188,1
16968.0,2011-12-05 15:02:00,2011-08-24 10:51:00,2,326,United Kingdom,439.43,3,0
16969.0,2011-10-31 13:12:00,2011-06-01 12:10:00,3,816,United Kingdom,650.41,38,0
16971.0,2011-11-01 15:06:00,2011-11-01 15:06:00,1,72,United Kingdom,357.21,37,0
16976.0,2011-03-17 16:33:00,2011-03-17 16:33:00,1,88,United Kingdom,251.51999999999998,266,1
16978.0,2011-09-23 12:50:00,2011-09-23 12:50:00,1,166,United Kingdom,344.33,77,0
16979.0,2011-12-06 12:21:00,2011-02-15 09:20:00,6,865,United Kingdom,1852.0,3,0
16980.0,2011-03-29 16:36:00,2011-02-21 12:58:00,2,739,United Kingdom,1028.46,254,1
16982.0,2011-10-10 12:28:00,2011-10-10 12:28:00,1,182,United Kingdom,384.06,60,0
16983.0,2011-11-27 12:10:00,2010-12-05 12:34:00,7,1335,United Kingdom,1905.87,12,0
16984.0,2011-09-12 13:43:00,2011-08-01 17:37:00,2,2380,United Kingdom,4459.52,87,0
16985.0,2011-11-22 13:33:00,2010-12-16 10:38:00,10,1832,United Kingdom,5464.12,16,0
16986.0,2011-11-10 11:55:00,2011-11-09 15:52:00,2,1040,United Kingdom,1873.2,29,0
16987.0,2011-12-06 17:26:00,2011-05-18 15:55:00,7,401,United Kingdom,1616.8,2,0
16988.0,2011-12-04 16:02:00,2011-12-04 16:02:00,1,43,United Kingdom,126.12,4,0
16989.0,2011-12-02 16:39:00,2011-07-12 09:11:00,6,1233,United Kingdom,1133.25,6,0
16990.0,2011-05-05 08:30:00,2011-05-05 08:30:00,1,100,United Kingdom,179.0,218,1
16992.0,2011-11-29 11:50:00,2011-02-28 10:37:00,5,860,United Kingdom,1614.31,10,0
16996.0,2011-11-09 16:43:00,2010-12-21 13:22:00,6,544,United Kingdom,1456.96,29,0
16997.0,2011-02-24 17:28:00,2011-01-18 11:51:00,3,360,United Kingdom,702.0,287,1
16998.0,2011-07-13 09:44:00,2011-02-08 15:42:00,4,76,United Kingdom,295.0,149,0
16999.0,2011-11-16 13:53:00,2011-09-26 15:43:00,2,294,United Kingdom,484.82,22,0
17001.0,2011-12-09 09:38:00,2010-12-16 09:35:00,11,2164,United Kingdom,3989.57,0,0
17002.0,2011-09-15 12:40:00,2011-02-22 11:46:00,3,679,United Kingdom,1493.73,85,0
17004.0,2011-10-24 14:25:00,2011-09-08 12:16:00,2,771,United Kingdom,1312.1399999999999,45,0
17006.0,2011-12-05 12:09:00,2011-09-25 12:15:00,4,272,United Kingdom,781.78,4,0
17007.0,2011-10-20 10:47:00,2010-12-17 13:57:00,6,597,United Kingdom,889.9300000000001,50,0
17010.0,2011-11-21 14:49:00,2011-11-21 14:49:00,1,118,United Kingdom,195.36,17,0
17011.0,2011-11-09 13:30:00,2011-11-09 13:30:00,1,186,United Kingdom,270.9,29,0
17014.0,2011-12-01 14:09:00,2011-10-04 11:36:00,3,243,United Kingdom,583.4300000000001,7,0
17015.0,2011-11-11 10:45:00,2011-06-07 13:19:00,3,1978,United Kingdom,1838.6100000000001,28,0
17017.0,2011-12-07 09:32:00,2010-12-02 10:17:00,20,6673,United Kingdom,8694.26,2,0
17018.0,2011-10-30 11:42:00,2011-01-18 08:46:00,2,176,United Kingdom,920.1,40,0
17019.0,2011-11-28 13:06:00,2010-12-06 12:55:00,4,820,United Kingdom,1258.08,10,0
17022.0,2011-11-08 17:09:00,2011-11-08 17:09:00,1,108,United Kingdom,71.0,30,0
17024.0,2011-10-25 13:47:00,2011-07-05 09:31:00,3,69,United Kingdom,95.85,44,0
17025.0,2011-10-10 09:06:00,2010-12-01 15:45:00,3,235,United Kingdom,357.77,60,0
17026.0,2011-06-07 14:28:00,2010-12-05 12:47:00,2,97,United Kingdom,154.82999999999998,184,1
17027.0,2011-09-22 12:24:00,2011-01-26 14:19:00,6,416,United Kingdom,877.5600000000001,78,0
17029.0,2011-08-21 11:06:00,2011-04-17 10:57:00,2,400,United Kingdom,716.0,110,0
17030.0,2011-10-07 08:49:00,2011-10-07 08:49:00,1,146,United Kingdom,146.87,63,0
17031.0,2011-11-28 10:23:00,2011-07-08 09:38:00,2,235,United Kingdom,380.35,11,0
17033.0,2011-09-14 14:34:00,2010-12-15 13:21:00,3,750,United Kingdom,1030.14,85,0
17034.0,2011-11-23 15:14:00,2011-02-25 10:10:00,3,410,United Kingdom,745.52,15,0
17035.0,2011-04-08 11:23:00,2011-02-01 12:27:00,2,229,United Kingdom,433.53000000000003,245,1
17037.0,2011-09-13 12:49:00,2011-09-13 12:49:00,1,656,United Kingdom,1267.32,87,0
17038.0,2011-11-09 13:50:00,2011-11-09 13:50:00,1,28,United Kingdom,112.4,29,0
17040.0,2011-07-25 10:19:00,2011-07-25 10:19:00,1,181,United Kingdom,449.73,137,0
17041.0,2011-11-13 11:21:00,2010-12-14 11:43:00,3,927,United Kingdom,1071.49,26,0
17042.0,2011-12-07 12:26:00,2011-04-06 14:53:00,5,990,United Kingdom,1036.58,2,0
17043.0,2011-11-07 15:33:00,2011-03-18 14:53:00,4,998,United Kingdom,1735.18,31,0
17044.0,2011-11-14 14:28:00,2011-11-14 14:28:00,1,504,United Kingdom,948.48,24,0
17045.0,2011-08-18 17:09:00,2011-04-06 12:08:00,3,106,United Kingdom,339.44,112,0
17046.0,2011-07-05 14:24:00,2011-07-05 14:24:00,1,510,United Kingdom,642.02,156,0
17047.0,2011-09-15 13:27:00,2011-05-18 16:50:00,3,533,United Kingdom,1100.9,84,0
17048.0,2011-08-14 11:49:00,2011-01-12 16:51:00,3,485,United Kingdom,925.35,117,0
17049.0,2011-12-07 10:48:00,2011-03-09 08:33:00,9,2673,United Kingdom,5655.03,2,0
17050.0,2011-09-04 13:48:00,2011-02-13 12:41:00,6,1595,United Kingdom,3185.64,95,0
17051.0,2011-05-29 14:13:00,2011-05-29 14:13:00,1,179,United Kingdom,240.89000000000001,193,1
17052.0,2011-11-11 14:50:00,2011-11-11 14:50:00,1,251,United Kingdom,399.09,27,0
17053.0,2011-08-01 10:23:00,2011-08-01 10:23:00,1,122,United Kingdom,498.48,130,0
17054.0,2011-11-11 12:56:00,2011-04-08 13:14:00,5,804,United Kingdom,1356.33,27,0
17058.0,2011-09-19 10:13:00,2011-04-14 09:18:00,3,592,United Kingdom,1179.89,81,0
17059.0,2011-11-10 12:27:00,2010-12-05 12:35:00,5,1850,United Kingdom,3080.39,29,0
17060.0,2011-03-18 13:27:00,2011-03-18 13:27:00,1,216,United Kingdom,234.24,265,1
17061.0,2011-09-27 11:24:00,2011-04-21 13:29:00,11,1526,United Kingdom,5232.2300000000005,73,0
17062.0,2011-01-30 11:01:00,2010-12-05 11:59:00,4,418,United Kingdom,533.33,313,1
17063.0,2011-11-18 16:19:00,2011-02-23 13:44:00,7,770,United Kingdom,1461.14,20,0
17064.0,2011-10-12 10:18:00,2011-01-16 16:10:00,3,316,United Kingdom,855.45,58,0
17068.0,2011-11-27 13:14:00,2010-12-06 13:58:00,21,2164,United Kingdom,4552.14,11,0
17069.0,2011-11-11 17:13:00,2010-12-01 16:49:00,9,1506,United Kingdom,2709.7000000000003,27,0
17070.0,2011-08-17 17:01:00,2011-08-17 17:01:00,1,131,United Kingdom,304.24,113,0
17071.0,2011-11-11 16:31:00,2011-02-03 08:18:00,9,1197,United Kingdom,2429.03,27,0
17073.0,2011-11-22 11:47:00,2011-08-22 14:37:00,4,759,United Kingdom,1446.09,17,0
17075.0,2011-11-22 11:58:00,2011-01-26 13:20:00,4,292,United Kingdom,834.12,17,0
17076.0,2011-11-03 17:53:00,2010-12-10 10:08:00,3,295,United Kingdom,841.0799999999999,35,0
17078.0,2011-11-03 19:17:00,2011-11-03 18:49:00,2,788,United Kingdom,378.2,35,0
17079.0,2011-09-22 15:34:00,2011-09-22 15:34:00,1,24,United Kingdom,118.80000000000001,77,0
17080.0,2011-11-17 12:59:00,2011-03-15 12:05:00,2,166,United Kingdom,287.62,21,0
17081.0,2011-11-14 12:56:00,2011-10-24 13:08:00,2,77,United Kingdom,288.91,24,0
17082.0,2011-11-06 15:17:00,2011-01-25 14:36:00,2,1049,United Kingdom,2003.85,32,0
17083.0,2011-08-22 15:43:00,2011-02-09 11:38:00,3,772,United Kingdom,1405.78,108,0
17084.0,2011-11-04 14:54:00,2011-11-04 14:49:00,2,1702,United Kingdom,2747.9900000000002,34,0
17085.0,2011-08-08 14:15:00,2010-12-12 12:24:00,5,785,United Kingdom,1562.4,122,0
17086.0,2011-12-02 13:54:00,2011-10-07 11:22:00,6,1859,United Kingdom,2050.08,6,0
17088.0,2011-11-11 14:23:00,2011-03-31 09:48:00,4,868,United Kingdom,1991.01,27,0
17090.0,2011-12-05 13:44:00,2010-12-20 13:52:00,7,903,United Kingdom,1974.65,3,0
17091.0,2011-12-07 10:43:00,2010-12-07 09:55:00,9,1746,United Kingdom,3827.76,2,0
17092.0,2011-10-20 19:51:00,2011-03-07 14:51:00,4,1130,United Kingdom,1774.03,49,0
17094.0,2011-01-21 13:09:00,2011-01-21 13:09:00,1,152,United Kingdom,302.0,321,1
17095.0,2011-11-17 12:21:00,2011-01-09 11:05:00,3,618,United Kingdom,1324.16,22,0
17096.0,2011-11-24 15:01:00,2011-03-23 12:05:00,4,339,United Kingdom,1022.13,14,0
17097.0,2011-12-07 17:05:00,2010-12-09 14:55:00,8,459,Spain,954.42,1,0
17100.0,2011-11-21 16:36:00,2011-11-21 16:36:00,2,800,United Kingdom,971.74,17,0
17101.0,2011-11-29 13:57:00,2011-06-14 14:49:00,4,815,United Kingdom,1621.73,9,0
17102.0,2011-03-23 10:08:00,2011-03-23 10:08:00,1,2,United Kingdom,25.5,261,1
17105.0,2011-07-03 15:53:00,2011-02-06 14:46:00,2,693,United Kingdom,665.78,158,0
17107.0,2011-11-06 14:14:00,2011-03-06 15:17:00,6,4826,United Kingdom,10797.48,32,0
17109.0,2011-11-10 16:59:00,2011-04-21 15:46:00,6,588,United Kingdom,881.29,28,0
17110.0,2011-06-27 12:58:00,2011-06-27 12:58:00,1,50,United Kingdom,163.29999999999998,164,0
17111.0,2011-10-23 15:59:00,2011-10-23 15:59:00,1,282,United Kingdom,231.61,46,0
17114.0,2011-12-04 12:17:00,2011-01-09 11:39:00,8,215,United Kingdom,801.12,5,0
17115.0,2011-12-01 14:30:00,2011-04-20 14:46:00,3,372,United Kingdom,837.5,7,0
17117.0,2011-02-24 13:54:00,2011-02-24 13:54:00,1,68,United Kingdom,116.19999999999999,287,1
17118.0,2011-01-26 12:19:00,2011-01-26 12:19:00,1,154,United Kingdom,157.02,317,1
17119.0,2011-12-06 14:40:00,2011-10-11 11:03:00,2,334,United Kingdom,606.91,2,0
17120.0,2011-04-20 15:21:00,2011-04-20 15:21:00,1,120,United Kingdom,307.46,232,1
17122.0,2011-08-12 14:33:00,2011-08-12 14:33:00,1,80,United Kingdom,138.32,118,0
17123.0,2011-07-01 10:47:00,2011-07-01 10:47:00,1,246,United Kingdom,345.29999999999995,161,0
17124.0,2011-06-07 14:02:00,2011-06-07 14:02:00,1,129,United Kingdom,294.24,184,1
17125.0,2011-10-20 14:41:00,2011-10-20 14:41:00,1,281,United Kingdom,230.5,49,0
17126.0,2011-07-10 13:52:00,2010-12-12 11:26:00,5,780,United Kingdom,989.45,151,0
17128.0,2011-01-09 12:02:00,2011-01-09 12:02:00,1,76,United Kingdom,157.09,334,1
17131.0,2011-12-04 12:52:00,2011-09-25 12:42:00,5,983,United Kingdom,2463.17,4,0
17133.0,2011-11-24 12:27:00,2011-03-18 13:47:00,7,2730,United Kingdom,4892.240000000001,15,0
17134.0,2011-08-25 09:53:00,2011-03-20 11:56:00,2,98,United Kingdom,413.2,106,0
17135.0,2011-11-23 16:48:00,2010-12-03 09:31:00,7,1224,United Kingdom,1139.73,15,0
17138.0,2011-03-09 11:54:00,2011-03-09 11:54:00,1,126,United Kingdom,380.5,275,1
17139.0,2011-11-24 10:12:00,2011-02-24 09:32:00,12,5176,United Kingdom,10650.77,15,0
17140.0,2011-04-06 13:33:00,2011-04-06 13:33:00,1,296,United Kingdom,454.12,246,1
17142.0,2011-04-14 18:22:00,2011-04-14 18:22:00,1,81,United Kingdom,579.0,238,1
17144.0,2011-12-08 17:57:00,2011-09-16 12:50:00,2,483,United Kingdom,984.57,0,0
17146.0,2011-08-26 12:44:00,2010-12-16 12:20:00,3,212,United Kingdom,749.78,105,0
17147.0,2011-11-17 12:32:00,2011-02-01 09:36:00,4,882,United Kingdom,1714.59,22,0
17148.0,2011-10-19 09:59:00,2011-10-19 09:59:00,1,82,United Kingdom,124.88,51,0
17152.0,2011-05-29 12:19:00,2011-03-21 16:20:00,3,517,United Kingdom,1689.5,194,1
17153.0,2011-11-15 13:42:00,2011-11-15 13:42:00,1,104,United Kingdom,213.78,23,0
17154.0,2011-09-25 13:42:00,2011-09-25 13:42:00,1,490,United Kingdom,329.34,74,0
17155.0,2011-11-22 12:38:00,2011-06-15 10:22:00,2,242,United Kingdom,251.70000000000002,17,0
17157.0,2011-12-02 09:10:00,2011-06-16 15:08:00,2,172,United Kingdom,319.0,7,0
17158.0,2011-11-07 15:15:00,2010-12-14 13:03:00,3,778,United Kingdom,1266.97,31,0
17159.0,2011-11-18 10:52:00,2011-06-21 09:49:00,3,1111,United Kingdom,1538.88,21,0
17160.0,2011-11-08 14:05:00,2011-04-12 12:00:00,6,2856,United Kingdom,3518.03,30,0
17162.0,2011-11-11 11:34:00,2011-02-07 12:27:00,10,1001,United Kingdom,1715.46,28,0
17163.0,2011-11-18 08:57:00,2011-09-22 15:54:00,2,66,United Kingdom,293.1,21,0
17164.0,2011-11-07 09:14:00,2011-03-11 14:26:00,7,1501,United Kingdom,2467.35,32,0
17165.0,2011-02-28 16:39:00,2011-02-28 16:39:00,1,100,United Kingdom,158.68,283,1
17166.0,2011-11-01 09:46:00,2011-05-20 08:18:00,2,78,United Kingdom,206.34,38,0
17169.0,2011-10-13 10:25:00,2011-06-09 13:16:00,2,526,United Kingdom,835.78,57,0
17171.0,2011-02-23 16:37:00,2011-02-23 16:37:00,1,185,United Kingdom,224.91,288,1
17172.0,2011-09-22 09:36:00,2011-09-22 09:36:00,1,480,United Kingdom,317.76,78,0
17173.0,2011-12-04 14:40:00,2011-07-31 15:26:00,8,1122,United Kingdom,3766.6,4,0
17174.0,2011-05-06 11:47:00,2011-05-06 11:47:00,1,41,United Kingdom,59.9,217,1
17175.0,2011-10-26 15:31:00,2011-02-16 14:56:00,4,866,United Kingdom,1443.69,43,0
17176.0,2011-05-22 12:41:00,2011-05-22 12:41:00,1,170,United Kingdom,306.13,201,1
17179.0,2011-06-14 16:48:00,2010-12-13 14:24:00,3,290,United Kingdom,711.79,177,0
17180.0,2011-10-14 15:46:00,2011-01-27 18:05:00,4,670,United Kingdom,783.97,55,0
17181.0,2011-10-13 14:48:00,2010-12-01 12:38:00,2,241,United Kingdom,239.92000000000002,56,0
17183.0,2011-12-02 10:07:00,2011-08-26 15:25:00,6,1296,United Kingdom,3347.31,7,0
17186.0,2011-10-24 10:20:00,2011-10-10 12:52:00,2,200,United Kingdom,144.0,46,0
17187.0,2011-04-27 12:39:00,2011-04-27 12:39:00,1,144,United Kingdom,203.95,226,1
17188.0,2011-11-28 13:53:00,2010-12-12 12:56:00,7,1328,United Kingdom,2474.23,10,0
17189.0,2011-08-25 19:39:00,2010-12-15 17:28:00,2,226,United Kingdom,383.75,105,0
17190.0,2011-10-12 11:33:00,2011-05-16 15:29:00,2,161,United Kingdom,444.74,58,0
17191.0,2011-11-11 16:58:00,2010-12-06 14:36:00,7,1166,United Kingdom,2093.68,27,0
17193.0,2011-11-04 12:47:00,2011-06-16 10:04:00,7,1254,United Kingdom,1699.3000000000002,35,0
17194.0,2011-03-11 12:05:00,2010-12-14 12:06:00,2,119,United Kingdom,262.62,273,1
17197.0,2011-11-10 10:32:00,2011-11-10 10:32:00,1,191,United Kingdom,1013.01,29,0
17198.0,2011-11-16 10:39:00,2010-12-03 14:54:00,3,357,United Kingdom,692.22,23,0
17201.0,2011-10-17 11:55:00,2011-10-17 11:55:00,1,231,United Kingdom,289.78,53,0
17203.0,2011-11-04 12:27:00,2011-10-10 14:37:00,6,2846,United Kingdom,3560.08,35,0
17204.0,2011-06-17 14:46:00,2011-03-21 12:42:00,4,646,United Kingdom,1564.56,174,0
17205.0,2011-10-17 12:46:00,2011-10-17 12:46:00,1,884,United Kingdom,384.08,53,0
17206.0,2011-10-17 13:25:00,2011-10-17 13:25:00,1,76,United Kingdom,204.24,52,0
17211.0,2011-11-13 12:03:00,2010-12-05 12:44:00,8,1323,United Kingdom,2317.2200000000003,26,0
17212.0,2011-03-31 19:42:00,2011-03-31 19:42:00,1,147,United Kingdom,226.85,252,1
17213.0,2011-10-30 14:53:00,2010-12-08 13:03:00,7,1176,United Kingdom,2781.23,39,0
17214.0,2011-10-10 13:17:00,2010-12-15 15:14:00,6,272,United Kingdom,1059.1200000000001,59,0
17217.0,2011-04-19 17:19:00,2011-04-19 17:19:00,1,24,United Kingdom,113.5,233,1
17218.0,2011-12-05 13:52:00,2010-12-06 15:25:00,10,955,United Kingdom,1951.97,3,0
17219.0,2011-11-08 11:25:00,2011-11-08 11:25:00,1,89,United Kingdom,114.23,31,0
17220.0,2011-11-15 13:47:00,2010-12-10 14:54:00,14,1897,United Kingdom,3187.55,23,0
17221.0,2011-12-02 13:35:00,2011-11-03 17:39:00,2,287,United Kingdom,334.48,6,0
17222.0,2011-10-05 13:58:00,2011-10-05 13:58:00,1,122,United Kingdom,328.65,64,0
17223.0,2011-02-02 15:57:00,2010-12-06 14:08:00,2,110,United Kingdom,416.89,309,1
17226.0,2011-02-04 11:52:00,2011-02-04 11:52:00,1,406,United Kingdom,393.49,308,1
17227.0,2011-11-21 10:51:00,2010-12-06 11:16:00,6,741,United Kingdom,939.32,18,0
17228.0,2011-11-24 10:24:00,2010-12-02 16:00:00,8,1532,United Kingdom,1906.09,15,0
17229.0,2011-09-04 13:56:00,2011-07-20 12:38:00,2,185,United Kingdom,318.76,95,0
17230.0,2011-03-20 16:12:00,2010-12-15 11:22:00,8,1651,United Kingdom,3638.41,263,1
17231.0,2011-11-27 15:18:00,2010-12-13 14:16:00,10,1724,United Kingdom,3124.72,11,0
17232.0,2011-12-07 12:21:00,2011-11-25 12:24:00,2,202,United Kingdom,417.77,2,0
17233.0,2011-11-04 14:06:00,2011-11-04 14:06:00,1,131,United Kingdom,190.88,34,0
17234.0,2011-06-10 11:20:00,2011-06-10 11:20:00,1,55,United Kingdom,149.89000000000001,182,1
17235.0,2011-11-14 15:51:00,2010-12-02 13:38:00,2,224,United Kingdom,550.06,24,0
17236.0,2011-11-27 12:00:00,2010-12-12 11:49:00,6,474,United Kingdom,916.13,12,0
17237.0,2011-11-28 15:02:00,2011-11-17 12:55:00,2,105,United Kingdom,314.69,10,0
17238.0,2011-12-07 11:35:00,2010-12-03 15:05:00,17,1807,United Kingdom,3719.1,2,0
17239.0,2011-01-31 09:41:00,2011-01-31 09:41:00,1,150,United Kingdom,382.5,312,1
17242.0,2011-08-23 14:55:00,2011-06-12 13:04:00,2,611,United Kingdom,1135.04,107,0
17243.0,2011-12-08 13:26:00,2010-12-05 10:03:00,26,3320,United Kingdom,8540.05,0,0
17244.0,2011-10-17 15:19:00,2011-10-17 15:19:00,1,616,United Kingdom,954.9,52,0
17245.0,2011-05-19 10:43:00,2011-05-19 10:43:00,1,75,United Kingdom,171.45,204,1
17247.0,2011-11-24 15:21:00,2011-11-24 15:21:00,1,105,United Kingdom,280.09000000000003,14,0
17248.0,2011-08-11 13:34:00,2011-08-11 13:34:00,1,213,United Kingdom,318.65,119,0
17250.0,2011-12-06 12:15:00,2011-03-23 16:45:00,2,167,United Kingdom,381.97,3,0
17251.0,2010-12-12 11:06:00,2010-12-12 11:06:00,1,108,United Kingdom,269.83,362,1
17252.0,2011-08-15 09:45:00,2011-06-06 16:41:00,2,192,United Kingdom,348.91,116,0
17253.0,2011-11-21 12:59:00,2011-11-21 12:59:00,1,43,United Kingdom,178.26,17,0
17254.0,2011-12-05 12:46:00,2011-11-24 14:09:00,2,251,United Kingdom,271.19,4,0
17255.0,2011-10-30 12:18:00,2011-02-13 15:18:00,2,227,United Kingdom,291.48,40,0
17256.0,2011-08-24 13:30:00,2011-01-31 14:53:00,2,141,United Kingdom,240.0,106,0
17259.0,2011-07-14 15:01:00,2010-12-06 12:55:00,2,388,United Kingdom,581.23,147,0
17262.0,2011-10-18 12:56:00,2010-12-08 13:30:00,5,367,United Kingdom,1253.3600000000001,51,0
17263.0,2011-05-15 14:32:00,2011-05-15 14:32:00,1,36,United Kingdom,63.440000000000005,207,1
17265.0,2011-07-24 10:49:00,2011-06-12 12:00:00,2,389,United Kingdom,550.01,138,0
17266.0,2011-12-07 14:12:00,2011-07-15 11:57:00,3,153,United Kingdom,296.58,1,0
17267.0,2011-08-04 17:22:00,2011-08-04 17:19:00,2,158,United Kingdom,317.2,126,0
17268.0,2011-08-24 10:06:00,2011-04-08 13:20:00,4,844,United Kingdom,763.64,107,0
17272.0,2011-10-28 16:37:00,2011-03-22 12:05:00,4,1778,United Kingdom,2148.63,41,0
17274.0,2011-11-04 13:16:00,2011-11-04 13:16:00,1,77,United Kingdom,107.82,34,0
17277.0,2011-04-26 12:47:00,2011-01-21 12:37:00,2,430,United Kingdom,1065.3500000000001,227,1
17278.0,2011-04-12 13:10:00,2011-04-12 13:10:00,1,179,United Kingdom,246.04,240,1
17279.0,2011-10-13 11:58:00,2011-10-13 11:58:00,1,48,United Kingdom,187.82999999999998,57,0
17282.0,2011-08-01 14:29:00,2011-02-13 11:36:00,3,1866,United Kingdom,1685.46,129,0
17284.0,2011-10-10 14:38:00,2011-01-07 14:31:00,6,1362,United Kingdom,1647.48,59,0
17286.0,2011-11-18 12:47:00,2011-11-18 12:47:00,1,117,United Kingdom,151.37,21,0
17287.0,2011-11-13 13:27:00,2010-12-02 12:22:00,7,556,United Kingdom,1049.06,25,0
17288.0,2011-11-30 16:09:00,2010-12-16 13:33:00,7,1201,United Kingdom,1417.63,8,0
17289.0,2011-11-08 12:01:00,2011-06-12 13:51:00,3,513,United Kingdom,931.02,31,0
17290.0,2011-12-06 12:38:00,2011-11-23 15:53:00,2,397,United Kingdom,513.01,3,0
17291.0,2011-02-04 13:04:00,2011-02-04 13:04:00,1,72,United Kingdom,550.8000000000001,307,1
17293.0,2011-12-01 14:37:00,2010-12-13 14:55:00,9,1135,United Kingdom,1854.06,7,0
17295.0,2011-11-11 10:49:00,2011-10-06 12:22:00,3,293,United Kingdom,547.0,28,0
17297.0,2011-11-22 14:43:00,2011-11-22 14:43:00,1,65,United Kingdom,128.18,16,0
17298.0,2011-08-30 16:43:00,2011-08-07 12:21:00,2,387,United Kingdom,498.42,100,0
17299.0,2011-11-28 12:01:00,2011-06-19 16:04:00,4,668,United Kingdom,656.61,11,0
17301.0,2011-11-18 13:43:00,2011-11-18 13:43:00,1,137,United Kingdom,163.24,20,0
17302.0,2011-11-25 09:36:00,2011-02-07 10:14:00,5,575,United Kingdom,1135.63,14,0
17303.0,2010-12-13 13:32:00,2010-12-13 13:32:00,1,144,United Kingdom,250.04,360,1
17306.0,2011-11-29 12:14:00,2010-12-21 13:34:00,19,11491,United Kingdom,8631.31,10,0
17309.0,2011-09-05 15:20:00,2011-09-05 15:20:00,1,41,United Kingdom,82.75,94,0
17311.0,2011-09-22 14:11:00,2011-01-27 10:56:00,2,1005,United Kingdom,1384.85,77,0
17312.0,2011-07-24 11:52:00,2011-07-03 13:12:00,3,372,United Kingdom,644.3,138,0
17313.0,2011-11-08 15:45:00,2011-11-08 15:45:00,1,1402,United Kingdom,2328.84,30,0
17314.0,2011-11-15 09:41:00,2011-01-31 11:25:00,8,1896,United Kingdom,2527.92,24,0
17315.0,2011-12-08 12:15:00,2010-12-17 12:24:00,38,3863,United Kingdom,6281.23,1,0
17317.0,2011-10-24 17:19:00,2011-09-11 12:45:00,3,1146,United Kingdom,2600.34,45,0
17320.0,2011-08-31 13:31:00,2010-12-06 15:38:00,3,634,United Kingdom,1200.6200000000001,99,0
17321.0,2011-12-01 13:41:00,2011-10-03 11:34:00,2,364,United Kingdom,657.16,7,0
17323.0,2011-11-24 17:29:00,2011-02-20 14:38:00,7,760,United Kingdom,906.52,14,0
17324.0,2011-11-22 10:34:00,2010-12-08 12:45:00,4,843,United Kingdom,986.48,17,0
17325.0,2011-03-04 13:09:00,2011-03-04 13:09:00,1,60,United Kingdom,96.8,279,1
17329.0,2011-11-25 14:24:00,2011-01-28 15:29:00,2,142,United Kingdom,523.11,13,0
17330.0,2011-11-17 08:56:00,2011-10-03 11:26:00,2,120,United Kingdom,363.9,22,0
17331.0,2011-08-08 11:55:00,2011-08-08 11:55:00,1,16,United Kingdom,175.2,123,0
17333.0,2011-09-15 10:11:00,2011-09-15 10:11:00,1,375,United Kingdom,494.25,85,0
17334.0,2011-02-10 14:59:00,2011-02-04 09:03:00,2,315,United Kingdom,307.02,301,1
17337.0,2011-07-11 14:55:00,2011-02-02 17:06:00,4,1247,United Kingdom,1981.06,150,0
17338.0,2011-11-22 14:23:00,2010-12-13 12:57:00,8,3059,United Kingdom,6493.54,16,0
17339.0,2011-09-06 13:29:00,2010-12-09 14:44:00,2,152,United Kingdom,243.36,93,0
17340.0,2011-11-10 10:45:00,2010-12-08 15:56:00,11,5967,United Kingdom,12353.29,29,0
17341.0,2011-07-06 12:33:00,2010-12-08 12:46:00,3,443,United Kingdom,682.29,156,0
17343.0,2010-12-19 15:07:00,2010-12-19 15:07:00,1,56,United Kingdom,193.64,354,1
17344.0,2011-10-24 12:56:00,2011-10-24 12:56:00,1,65,United Kingdom,157.62,45,0
17345.0,2011-11-24 15:03:00,2011-05-27 12:26:00,4,341,United Kingdom,519.6899999999999,14,0
17346.0,2011-12-06 12:18:00,2010-12-01 14:34:00,15,1617,United Kingdom,2622.88,3,0
17347.0,2011-09-14 13:12:00,2011-09-14 13:12:00,1,216,United Kingdom,228.96,85,0
17348.0,2011-11-25 11:25:00,2011-02-15 10:49:00,5,1398,United Kingdom,1156.6,14,0
17349.0,2011-06-13 14:29:00,2011-06-13 14:29:00,1,102,United Kingdom,98.25,178,0
17350.0,2011-12-01 15:47:00,2011-10-19 16:05:00,4,770,United Kingdom,1281.32,7,0
17351.0,2011-11-03 18:45:00,2011-03-11 16:05:00,3,113,United Kingdom,587.15,35,0
17353.0,2011-08-02 17:19:00,2011-07-08 16:17:00,2,1200,United Kingdom,1740.0,128,0
17354.0,2011-10-20 10:34:00,2011-10-20 10:34:00,1,1006,United Kingdom,1393.06,50,0
17356.0,2011-02-01 11:07:00,2011-02-01 11:07:00,1,166,United Kingdom,178.22,311,1
17357.0,2011-11-15 16:30:00,2011-11-15 16:29:00,2,152,United Kingdom,384.39,23,0
17358.0,2011-02-09 16:57:00,2010-12-19 14:16:00,2,190,United Kingdom,360.81,302,1
17359.0,2011-11-28 14:37:00,2011-11-28 14:37:00,1,161,United Kingdom,127.86,10,0
17360.0,2011-11-22 13:11:00,2011-06-08 17:09:00,3,328,United Kingdom,568.24,16,0
17361.0,2011-10-21 15:43:00,2011-02-21 09:55:00,3,157,United Kingdom,488.2,48,0
17362.0,2011-04-14 14:43:00,2011-02-03 10:26:00,2,191,United Kingdom,312.23,238,1
17364.0,2011-12-09 09:00:00,2011-01-12 16:57:00,11,2692,United Kingdom,4462.68,0,0
17365.0,2011-11-27 12:13:00,2011-01-11 12:11:00,8,4749,United Kingdom,4767.36,12,0
17367.0,2011-04-15 14:21:00,2011-04-15 14:21:00,1,149,United Kingdom,167.55,237,1
17368.0,2011-11-16 15:26:00,2011-01-06 11:57:00,8,1377,United Kingdom,1878.87,22,0
17370.0,2011-09-28 10:14:00,2011-06-23 11:50:00,4,540,United Kingdom,446.18,72,0
17371.0,2011-11-22 13:30:00,2010-12-13 15:20:00,3,151,United Kingdom,418.4,16,0
17372.0,2011-10-30 11:37:00,2010-12-12 12:00:00,8,747,United Kingdom,1337.18,40,0
17373.0,2011-10-30 15:28:00,2011-01-31 11:46:00,4,408,United Kingdom,646.92,39,0
17374.0,2011-05-05 09:05:00,2011-03-03 12:53:00,2,85,United Kingdom,495.77,218,1
17375.0,2011-05-24 15:45:00,2010-12-13 15:16:00,3,367,United Kingdom,400.1,198,1
17376.0,2011-09-30 12:36:00,2011-02-01 14:12:00,2,86,United Kingdom,203.2,70,0
17377.0,2011-11-16 11:17:00,2010-12-01 12:35:00,20,2038,United Kingdom,4058.32,23,0
17379.0,2011-11-28 13:56:00,2011-11-28 13:56:00,1,623,United Kingdom,389.71999999999997,10,0
17381.0,2011-12-01 11:59:00,2010-12-02 12:58:00,29,25649,United Kingdom,20275.61,8,0
17382.0,2011-10-05 13:05:00,2011-10-05 13:05:00,1,25,United Kingdom,65.4,64,0
17383.0,2011-12-05 17:36:00,2011-12-05 17:36:00,1,148,United Kingdom,193.39000000000001,3,0
17384.0,2011-11-20 15:48:00,2011-05-04 16:07:00,2,88,United Kingdom,336.4,18,0
17385.0,2011-11-25 11:02:00,2011-11-25 11:02:00,1,197,United Kingdom,256.11,14,0
17386.0,2011-12-02 11:28:00,2011-06-27 12:11:00,6,1902,United Kingdom,2686.42,7,0
17387.0,2011-11-20 11:00:00,2011-11-06 11:25:00,2,522,United Kingdom,746.81,19,0
17388.0,2011-09-23 10:31:00,2011-02-25 12:28:00,4,1068,United Kingdom,1259.56,77,0
17389.0,2011-12-09 09:38:00,2011-01-12 15:48:00,34,7612,United Kingdom,31833.68,0,0
17391.0,2011-06-29 09:58:00,2011-06-28 12:21:00,2,480,United Kingdom,508.8,163,0
17392.0,2011-02-06 12:48:00,2010-12-16 19:04:00,2,277,United Kingdom,417.27,306,1
17394.0,2011-05-04 13:22:00,2011-05-04 13:22:00,1,241,United Kingdom,203.86999999999998,218,1
17396.0,2011-10-31 14:12:00,2010-12-03 09:45:00,8,2005,United Kingdom,7330.8,38,0
17397.0,2011-11-17 14:08:00,2011-11-17 13:58:00,2,250,United Kingdom,681.41,21,0
17398.0,2011-08-17 09:48:00,2011-03-29 13:04:00,3,310,United Kingdom,653.38,114,0
17400.0,2011-08-05 15:38:00,2010-12-21 17:16:00,5,1088,United Kingdom,2097.84,125,0
17402.0,2011-12-05 10:15:00,2010-12-05 13:53:00,13,701,United Kingdom,2633.85,4,0
17403.0,2011-11-03 15:18:00,2011-11-03 15:18:00,1,111,United Kingdom,263.92,35,0
17404.0,2011-12-05 16:26:00,2010-12-14 13:28:00,15,32748,Sweden,31906.82,3,0
17405.0,2011-12-08 17:12:00,2011-07-12 14:17:00,3,726,United Kingdom,1031.41,0,0
17406.0,2011-01-10 15:07:00,2010-12-08 10:35:00,3,780,United Kingdom,2184.42,332,1
17408.0,2011-06-29 12:53:00,2011-06-29 12:53:00,1,3,United Kingdom,32.65,162,0
17409.0,2011-06-08 10:36:00,2011-04-05 16:42:00,2,105,United Kingdom,771.85,184,1
17410.0,2011-11-23 15:46:00,2011-05-08 15:21:00,5,616,United Kingdom,1214.72,15,0
17411.0,2011-11-27 14:25:00,2011-03-23 13:44:00,3,306,United Kingdom,778.94,11,0
17412.0,2011-12-07 11:36:00,2010-12-02 16:29:00,7,738,United Kingdom,1258.06,2,0
17414.0,2011-10-27 12:13:00,2011-06-08 11:43:00,2,2100,United Kingdom,778.0,43,0
17415.0,2011-09-21 12:50:00,2011-09-21 12:50:00,1,114,United Kingdom,507.84,79,0
17416.0,2011-11-10 12:47:00,2011-03-03 13:45:00,7,4302,United Kingdom,6893.42,29,0
17418.0,2011-10-28 13:00:00,2011-01-20 11:39:00,2,289,United Kingdom,463.46000000000004,41,0
17419.0,2011-11-28 13:47:00,2010-12-07 15:03:00,12,1876,United Kingdom,4226.57,10,0
17420.0,2011-10-20 14:52:00,2010-12-01 09:56:00,3,265,United Kingdom,598.83,49,0
17422.0,2011-11-23 13:27:00,2011-02-16 14:44:00,6,2253,United Kingdom,1979.37,15,0
17423.0,2011-10-24 13:36:00,2011-05-06 09:14:00,2,459,United Kingdom,698.41,45,0
17425.0,2011-11-20 15:30:00,2011-10-10 11:37:00,2,407,United Kingdom,759.17,18,0
17426.0,2011-12-01 18:07:00,2011-03-02 16:34:00,6,3094,United Kingdom,5037.26,7,0
17427.0,2011-09-29 11:29:00,2011-09-29 11:29:00,1,34,United Kingdom,100.8,71,0
17428.0,2011-12-09 09:45:00,2010-12-06 09:37:00,28,9474,United Kingdom,17256.85,0,0
17429.0,2011-08-03 13:22:00,2011-05-05 09:53:00,3,624,United Kingdom,524.9200000000001,127,0
17430.0,2011-11-07 09:24:00,2010-12-09 13:05:00,2,190,United Kingdom,265.76,32,0
17431.0,2011-01-30 14:36:00,2011-01-30 14:36:00,1,292,United Kingdom,403.3,312,1
17432.0,2011-11-21 17:33:00,2011-11-02 17:30:00,2,207,United Kingdom,365.76,17,0
17433.0,2011-09-12 14:24:00,2011-09-12 14:24:00,1,185,United Kingdom,303.15999999999997,87,0
17434.0,2011-12-07 13:16:00,2011-09-15 13:54:00,7,1693,United Kingdom,2373.82,1,0
17436.0,2011-12-08 12:30:00,2011-04-27 11:33:00,2,90,United Kingdom,216.29999999999998,1,0
17438.0,2011-03-31 10:26:00,2011-03-31 10:26:00,1,103,United Kingdom,388.45000000000005,253,1
17440.0,2011-07-06 11:54:00,2011-04-06 12:05:00,3,246,United Kingdom,186.42000000000002,156,0
17442.0,2011-11-03 09:17:00,2011-02-22 13:02:00,6,1496,United Kingdom,2248.56,36,0
17443.0,2011-05-04 10:47:00,2011-05-04 10:47:00,1,504,Canada,534.24,219,1
17444.0,2011-07-15 12:05:00,2011-06-20 09:04:00,3,2119,Canada,2940.04,147,0
17446.0,2011-06-16 10:42:00,2011-02-02 14:40:00,2,198,United Kingdom,120.9,176,0
17447.0,2011-10-30 14:18:00,2011-09-29 10:10:00,2,443,United Kingdom,541.53,39,0
17449.0,2011-12-07 16:56:00,2010-12-15 10:57:00,7,1121,United Kingdom,2519.21,1,0
17450.0,2011-12-01 13:29:00,2010-12-07 09:23:00,46,69973,United Kingdom,194390.79,7,0
17451.0,2011-12-08 15:02:00,2011-08-26 11:54:00,7,1203,United Kingdom,1721.4,0,0
17453.0,2011-11-22 09:42:00,2011-10-06 17:02:00,2,219,United Kingdom,486.71999999999997,17,0
17454.0,2011-05-31 13:58:00,2010-12-15 10:54:00,4,243,United Kingdom,517.53,191,1
17455.0,2011-05-20 12:31:00,2011-05-20 12:31:00,1,66,United Kingdom,131.7,203,1
17456.0,2010-12-09 15:23:00,2010-12-09 15:23:00,1,222,United Kingdom,249.86,364,1
17457.0,2011-08-05 12:48:00,2011-01-04 14:33:00,5,826,United Kingdom,1737.7,126,0
17458.0,2011-11-24 13:01:00,2011-11-24 13:01:00,1,170,United Kingdom,316.5,14,0
17459.0,2011-10-27 13:25:00,2011-10-10 17:00:00,2,537,United Kingdom,657.3,42,0
17460.0,2011-09-06 15:04:00,2010-12-01 16:24:00,6,236,United Kingdom,622.4300000000001,93,0
17461.0,2011-11-17 10:21:00,2011-11-10 12:01:00,3,770,United Kingdom,735.82,22,0
17462.0,2011-10-10 13:56:00,2011-02-28 17:01:00,2,227,United Kingdom,675.69,59,0
17463.0,2011-11-23 13:40:00,2011-01-30 15:48:00,5,1086,United Kingdom,1875.86,15,0
17464.0,2011-07-04 13:19:00,2011-07-04 13:19:00,1,220,United Kingdom,289.96000000000004,157,0
17466.0,2011-11-29 13:15:00,2011-09-22 09:16:00,2,306,United Kingdom,763.28,9,0
17468.0,2011-11-29 15:33:00,2011-11-25 12:52:00,2,116,United Kingdom,137.0,9,0
17469.0,2011-11-23 13:15:00,2011-05-19 08:55:00,5,787,United Kingdom,1870.97,15,0
17470.0,2011-10-26 12:42:00,2010-12-07 09:57:00,5,1675,United Kingdom,1125.07,44,0
17472.0,2011-06-01 14:57:00,2011-02-13 14:40:00,3,455,United Kingdom,697.54,190,1
17475.0,2011-09-21 14:55:00,2011-09-21 14:55:00,1,178,United Kingdom,194.37,78,0
17480.0,2011-09-23 11:39:00,2011-09-23 11:39:00,1,338,United Kingdom,511.82,77,0
17481.0,2011-12-06 12:28:00,2011-09-07 09:57:00,4,1061,United Kingdom,1255.59,3,0
17483.0,2011-10-05 13:10:00,2011-06-09 19:40:00,3,191,United Kingdom,414.04,64,0
17486.0,2011-03-23 14:00:00,2011-03-23 14:00:00,1,191,United Kingdom,396.87,260,1
17489.0,2011-10-12 08:56:00,2011-05-11 11:34:00,2,428,United Kingdom,376.64,58,0
17490.0,2011-12-09 09:08:00,2011-06-16 09:15:00,7,1134,United Kingdom,2092.32,0,0
17491.0,2011-12-08 16:18:00,2010-12-07 12:18:00,10,2013,United Kingdom,3558.87,0,0
17492.0,2011-04-05 15:21:00,2011-04-05 15:21:00,1,155,United Kingdom,374.57,247,1
17495.0,2011-12-02 12:08:00,2011-11-01 12:06:00,2,229,United Kingdom,497.56,7,0
17496.0,2010-12-16 08:39:00,2010-12-16 08:39:00,1,79,United Kingdom,271.05,358,1
17498.0,2011-09-25 12:25:00,2011-09-25 12:25:00,1,394,United Kingdom,272.22,75,0
17499.0,2011-02-23 09:14:00,2011-02-23 09:14:00,1,711,United Kingdom,622.88,289,1
17500.0,2011-11-22 14:25:00,2011-11-10 09:08:00,3,17,United Kingdom,1138.0,16,0
17501.0,2011-05-03 09:47:00,2011-05-03 09:46:00,2,160,United Kingdom,288.6,220,1
17502.0,2011-11-30 13:13:00,2011-11-10 16:39:00,4,376,United Kingdom,689.1,8,0
17503.0,2011-12-07 09:18:00,2011-11-01 11:12:00,2,486,United Kingdom,558.96,2,0
17504.0,2011-05-17 12:59:00,2011-01-21 11:09:00,9,1664,United Kingdom,2997.0299999999997,205,1
17505.0,2011-07-01 12:50:00,2011-05-18 09:01:00,2,556,United Kingdom,1145.84,161,0
17506.0,2011-09-25 11:39:00,2011-09-25 11:39:00,1,139,United Kingdom,302.2,75,0
17507.0,2011-03-23 11:48:00,2011-02-03 18:08:00,2,359,United Kingdom,605.58,261,1
17508.0,2011-03-04 08:10:00,2011-03-04 08:10:00,1,289,Greece,387.31,280,1
17509.0,2011-10-13 10:26:00,2011-10-07 13:14:00,8,3512,United Kingdom,6083.64,57,0
17510.0,2011-11-15 10:00:00,2011-11-15 10:00:00,1,214,United Kingdom,308.48,24,0
17511.0,2011-12-07 10:12:00,2010-12-01 10:19:00,31,64549,United Kingdom,91062.38,2,0
17512.0,2011-11-11 12:11:00,2011-02-11 12:22:00,10,2753,United Kingdom,2924.9900000000002,28,0
17513.0,2011-09-28 16:42:00,2011-09-28 16:42:00,1,254,United Kingdom,513.2,71,0
17514.0,2011-08-03 15:45:00,2011-08-03 15:45:00,1,135,United Kingdom,208.65,127,0
17515.0,2011-11-08 14:04:00,2011-01-25 14:33:00,4,243,United Kingdom,639.02,30,0
17516.0,2011-11-24 16:51:00,2011-02-27 12:41:00,5,414,United Kingdom,764.88,14,0
17517.0,2011-02-04 11:48:00,2011-02-04 11:48:00,1,102,United Kingdom,153.94,308,1
17519.0,2011-11-22 16:43:00,2010-12-06 15:18:00,6,1236,United Kingdom,1844.02,16,0
17520.0,2011-10-17 12:04:00,2011-10-17 12:04:00,1,365,United Kingdom,546.81,53,0
17521.0,2011-11-10 11:22:00,2011-05-24 15:14:00,3,519,United Kingdom,723.2099999999999,29,0
17522.0,2011-12-08 12:31:00,2011-05-05 16:31:00,5,1034,United Kingdom,1070.71,1,0
17523.0,2011-11-28 13:20:00,2011-11-20 13:40:00,4,872,United Kingdom,652.74,10,0
17524.0,2010-12-13 14:32:00,2010-12-13 14:32:00,1,90,United Kingdom,145.0,360,1
17525.0,2010-12-15 12:05:00,2010-12-15 12:05:00,1,82,United Kingdom,422.70000000000005,359,1
17526.0,2011-12-05 11:05:00,2010-12-09 12:20:00,4,310,United Kingdom,1195.8999999999999,4,0
17527.0,2011-10-17 12:32:00,2011-05-05 13:43:00,4,488,United Kingdom,939.37,53,0
17528.0,2011-12-08 13:27:00,2011-09-29 13:04:00,8,2138,United Kingdom,3628.5,0,0
17530.0,2011-12-08 18:42:00,2010-12-09 20:01:00,10,1514,United Kingdom,2367.12,0,0
17531.0,2011-06-02 19:17:00,2011-06-02 19:17:00,1,136,United Kingdom,296.7,189,1
17534.0,2011-10-17 12:47:00,2011-10-17 12:47:00,1,103,United Kingdom,223.36,53,0
17535.0,2011-03-04 15:20:00,2011-03-04 15:20:00,1,136,United Kingdom,164.4,279,1
17536.0,2011-06-15 13:23:00,2011-06-15 13:23:00,1,6,United Kingdom,76.5,176,0
17537.0,2011-11-10 10:56:00,2011-02-09 13:37:00,2,699,United Kingdom,887.67,29,0
17538.0,2011-11-14 12:12:00,2011-11-14 12:12:00,1,134,United Kingdom,98.42,25,0
17540.0,2011-11-15 11:56:00,2011-01-27 14:35:00,2,194,United Kingdom,578.9,24,0
17542.0,2011-03-15 11:45:00,2011-03-15 11:45:00,1,134,United Kingdom,170.75,269,1
17545.0,2011-10-27 14:04:00,2011-10-27 13:48:00,3,337,United Kingdom,642.32,42,0
17548.0,2011-04-20 12:01:00,2011-04-20 12:01:00,1,58,United Kingdom,103.3,233,1
17549.0,2011-11-16 09:59:00,2011-10-19 10:05:00,2,210,United Kingdom,148.86,23,0
17550.0,2011-05-26 14:09:00,2011-04-10 15:19:00,3,86,United Kingdom,267.16,196,1
17551.0,2010-12-15 14:12:00,2010-12-15 14:12:00,1,142,United Kingdom,290.34,358,1
17552.0,2011-10-10 17:00:00,2010-12-02 18:45:00,4,719,United Kingdom,930.41,59,0
17553.0,2011-08-02 10:00:00,2011-08-02 10:00:00,1,1048,United Kingdom,1487.6,129,0
17554.0,2011-12-08 14:15:00,2011-07-14 20:01:00,5,1763,United Kingdom,1952.45,0,0
17555.0,2011-11-20 12:22:00,2011-01-09 12:31:00,2,348,United Kingdom,480.31,19,0
17556.0,2011-05-18 10:48:00,2011-05-18 10:48:00,1,101,United Kingdom,157.9,205,1
17557.0,2011-11-25 12:57:00,2011-09-19 14:23:00,3,306,United Kingdom,541.46,13,0
17560.0,2011-09-06 09:18:00,2011-02-02 11:14:00,4,635,United Kingdom,854.95,94,0
17561.0,2011-11-20 12:53:00,2011-11-20 12:53:00,1,144,United Kingdom,165.12,18,0
17562.0,2011-11-25 14:21:00,2011-06-19 13:06:00,7,817,United Kingdom,1122.38,13,0
17564.0,2011-11-15 13:27:00,2011-09-20 14:00:00,3,146,United Kingdom,454.01,23,0
17566.0,2011-12-01 19:54:00,2011-11-14 13:42:00,2,497,United Kingdom,869.77,7,0
17567.0,2011-12-02 15:48:00,2010-12-02 15:18:00,8,2632,United Kingdom,4331.48,6,0
17569.0,2011-01-11 14:15:00,2011-01-11 14:15:00,1,159,United Kingdom,344.14,331,1
17571.0,2011-10-20 15:57:00,2011-02-14 15:15:00,4,876,United Kingdom,1425.67,49,0
17572.0,2011-09-29 17:53:00,2010-12-01 12:51:00,4,95,United Kingdom,226.75000000000003,70,0
17573.0,2011-11-10 13:01:00,2011-09-07 10:36:00,3,308,United Kingdom,380.6,28,0
17574.0,2011-04-11 09:47:00,2011-04-11 09:47:00,1,77,United Kingdom,185.65,242,1
17576.0,2011-12-01 17:56:00,2010-12-09 16:57:00,19,1967,United Kingdom,3564.83,7,0
17578.0,2011-05-05 18:38:00,2011-05-05 18:38:00,1,138,United Kingdom,143.45999999999998,217,1
17579.0,2011-12-05 12:28:00,2011-06-13 14:12:00,3,258,United Kingdom,448.90000000000003,4,0
17580.0,2011-04-01 12:41:00,2010-12-16 15:27:00,3,88,United Kingdom,215.72,252,1
17581.0,2011-12-09 12:21:00,2010-12-02 14:47:00,25,5915,United Kingdom,11025.24,0,0
17582.0,2011-04-17 13:18:00,2011-04-17 13:18:00,1,123,United Kingdom,175.27,235,1
17584.0,2011-12-02 17:12:00,2011-08-04 14:12:00,2,458,United Kingdom,1242.3,6,0
17585.0,2011-08-22 13:30:00,2011-01-05 15:09:00,4,1650,United Kingdom,1116.68,108,0
17588.0,2011-08-31 13:37:00,2011-04-21 10:31:00,3,676,United Kingdom,1240.2,99,0
17589.0,2011-10-10 16:58:00,2011-04-13 13:47:00,4,1631,United Kingdom,2404.17,59,0
17590.0,2011-12-07 12:55:00,2011-10-30 14:05:00,3,822,United Kingdom,1468.02,1,0
17591.0,2011-09-27 13:42:00,2010-12-07 15:39:00,7,1000,United Kingdom,2203.67,72,0
17593.0,2011-12-06 10:30:00,2010-12-22 10:29:00,5,3089,United Kingdom,3923.86,3,0
17594.0,2011-09-15 16:34:00,2011-03-30 10:32:00,2,550,United Kingdom,993.18,84,0
17595.0,2011-11-27 16:08:00,2011-11-02 16:19:00,2,228,United Kingdom,386.69,11,0
17596.0,2011-11-16 14:11:00,2010-12-06 12:34:00,7,4376,United Kingdom,2806.69,22,0
17597.0,2011-05-10 11:54:00,2011-05-10 11:54:00,1,1176,United Kingdom,2044.3700000000001,213,1
17600.0,2011-11-22 09:43:00,2011-11-22 09:43:00,1,144,United Kingdom,161.67000000000002,17,0
17601.0,2011-04-14 18:02:00,2011-04-14 18:02:00,1,103,United Kingdom,116.00999999999999,238,1
17602.0,2011-12-07 13:53:00,2011-01-19 16:18:00,6,4116,United Kingdom,5054.42,1,0
17603.0,2011-09-22 14:18:00,2011-09-22 14:18:00,1,74,United Kingdom,394.72,77,0
17604.0,2011-05-06 13:43:00,2011-01-31 15:09:00,2,169,United Kingdom,309.36,216,1
17608.0,2011-11-06 13:06:00,2011-11-06 13:00:00,2,229,United Kingdom,191.99,32,0
17609.0,2011-10-30 12:28:00,2011-01-16 16:23:00,5,719,United Kingdom,1105.78,40,0
17611.0,2011-12-02 13:29:00,2010-12-13 13:52:00,15,2550,United Kingdom,3961.12,6,0
17612.0,2011-10-17 14:59:00,2011-02-15 10:40:00,6,1808,United Kingdom,2048.45,52,0
17613.0,2011-11-17 10:51:00,2011-02-07 11:20:00,14,2490,United Kingdom,4544.55,22,0
17614.0,2011-10-13 16:01:00,2011-10-13 16:01:00,1,235,United Kingdom,386.32,56,0
17615.0,2011-08-01 14:06:00,2011-05-01 15:33:00,3,140,United Kingdom,329.6,129,0
17616.0,2011-06-19 10:11:00,2010-12-07 10:04:00,3,224,United Kingdom,571.1999999999999,173,0
17618.0,2011-12-04 11:50:00,2010-12-12 16:05:00,3,319,United Kingdom,930.28,5,0
17619.0,2011-01-31 14:18:00,2011-01-31 14:18:00,1,124,United Kingdom,214.37,311,1
17620.0,2011-10-11 12:08:00,2011-10-11 12:08:00,1,60,United Kingdom,81.44,59,0
17621.0,2011-11-18 17:11:00,2010-12-20 13:31:00,3,514,United Kingdom,1379.9,20,0
17623.0,2011-11-07 11:32:00,2011-11-07 11:32:00,1,265,United Kingdom,527.0500000000001,32,0
17624.0,2011-11-25 10:52:00,2011-05-05 17:59:00,2,554,United Kingdom,843.48,14,0
17625.0,2011-11-21 13:36:00,2011-03-27 12:21:00,4,1180,United Kingdom,2020.4,17,0
17628.0,2011-09-19 15:21:00,2011-09-19 15:21:00,1,79,United Kingdom,75.75,80,0
17629.0,2011-12-04 10:56:00,2010-12-15 09:58:00,8,1629,United Kingdom,1814.12,5,0
17630.0,2011-06-23 11:58:00,2011-04-21 14:03:00,2,158,United Kingdom,503.59999999999997,169,0
17631.0,2011-12-08 09:47:00,2011-04-21 13:22:00,3,334,United Kingdom,528.33,1,0
17633.0,2011-11-08 13:25:00,2011-08-11 15:43:00,4,644,United Kingdom,1324.84,30,0
17634.0,2011-11-03 13:09:00,2011-01-06 12:45:00,9,838,United Kingdom,2358.59,35,0
17636.0,2011-11-20 14:40:00,2011-11-20 14:40:00,1,182,United Kingdom,285.56,18,0
17637.0,2011-11-08 12:51:00,2011-08-16 13:25:00,2,280,United Kingdom,547.0600000000001,30,0
17639.0,2011-03-08 15:22:00,2011-03-08 15:22:00,1,49,United Kingdom,108.5,275,1
17640.0,2011-09-14 09:13:00,2011-09-14 09:13:00,1,250,United Kingdom,621.66,86,0
17642.0,2011-08-12 09:11:00,2011-06-16 12:55:00,2,474,United Kingdom,712.29,119,0
17643.0,2010-12-01 14:38:00,2010-12-01 14:38:00,1,71,United Kingdom,101.55,372,1
17644.0,2011-12-08 13:43:00,2011-03-24 09:44:00,11,1793,United Kingdom,2895.64,0,0
17646.0,2011-05-04 13:17:00,2010-12-09 14:28:00,3,323,United Kingdom,1008.39,218,1
17647.0,2011-10-05 15:38:00,2011-10-05 15:38:00,1,30,United Kingdom,133.06,64,0
17648.0,2011-10-10 09:41:00,2011-04-04 10:29:00,4,487,United Kingdom,1797.5,60,0
17649.0,2011-07-24 15:53:00,2011-07-24 15:53:00,1,399,United Kingdom,868.49,137,0
17650.0,2011-11-18 14:52:00,2011-11-18 14:52:00,1,150,United Kingdom,166.08,20,0
17651.0,2011-11-28 10:29:00,2011-06-15 15:57:00,10,3112,United Kingdom,3945.0,11,0
17652.0,2011-11-14 12:55:00,2011-03-03 14:05:00,12,2509,United Kingdom,4867.72,24,0
17653.0,2011-11-03 12:46:00,2011-08-11 15:24:00,4,1409,United Kingdom,1207.56,36,0
17654.0,2011-03-07 13:17:00,2011-03-07 13:17:00,1,41,United Kingdom,117.55,276,1
17655.0,2011-11-29 11:34:00,2010-12-08 16:45:00,7,1116,United Kingdom,2638.94,10,0
17656.0,2011-09-27 13:04:00,2011-08-03 10:45:00,5,1399,United Kingdom,1674.69,72,0
17658.0,2011-11-14 12:07:00,2011-05-12 15:23:00,2,616,United Kingdom,595.42,25,0
17659.0,2011-11-22 13:29:00,2010-12-02 16:46:00,12,1525,United Kingdom,2999.46,16,0
17660.0,2011-07-21 13:37:00,2011-07-21 13:37:00,1,121,United Kingdom,178.75,140,0
17663.0,2011-11-14 08:56:00,2011-02-25 14:11:00,7,797,United Kingdom,1802.91,25,0
17664.0,2011-11-21 11:29:00,2011-05-11 14:17:00,2,604,United Kingdom,604.64,18,0
17666.0,2011-12-06 09:06:00,2011-10-05 11:06:00,2,596,United Kingdom,728.16,3,0
17667.0,2011-10-04 14:32:00,2011-02-14 09:24:00,5,1033,United Kingdom,2055.51,65,0
17668.0,2011-12-08 13:25:00,2011-11-01 14:45:00,2,93,United Kingdom,347.75,0,0
17669.0,2011-10-28 08:53:00,2011-04-04 10:11:00,7,1916,United Kingdom,3406.7200000000003,42,0
17670.0,2011-04-26 09:12:00,2011-04-26 09:12:00,1,110,United Kingdom,205.7,227,1
17671.0,2011-11-24 12:21:00,2010-12-09 14:27:00,4,772,United Kingdom,1572.71,15,0
17672.0,2011-10-20 14:18:00,2011-02-03 13:29:00,2,1690,United Kingdom,3178.17,49,0
17673.0,2011-12-08 12:50:00,2011-01-23 15:16:00,6,1462,United Kingdom,1594.97,1,0
17674.0,2011-09-26 13:35:00,2010-12-06 10:20:00,2,672,United Kingdom,551.04,73,0
17675.0,2011-12-08 18:03:00,2010-12-07 13:22:00,31,8360,United Kingdom,20374.28,0,0
17676.0,2011-12-05 15:16:00,2010-12-08 13:49:00,6,922,United Kingdom,1371.18,3,0
17677.0,2011-12-08 09:56:00,2010-12-06 08:42:00,30,9772,United Kingdom,16345.38,1,0
17678.0,2011-03-21 11:52:00,2011-03-21 11:52:00,1,207,United Kingdom,298.11,263,1
17679.0,2011-10-18 07:43:00,2011-09-15 10:35:00,2,729,United Kingdom,1992.1100000000001,52,0
17680.0,2011-11-16 12:42:00,2011-11-16 12:42:00,1,96,United Kingdom,184.4,23,0
17682.0,2011-11-29 15:59:00,2010-12-06 13:35:00,6,1367,United Kingdom,2474.33,9,0
17684.0,2011-10-27 11:10:00,2011-10-27 11:10:00,1,145,United Kingdom,239.41,43,0
17685.0,2011-11-23 11:36:00,2010-12-02 14:42:00,7,1907,United Kingdom,3155.83,16,0
17686.0,2011-12-02 15:39:00,2011-02-10 10:18:00,7,2478,United Kingdom,5739.46,6,0
17690.0,2011-11-09 15:17:00,2010-12-01 16:15:00,15,1769,United Kingdom,4726.8,29,0
17691.0,2010-12-16 17:20:00,2010-12-06 11:10:00,2,134,United Kingdom,290.40000000000003,357,1
17692.0,2011-08-04 14:01:00,2010-12-15 13:37:00,4,672,United Kingdom,740.9399999999999,126,0
17693.0,2011-07-25 15:48:00,2011-07-25 15:48:00,1,231,United Kingdom,200.47,136,0
17694.0,2011-07-21 12:00:00,2011-07-21 12:00:00,1,184,United Kingdom,283.12,141,0
17695.0,2011-07-31 10:40:00,2011-06-21 12:35:00,2,779,United Kingdom,765.34,131,0
17696.0,2011-11-01 13:43:00,2010-12-10 09:51:00,8,1756,United Kingdom,2285.71,37,0
17697.0,2011-04-17 15:40:00,2011-04-17 15:40:00,1,93,United Kingdom,338.95,235,1
17698.0,2011-03-24 11:34:00,2011-03-24 11:34:00,1,93,United Kingdom,154.95,260,1
17700.0,2011-11-23 11:51:00,2011-03-03 16:34:00,4,1266,United Kingdom,2534.64,16,0
17701.0,2011-04-01 12:25:00,2011-04-01 12:25:00,1,109,United Kingdom,417.95,252,1
17702.0,2011-11-09 16:03:00,2011-05-17 16:23:00,4,1353,United Kingdom,1824.37,29,0
17703.0,2011-11-04 15:51:00,2011-07-24 13:30:00,3,590,United Kingdom,798.74,34,0
17704.0,2011-06-24 09:40:00,2011-04-14 09:28:00,2,343,United Kingdom,885.19,168,0
17705.0,2011-12-06 13:45:00,2011-02-11 10:57:00,9,963,United Kingdom,1823.52,2,0
17706.0,2011-12-05 13:34:00,2010-12-08 11:02:00,17,3899,United Kingdom,10504.49,3,0
17707.0,2011-06-07 15:03:00,2011-01-07 13:30:00,2,144,United Kingdom,152.4,184,1
17708.0,2011-06-05 10:12:00,2011-01-19 10:09:00,2,90,United Kingdom,263.33,187,1
17709.0,2011-06-23 11:55:00,2011-06-23 11:55:00,1,17,United Kingdom,137.45,169,0
17711.0,2011-11-29 11:40:00,2011-02-23 11:32:00,2,246,United Kingdom,385.1,10,0
17712.0,2011-10-26 12:28:00,2011-10-26 12:28:00,1,215,United Kingdom,522.91,44,0
17714.0,2011-01-23 10:32:00,2011-01-23 10:32:00,1,92,United Kingdom,153.0,320,1
17715.0,2011-05-23 12:32:00,2011-05-23 12:32:00,1,384,United Kingdom,326.4,200,1
17716.0,2011-11-17 12:00:00,2011-03-17 10:38:00,11,3072,United Kingdom,5655.99,22,0
17718.0,2011-04-21 13:39:00,2011-04-21 13:39:00,1,83,United Kingdom,139.35,231,1
17719.0,2011-11-02 10:36:00,2011-03-29 11:29:00,15,2466,United Kingdom,5396.04,37,0
17720.0,2011-11-13 15:04:00,2010-12-07 10:43:00,4,576,United Kingdom,1195.94,25,0
17722.0,2011-09-04 15:22:00,2010-12-08 12:41:00,4,1595,United Kingdom,2424.04,95,0
17723.0,2011-08-04 18:37:00,2011-05-09 14:44:00,6,792,United Kingdom,3276.4000000000005,126,0
17724.0,2011-09-29 15:26:00,2011-07-24 13:26:00,3,300,United Kingdom,1033.0,70,0
17725.0,2011-11-23 16:34:00,2011-03-17 19:47:00,11,2162,United Kingdom,3439.08,15,0
17727.0,2011-11-24 17:06:00,2011-11-24 17:06:00,1,645,United Kingdom,1060.25,14,0
17728.0,2011-12-06 08:52:00,2011-09-14 11:39:00,3,1469,United Kingdom,2876.01,3,0
17730.0,2011-12-06 15:43:00,2011-01-17 14:49:00,13,3576,United Kingdom,5298.4800000000005,2,0
17731.0,2011-09-21 15:02:00,2011-06-09 14:18:00,4,493,United Kingdom,1240.11,78,0
17732.0,2010-12-02 09:29:00,2010-12-02 09:29:00,1,93,United Kingdom,303.97,372,1
17733.0,2011-11-01 08:16:00,2011-03-23 09:54:00,2,463,United Kingdom,692.19,38,0
17734.0,2011-10-17 12:33:00,2011-04-20 10:04:00,3,422,United Kingdom,700.63,53,0
17735.0,2011-12-07 16:47:00,2010-12-07 10:32:00,19,8439,United Kingdom,13110.02,1,0
17736.0,2011-11-30 15:36:00,2011-08-18 14:33:00,3,238,United Kingdom,377.44,8,0
17737.0,2011-11-30 15:16:00,2011-10-12 14:42:00,2,108,United Kingdom,168.24,8,0
17738.0,2011-11-20 15:05:00,2011-03-02 16:26:00,4,1029,United Kingdom,1879.05,18,0
17739.0,2011-11-28 09:12:00,2010-12-14 14:26:00,7,861,United Kingdom,2791.35,11,0
17742.0,2011-08-18 15:28:00,2011-01-11 10:04:00,2,89,United Kingdom,355.11,112,0
17744.0,2011-12-06 12:11:00,2010-12-16 14:17:00,6,3412,United Kingdom,2322.4,3,0
17746.0,2011-04-13 14:31:00,2011-04-13 14:31:00,1,29,United Kingdom,110.25,239,1
17747.0,2011-08-19 08:13:00,2011-08-19 08:13:00,1,12,United Kingdom,71.4,112,0
17749.0,2011-06-14 15:45:00,2011-03-28 13:39:00,2,320,United Kingdom,674.52,177,0
17750.0,2011-12-04 14:09:00,2011-06-28 15:44:00,9,3747,United Kingdom,1710.45,4,0
17752.0,2010-12-15 16:19:00,2010-12-15 16:19:00,1,192,United Kingdom,80.64,358,1
17754.0,2011-12-09 11:20:00,2011-03-24 13:54:00,5,1816,United Kingdom,1664.65,0,0
17757.0,2011-12-08 15:31:00,2010-12-02 17:17:00,30,3318,United Kingdom,5593.39,0,0
17758.0,2011-11-20 14:45:00,2011-04-03 15:22:00,8,2054,United Kingdom,3408.2000000000003,18,0
17759.0,2011-11-22 16:02:00,2011-06-23 13:35:00,3,697,United Kingdom,819.96,16,0
17760.0,2011-11-18 10:56:00,2010-12-01 15:08:00,2,239,United Kingdom,287.59,21,0
17761.0,2011-11-07 10:23:00,2011-11-07 10:23:00,1,398,United Kingdom,712.78,32,0
17763.0,2011-03-21 14:25:00,2011-03-21 14:25:00,1,12,United Kingdom,15.0,262,1
17764.0,2011-10-20 11:03:00,2011-05-12 16:11:00,2,351,United Kingdom,772.55,50,0
17765.0,2011-07-04 12:41:00,2011-03-28 11:58:00,3,143,United Kingdom,367.63,158,0
17767.0,2011-11-24 14:42:00,2011-11-24 14:42:00,1,128,United Kingdom,271.2,14,0
17768.0,2011-12-01 13:22:00,2011-06-26 13:46:00,3,1122,United Kingdom,2081.9,7,0
17769.0,2011-11-27 11:18:00,2011-01-23 11:15:00,10,1850,United Kingdom,3957.43,12,0
17770.0,2011-05-25 12:34:00,2011-03-02 13:35:00,5,365,United Kingdom,1143.27,198,1
17771.0,2011-10-14 11:43:00,2011-01-20 14:13:00,2,287,United Kingdom,245.81,56,0
17772.0,2011-11-29 11:05:00,2011-11-29 10:57:00,2,55,United Kingdom,173.45,10,0
17774.0,2011-09-04 12:49:00,2011-02-07 13:13:00,4,508,United Kingdom,1213.73,96,0
17775.0,2011-03-30 10:50:00,2011-03-30 10:50:00,1,72,United Kingdom,56.4,254,1
17777.0,2011-11-15 12:02:00,2011-08-31 14:35:00,3,501,United Kingdom,647.56,24,0
17779.0,2011-11-18 14:15:00,2011-07-19 12:19:00,3,396,United Kingdom,650.32,20,0
17781.0,2011-07-03 16:00:00,2011-03-31 19:54:00,2,34,United Kingdom,188.02,158,0
17783.0,2011-09-28 16:07:00,2011-04-06 10:07:00,2,354,United Kingdom,283.47,71,0
17785.0,2011-10-17 13:43:00,2011-10-17 13:43:00,1,67,United Kingdom,131.94,52,0
17786.0,2011-09-15 12:51:00,2011-01-26 14:35:00,2,195,United Kingdom,266.85,84,0
17787.0,2011-07-10 11:24:00,2010-12-03 13:43:00,4,896,United Kingdom,1817.54,152,0
17788.0,2011-09-27 10:09:00,2011-08-02 10:38:00,2,211,United Kingdom,1117.9,73,0
17789.0,2011-03-03 13:14:00,2011-03-03 13:14:00,1,74,United Kingdom,225.9,280,1
17790.0,2011-11-13 11:30:00,2010-12-10 10:47:00,14,835,United Kingdom,1964.3,26,0
17791.0,2011-11-10 12:09:00,2011-11-10 12:09:00,1,46,United Kingdom,106.1,29,0
17793.0,2011-11-14 14:24:00,2011-11-14 14:24:00,1,226,United Kingdom,300.34,24,0
17795.0,2011-06-13 12:36:00,2011-03-20 12:02:00,2,305,United Kingdom,342.83,179,0
17796.0,2011-10-30 15:38:00,2010-12-05 12:23:00,4,176,United Kingdom,690.0,39,0
17797.0,2011-11-17 13:21:00,2011-06-10 11:29:00,3,498,United Kingdom,780.43,21,0
17799.0,2011-11-17 15:16:00,2010-12-13 13:10:00,10,1753,United Kingdom,3039.17,21,0
17800.0,2011-11-02 12:57:00,2011-01-09 13:50:00,9,732,United Kingdom,1187.21,36,0
17802.0,2011-09-18 14:56:00,2010-12-02 13:44:00,3,752,United Kingdom,1285.04,81,0
17805.0,2011-09-27 11:49:00,2011-09-27 11:49:00,1,478,United Kingdom,512.31,73,0
17806.0,2011-11-28 14:12:00,2011-11-28 14:12:00,1,727,United Kingdom,546.04,10,0
17809.0,2011-11-23 12:59:00,2010-12-01 09:41:00,12,2057,United Kingdom,5411.91,15,0
17811.0,2011-12-05 13:46:00,2011-01-10 10:58:00,39,4146,United Kingdom,7761.82,3,0
17812.0,2011-11-27 11:47:00,2010-12-06 15:27:00,4,329,United Kingdom,699.81,12,0
17813.0,2011-11-25 16:13:00,2011-09-29 15:57:00,5,752,United Kingdom,1698.07,13,0
17816.0,2011-11-03 11:34:00,2010-12-09 14:10:00,4,30,United Kingdom,36.56,36,0
17817.0,2011-12-05 14:39:00,2011-03-07 17:30:00,3,67,United Kingdom,387.68,3,0
17819.0,2011-09-29 10:52:00,2010-12-03 14:26:00,7,1031,United Kingdom,3704.87,71,0
17824.0,2011-10-19 14:14:00,2011-10-19 14:14:00,1,408,United Kingdom,298.4,50,0
17827.0,2011-12-04 15:00:00,2010-12-10 10:18:00,5,1240,United Kingdom,1987.33,4,0
17828.0,2011-11-17 08:41:00,2011-06-08 08:31:00,4,667,Malta,1820.09,22,0
17829.0,2011-02-14 12:46:00,2011-02-14 12:46:00,1,496,United Arab Emirates,889.24,298,1
17830.0,2011-12-08 12:28:00,2011-02-24 10:15:00,3,92,United Kingdom,398.7,1,0
17831.0,2011-11-06 15:09:00,2011-11-06 15:09:00,1,12,United Kingdom,35.400000000000006,32,0
17832.0,2011-10-21 11:43:00,2011-10-21 11:43:00,1,208,United Kingdom,155.37,49,0
17835.0,2011-12-07 11:48:00,2011-11-16 16:30:00,3,344,United Kingdom,342.24,2,0
17836.0,2011-10-23 16:13:00,2011-10-23 16:13:00,1,88,United Kingdom,110.21000000000001,46,0
17837.0,2011-10-28 16:13:00,2011-06-29 16:44:00,8,510,United Kingdom,1541.23,41,0
17838.0,2011-11-13 11:20:00,2010-12-02 15:55:00,5,1831,United Kingdom,2720.8,26,0
17839.0,2011-10-28 17:27:00,2011-10-28 17:27:00,1,257,United Kingdom,318.15,41,0
17841.0,2011-12-08 12:07:00,2010-12-01 14:41:00,124,22834,United Kingdom,40519.84,1,0
17843.0,2011-02-09 15:33:00,2011-02-09 15:33:00,1,113,United Kingdom,205.48,302,1
17844.0,2011-08-25 11:27:00,2011-08-25 11:27:00,1,52,Canada,51.559999999999995,106,0
17846.0,2011-09-15 15:20:00,2011-09-15 15:20:00,1,1,United Kingdom,2033.1,84,0
17848.0,2011-09-19 16:49:00,2010-12-16 18:38:00,9,398,United Kingdom,901.1999999999999,80,0
17849.0,2011-05-05 13:46:00,2011-01-10 11:59:00,4,114,United Kingdom,605.8000000000001,217,1
17850.0,2010-12-02 15:27:00,2010-12-01 08:26:00,34,1733,United Kingdom,5391.21,371,1
17852.0,2011-11-28 12:36:00,2011-11-28 12:31:00,2,53,United Kingdom,114.34,11,0
17854.0,2011-06-07 16:21:00,2011-04-26 16:53:00,2,84,United Kingdom,311.26,184,1
17855.0,2010-12-02 09:44:00,2010-12-02 09:44:00,1,197,United Kingdom,208.97,372,1
17856.0,2011-12-08 09:40:00,2011-03-03 11:40:00,4,842,United Kingdom,1418.03,1,0
17857.0,2011-12-05 13:13:00,2010-12-09 11:35:00,23,19256,United Kingdom,26879.04,3,0
17858.0,2011-12-04 11:56:00,2010-12-05 13:08:00,12,2694,United Kingdom,5140.66,5,0
17859.0,2011-02-08 10:32:00,2011-02-08 10:32:00,1,102,United Kingdom,141.92000000000002,304,1
17860.0,2010-12-06 12:41:00,2010-12-06 12:41:00,1,93,United Kingdom,226.45000000000002,368,1
17861.0,2011-12-06 16:21:00,2011-01-24 11:34:00,8,1985,United Kingdom,2097.88,2,0
17862.0,2011-01-20 12:23:00,2011-01-20 12:23:00,1,100,United Kingdom,330.9,323,1
17863.0,2011-10-11 13:45:00,2010-12-05 13:21:00,6,2638,United Kingdom,3160.0,58,0
17864.0,2011-11-27 11:15:00,2011-03-09 11:44:00,3,706,United Kingdom,554.85,12,0
17865.0,2011-11-09 12:08:00,2010-12-10 14:53:00,20,5757,United Kingdom,10526.32,30,0
17866.0,2011-07-20 11:07:00,2011-07-20 11:07:00,1,174,United Kingdom,329.65,142,0
17867.0,2011-11-09 14:15:00,2011-02-24 12:25:00,6,508,United Kingdom,1157.8700000000001,29,0
17869.0,2011-08-24 16:16:00,2010-12-06 17:16:00,5,111,United Kingdom,428.18,106,0
17870.0,2011-12-07 15:07:00,2010-12-08 08:12:00,12,1351,United Kingdom,1865.89,1,0
17871.0,2011-05-19 11:32:00,2011-05-19 11:32:00,1,182,United Kingdom,155.9,204,1
17873.0,2011-09-20 16:41:00,2010-12-01 14:54:00,5,1035,United Kingdom,1848.96,79,0
17874.0,2011-06-07 12:54:00,2011-03-29 11:25:00,6,221,United Kingdom,683.46,184,1
17877.0,2011-06-22 13:00:00,2011-06-22 13:00:00,1,98,United Kingdom,237.61,169,0
17878.0,2011-10-27 11:24:00,2011-10-27 11:24:00,1,401,United Kingdom,379.45,43,0
17879.0,2011-06-19 12:36:00,2011-06-19 12:36:00,1,45,United Kingdom,178.51999999999998,173,0
17880.0,2010-12-10 10:21:00,2010-12-10 10:21:00,1,314,United Kingdom,458.92,364,1
17881.0,2011-02-08 17:16:00,2011-02-08 17:16:00,1,32,United Kingdom,133.35000000000002,303,1
17883.0,2011-12-06 17:49:00,2011-04-07 19:16:00,4,374,United Kingdom,664.34,2,0
17884.0,2011-12-06 11:33:00,2010-12-03 12:11:00,4,817,United Kingdom,695.0699999999999,3,0
17885.0,2011-11-27 14:40:00,2011-11-27 14:40:00,1,110,United Kingdom,156.34,11,0
17886.0,2011-11-08 10:09:00,2011-04-04 12:34:00,3,469,United Kingdom,869.28,31,0
17887.0,2011-08-02 17:29:00,2011-08-02 17:29:00,1,30,United Kingdom,111.35,128,0
17888.0,2011-11-18 13:45:00,2010-12-17 13:56:00,8,973,United Kingdom,716.0,20,0
17889.0,2011-05-11 16:26:00,2011-01-21 17:14:00,2,77,United Kingdom,201.37,211,1
17890.0,2011-01-21 11:19:00,2010-12-13 15:12:00,2,402,United Kingdom,586.89,322,1
17891.0,2011-06-30 20:08:00,2011-06-30 20:08:00,1,393,United Kingdom,203.85999999999999,161,0
17892.0,2011-10-14 16:49:00,2011-07-07 12:56:00,3,109,United Kingdom,244.1,55,0
17893.0,2011-04-28 13:50:00,2011-04-28 13:50:00,1,149,United Kingdom,107.21,224,1
17894.0,2011-09-29 09:23:00,2010-12-08 14:50:00,8,404,United Kingdom,1118.96,71,0
17895.0,2011-10-26 17:00:00,2011-10-26 17:00:00,1,127,United Kingdom,95.45,43,0
17896.0,2011-11-16 13:59:00,2011-11-16 13:59:00,1,288,United Kingdom,256.32,22,0
17897.0,2011-06-20 11:23:00,2010-12-01 12:31:00,3,222,United Kingdom,541.8100000000001,172,0
17898.0,2011-09-15 14:56:00,2011-05-16 17:13:00,2,190,United Kingdom,152.06,84,0
17899.0,2011-07-03 14:58:00,2011-07-03 14:58:00,1,170,United Kingdom,154.55,158,0
17900.0,2011-06-02 14:38:00,2011-06-02 14:28:00,2,73,United Kingdom,112.19999999999999,189,1
17901.0,2011-11-10 17:29:00,2011-11-10 17:29:00,1,24,United Kingdom,110.38,28,0
17904.0,2011-11-18 12:57:00,2011-11-18 12:57:00,1,59,United Kingdom,181.07,20,0
17905.0,2011-09-29 17:33:00,2010-12-01 13:21:00,4,406,United Kingdom,798.99,70,0
17906.0,2011-04-06 17:25:00,2011-04-06 17:25:00,1,26,United Kingdom,72.9,246,1
17908.0,2010-12-01 11:45:00,2010-12-01 11:45:00,1,169,United Kingdom,232.03,373,1
17911.0,2011-11-30 14:52:00,2011-11-30 14:52:00,1,223,United Kingdom,366.23,8,0
17912.0,2011-02-02 14:25:00,2010-12-10 11:11:00,5,184,United Kingdom,310.06,309,1
17913.0,2011-10-12 10:45:00,2010-12-19 11:35:00,2,288,United Kingdom,408.65,58,0
17914.0,2011-12-06 11:58:00,2011-12-06 11:58:00,1,457,United Kingdom,329.36,3,0
17917.0,2011-10-25 13:20:00,2010-12-12 12:08:00,3,184,United Kingdom,335.03,44,0
17919.0,2011-09-12 13:41:00,2011-09-12 13:41:00,1,756,United Kingdom,1304.04,87,0
17920.0,2011-12-05 14:29:00,2010-12-01 11:49:00,17,2473,United Kingdom,4119.5,3,0
17921.0,2011-10-06 18:56:00,2011-03-18 13:19:00,4,425,United Kingdom,820.23,63,0
17923.0,2011-03-02 15:15:00,2011-03-02 15:15:00,1,50,United Kingdom,207.50000000000003,281,1
17924.0,2011-11-28 09:11:00,2010-12-01 10:51:00,7,1160,United Kingdom,2962.5,11,0
17925.0,2010-12-02 10:10:00,2010-12-02 10:10:00,1,72,United Kingdom,244.08,372,1
17926.0,2011-07-29 14:39:00,2011-05-20 09:24:00,2,306,United Kingdom,397.29,132,0
17928.0,2011-10-25 13:52:00,2011-04-07 18:03:00,2,140,United Kingdom,212.54,44,0
17929.0,2011-11-28 16:01:00,2011-02-04 11:40:00,4,108,United Kingdom,843.0,10,0
17930.0,2011-11-04 10:23:00,2011-04-14 15:46:00,5,1594,United Kingdom,1740.48,35,0
17931.0,2011-07-28 18:33:00,2011-03-29 12:31:00,2,249,United Kingdom,408.36,133,0
17932.0,2011-11-10 19:49:00,2011-05-12 13:58:00,3,789,United Kingdom,1331.57,28,0
17934.0,2011-10-19 11:16:00,2011-10-12 10:50:00,2,478,United Kingdom,704.25,51,0
17935.0,2011-07-24 13:18:00,2011-07-21 11:23:00,2,82,United Kingdom,145.79,137,0
17936.0,2011-12-04 13:32:00,2011-12-04 13:32:00,1,257,United Kingdom,380.13,4,0
17937.0,2011-12-01 11:45:00,2010-12-12 14:43:00,7,1754,United Kingdom,4301.22,8,0
17939.0,2011-07-03 12:27:00,2011-07-03 12:27:00,1,40,United Kingdom,99.14,159,0
17940.0,2011-10-21 13:27:00,2011-02-10 09:29:00,10,9323,United Kingdom,4020.04,48,0
17941.0,2011-08-01 08:30:00,2011-08-01 08:30:00,1,252,United Kingdom,304.56,130,0
17942.0,2011-12-02 10:45:00,2011-12-02 10:45:00,1,38,United Kingdom,77.50000000000001,7,0
17946.0,2011-04-20 17:00:00,2011-03-25 14:34:00,2,75,United Kingdom,149.57999999999998,232,1
17947.0,2011-11-02 13:05:00,2011-11-02 13:05:00,1,168,United Kingdom,176.68,36,0
17948.0,2011-07-15 12:58:00,2011-07-15 12:58:00,1,144,United Kingdom,358.56000000000006,146,0
17949.0,2011-12-08 18:46:00,2010-12-03 13:12:00,45,30546,United Kingdom,58510.48,0,0
17950.0,2011-09-28 15:18:00,2010-12-09 15:16:00,3,366,United Kingdom,482.2,71,0
17951.0,2011-10-31 12:30:00,2010-12-01 12:40:00,3,616,United Kingdom,1008.5400000000001,39,0
17954.0,2011-12-04 14:15:00,2010-12-03 14:18:00,12,2221,United Kingdom,2314.13,4,0
17955.0,2011-05-25 12:00:00,2011-05-04 12:29:00,4,273,United Kingdom,557.3,198,1
17956.0,2011-04-04 13:47:00,2011-04-04 13:47:00,1,1,United Kingdom,12.75,248,1
17957.0,2011-10-04 14:58:00,2011-10-04 14:58:00,1,287,United Kingdom,111.68,65,0
17958.0,2011-08-15 12:19:00,2011-08-15 12:19:00,1,84,United Kingdom,508.4599999999999,116,0
17960.0,2011-06-21 14:15:00,2011-06-21 14:15:00,1,41,United Kingdom,73.78,170,0
17961.0,2011-11-18 16:55:00,2010-12-02 19:18:00,39,560,United Kingdom,1296.44,20,0
17962.0,2011-07-20 14:16:00,2011-07-20 14:16:00,1,127,United Kingdom,102.41,141,0
17964.0,2011-11-08 10:44:00,2010-12-02 13:32:00,2,294,United Kingdom,463.21,31,0
17965.0,2011-11-02 09:31:00,2010-12-05 15:54:00,14,1532,United Kingdom,2599.19,37,0
17966.0,2011-11-02 10:26:00,2011-03-23 17:25:00,5,2571,United Kingdom,1098.43,37,0
17967.0,2010-12-03 11:19:00,2010-12-03 11:19:00,1,73,United Kingdom,112.27,371,1
17968.0,2010-12-01 12:23:00,2010-12-01 12:23:00,1,151,United Kingdom,265.1,373,1
17969.0,2011-06-26 13:00:00,2010-12-13 15:34:00,2,152,United Kingdom,228.2,165,0
17970.0,2011-05-12 20:03:00,2011-05-12 20:03:00,1,513,United Kingdom,562.79,210,1
17972.0,2011-04-12 12:16:00,2011-04-12 12:16:00,1,36,United Kingdom,135.19,241,1
17973.0,2011-10-19 10:34:00,2011-10-19 10:34:00,1,176,United Kingdom,337.04,51,0
17974.0,2011-11-15 11:37:00,2011-05-04 11:50:00,3,500,United Kingdom,703.99,24,0
17975.0,2011-11-24 13:27:00,2010-12-08 11:38:00,13,1565,United Kingdom,4483.26,14,0
17976.0,2010-12-02 13:49:00,2010-12-02 13:49:00,1,93,United Kingdom,321.79,371,1
17977.0,2011-11-10 13:28:00,2011-11-10 13:28:00,1,342,United Kingdom,288.14,28,0
17978.0,2010-12-09 14:05:00,2010-12-09 14:05:00,1,499,United Kingdom,300.91999999999996,364,1
17979.0,2011-11-04 12:05:00,2011-03-25 11:34:00,4,383,United Kingdom,732.41,35,0
17980.0,2011-06-27 12:01:00,2010-12-15 15:50:00,3,682,United Kingdom,811.45,165,0
17984.0,2011-07-17 15:59:00,2011-07-17 15:59:00,1,98,United Kingdom,152.68,144,0
17985.0,2011-11-17 14:24:00,2011-11-17 14:24:00,1,171,United Kingdom,631.35,21,0
17986.0,2011-10-14 14:22:00,2011-10-14 14:22:00,1,10,United Kingdom,20.8,55,0
17987.0,2011-06-07 14:22:00,2011-06-07 14:22:00,1,261,United Kingdom,198.57,184,1
17988.0,2011-11-28 11:00:00,2011-01-17 11:59:00,7,43,United Kingdom,201.12,11,0
17990.0,2011-04-17 11:44:00,2010-12-13 12:10:00,3,414,United Kingdom,630.84,236,1
17991.0,2011-04-28 15:58:00,2011-04-27 16:39:00,2,25,United Kingdom,93.35,224,1
17994.0,2011-08-10 11:41:00,2011-02-22 11:02:00,4,495,United Kingdom,674.89,121,0
17995.0,2011-03-03 12:30:00,2011-03-03 12:30:00,1,133,United Kingdom,76.1,281,1
17997.0,2011-09-26 16:13:00,2011-06-28 17:28:00,8,2273,United Kingdom,1962.46,73,0
17999.0,2011-11-02 15:56:00,2010-12-08 15:17:00,2,219,United Kingdom,380.39,36,0
18001.0,2011-11-27 16:02:00,2011-09-14 11:21:00,2,362,United Kingdom,415.13,11,0
18004.0,2010-12-12 13:47:00,2010-12-12 13:47:00,1,75,United Kingdom,157.92,361,1
18005.0,2011-12-06 11:51:00,2011-10-23 14:40:00,2,86,United Kingdom,226.47,3,0
18006.0,2011-11-16 16:52:00,2011-11-16 16:52:00,1,220,United Kingdom,444.68,22,0
18008.0,2011-09-30 15:17:00,2011-01-25 12:26:00,9,1581,United Kingdom,2116.19,69,0
18009.0,2011-04-18 13:36:00,2011-04-18 13:36:00,1,125,United Kingdom,247.39,234,1
18010.0,2011-03-28 12:27:00,2011-03-28 12:27:00,1,60,United Kingdom,174.8,256,1
18011.0,2010-12-01 17:35:00,2010-12-01 17:35:00,1,71,United Kingdom,102.78999999999999,372,1
18013.0,2011-07-07 14:11:00,2011-07-07 14:08:00,2,285,United Kingdom,187.29,154,0
18014.0,2011-11-11 15:28:00,2011-11-11 15:28:00,1,66,United Kingdom,162.22,27,0
18015.0,2011-12-05 14:49:00,2011-12-05 14:49:00,1,157,United Kingdom,120.03,3,0
18016.0,2011-11-07 13:25:00,2010-12-10 17:14:00,5,1027,United Kingdom,1477.66,31,0
18017.0,2011-09-19 16:15:00,2011-02-02 13:57:00,3,300,United Kingdom,523.0,80,0
18018.0,2011-08-23 17:37:00,2011-05-24 13:22:00,2,55,United Kingdom,122.14,107,0
18019.0,2011-10-19 12:10:00,2011-10-19 12:10:00,1,7,United Kingdom,38.45,51,0
18022.0,2011-11-04 12:45:00,2011-11-04 12:45:00,1,703,United Kingdom,612.72,35,0
18024.0,2011-07-10 12:40:00,2011-07-10 12:28:00,2,184,United Kingdom,389.78,152,0
18027.0,2011-09-02 10:38:00,2011-09-02 10:38:00,1,78,United Kingdom,115.31,98,0
18030.0,2011-12-05 16:37:00,2011-10-28 13:55:00,2,67,United Kingdom,230.64999999999998,3,0
18032.0,2011-01-09 15:32:00,2011-01-09 15:32:00,1,42,United Kingdom,73.5,333,1
18033.0,2011-10-05 17:28:00,2011-10-05 17:28:00,1,252,United Kingdom,93.82000000000001,64,0
18034.0,2011-11-18 12:22:00,2011-11-18 12:08:00,2,559,United Kingdom,418.68,21,0
18035.0,2011-11-04 12:39:00,2011-10-27 17:48:00,3,584,United Kingdom,713.89,35,0
18036.0,2011-11-07 14:40:00,2011-04-08 11:26:00,3,232,United Kingdom,403.12,31,0
18037.0,2011-07-08 13:39:00,2010-12-12 16:20:00,6,20,United Kingdom,70.02,153,0
18040.0,2011-11-20 14:20:00,2011-04-08 08:27:00,2,148,United Kingdom,357.20000000000005,18,0
18041.0,2011-11-28 11:39:00,2010-12-02 11:21:00,21,3758,United Kingdom,4097.37,11,0
18042.0,2011-10-17 11:49:00,2011-10-17 11:49:00,1,33,United Kingdom,165.04999999999998,53,0
18043.0,2011-11-15 12:48:00,2010-12-08 12:35:00,3,265,United Kingdom,529.29,24,0
18044.0,2011-12-05 14:26:00,2010-12-14 12:25:00,10,1033,United Kingdom,2088.6,3,0
18045.0,2011-10-25 13:07:00,2011-10-25 13:07:00,1,138,United Kingdom,178.34,44,0
18048.0,2011-05-20 14:58:00,2011-05-20 14:54:00,2,127,United Kingdom,172.29000000000002,202,1
18050.0,2010-12-15 14:25:00,2010-12-15 14:25:00,1,40,United Kingdom,74.4,358,1
18053.0,2011-09-30 09:05:00,2011-09-30 09:05:00,1,302,United Kingdom,300.02,70,0
18055.0,2011-12-02 14:25:00,2010-12-05 10:52:00,10,2452,United Kingdom,6761.34,6,0
18056.0,2011-02-24 14:27:00,2011-02-24 14:27:00,1,211,United Kingdom,363.65,287,1
18058.0,2011-11-30 08:38:00,2011-11-30 08:38:00,1,88,United Kingdom,170.16,9,0
18059.0,2011-11-16 16:49:00,2011-10-03 09:30:00,3,258,United Kingdom,306.46,22,0
18061.0,2011-11-18 11:20:00,2010-12-08 13:03:00,10,955,United Kingdom,2119.41,21,0
18062.0,2011-06-19 14:47:00,2011-01-06 10:03:00,3,396,United Kingdom,720.52,172,0
18064.0,2011-07-29 16:39:00,2011-04-18 15:08:00,2,384,United Kingdom,814.0,132,0
18065.0,2011-12-04 10:30:00,2010-12-10 12:44:00,14,1027,United Kingdom,2392.83,5,0
18066.0,2011-09-25 15:30:00,2011-09-25 15:30:00,1,108,United Kingdom,318.0,74,0
18067.0,2011-10-30 15:58:00,2011-10-30 15:58:00,1,189,United Kingdom,396.33,39,0
18068.0,2011-02-23 14:50:00,2011-02-23 14:50:00,1,6,United Kingdom,101.69999999999999,288,1
18069.0,2011-11-13 16:03:00,2011-01-16 15:50:00,5,1296,United Kingdom,2009.24,25,0
18071.0,2011-03-27 11:59:00,2010-12-09 10:33:00,2,260,United Kingdom,453.0,257,1
18072.0,2011-06-07 10:44:00,2011-06-07 10:44:00,1,288,United Kingdom,247.44,185,1
18073.0,2011-08-17 14:02:00,2011-05-26 19:38:00,12,3102,United Kingdom,3859.82,113,0
18074.0,2010-12-01 09:53:00,2010-12-01 09:53:00,1,190,United Kingdom,489.6,373,1
18075.0,2011-11-16 15:21:00,2010-12-14 10:48:00,10,1464,United Kingdom,2611.75,22,0
18077.0,2011-12-01 13:32:00,2010-12-08 10:21:00,11,1839,United Kingdom,2584.41,7,0
18078.0,2011-05-06 14:32:00,2011-03-25 15:08:00,2,145,United Kingdom,336.13,216,1
18079.0,2011-10-25 15:27:00,2011-04-15 12:14:00,4,7347,United Kingdom,3613.15,44,0
18080.0,2011-11-21 08:02:00,2011-04-11 10:10:00,2,642,United Kingdom,1231.5,18,0
18081.0,2011-11-03 16:30:00,2011-07-29 11:56:00,3,195,United Kingdom,343.45,35,0
18082.0,2011-11-14 12:45:00,2011-11-14 12:45:00,1,608,United Kingdom,680.84,25,0
18084.0,2011-11-23 13:57:00,2011-11-23 13:57:00,1,312,United Kingdom,90.47999999999999,15,0
18085.0,2011-01-13 15:17:00,2010-12-01 12:08:00,2,265,United Kingdom,689.95,329,1
18086.0,2011-03-10 13:34:00,2011-03-10 13:34:00,1,106,United Kingdom,101.34,273,1
18087.0,2011-09-02 15:12:00,2011-02-22 10:43:00,2,3907,United Kingdom,4055.7199999999993,97,0
18088.0,2011-10-09 13:41:00,2011-10-09 13:41:00,1,107,United Kingdom,166.03,60,0
18092.0,2011-12-07 13:14:00,2010-12-09 10:00:00,11,4252,United Kingdom,9068.26,1,0
18093.0,2011-09-07 15:43:00,2011-02-10 12:15:00,4,1392,United Kingdom,2106.52,92,0
18094.0,2011-09-19 09:28:00,2011-02-21 08:50:00,7,2518,United Kingdom,3017.3,81,0
18095.0,2011-01-31 12:50:00,2011-01-11 12:37:00,2,419,United Kingdom,580.0500000000001,312,1
18096.0,2011-11-28 12:44:00,2011-10-07 11:55:00,3,788,United Kingdom,849.06,11,0
18097.0,2011-12-02 11:16:00,2010-12-20 14:49:00,6,1662,United Kingdom,2662.4,7,0
18099.0,2011-08-04 15:52:00,2011-08-04 15:52:00,1,149,United Kingdom,168.31,126,0
18101.0,2011-11-28 13:37:00,2011-07-19 13:05:00,2,87,United Kingdom,222.4,10,0
18102.0,2011-12-09 11:50:00,2010-12-07 16:42:00,60,64124,United Kingdom,259657.3,0,0
18104.0,2011-11-02 14:07:00,2011-11-02 14:07:00,1,362,United Kingdom,754.64,36,0
18105.0,2011-11-02 12:04:00,2011-11-02 12:04:00,1,46,United Kingdom,113.48000000000002,37,0
18106.0,2011-01-14 12:23:00,2011-01-14 12:23:00,1,126,United Kingdom,421.9,329,1
18108.0,2011-03-30 13:56:00,2011-03-30 13:56:00,1,84,United Kingdom,271.0,253,1
18109.0,2011-12-08 11:36:00,2010-12-05 10:58:00,26,4230,United Kingdom,8004.92,1,0
18110.0,2011-11-20 12:34:00,2011-11-20 12:34:00,1,72,United Kingdom,198.8,19,0
18112.0,2011-11-27 14:43:00,2011-06-26 13:56:00,2,255,United Kingdom,352.69,11,0
18113.0,2010-12-06 12:31:00,2010-12-06 12:31:00,1,72,United Kingdom,76.32000000000001,368,1
18114.0,2011-02-22 13:20:00,2011-02-22 13:20:00,1,55,United Kingdom,220.1,289,1
18116.0,2011-10-03 11:00:00,2010-12-10 12:14:00,8,837,United Kingdom,1403.1100000000001,67,0
18117.0,2011-11-14 12:47:00,2011-11-14 12:47:00,1,605,United Kingdom,315.65,25,0
18118.0,2011-11-29 11:32:00,2010-12-05 12:13:00,26,2865,United Kingdom,5625.08,10,0
18119.0,2010-12-07 11:59:00,2010-12-07 11:59:00,1,124,United Kingdom,180.7,367,1
18120.0,2011-05-09 13:45:00,2011-05-09 13:45:00,1,31,United Kingdom,111.15,213,1
18121.0,2011-07-13 12:53:00,2011-07-08 12:14:00,2,438,United Kingdom,653.3,148,0
18122.0,2011-12-01 13:08:00,2011-07-12 11:37:00,6,1225,United Kingdom,1793.06,7,0
18123.0,2011-11-15 14:23:00,2011-11-08 13:31:00,2,582,United Kingdom,574.4399999999999,23,0
18125.0,2011-11-10 12:29:00,2011-01-27 15:02:00,4,800,United Kingdom,1131.75,29,0
18126.0,2011-10-10 12:19:00,2011-10-10 12:19:00,1,135,United Kingdom,200.92000000000002,60,0
18127.0,2011-11-20 14:05:00,2011-07-29 10:06:00,3,187,United Kingdom,347.08,18,0
18129.0,2011-04-10 14:16:00,2011-04-10 14:16:00,1,48,United Kingdom,112.55000000000001,242,1
18130.0,2011-11-24 14:40:00,2011-10-13 15:58:00,3,824,United Kingdom,1059.39,14,0
18133.0,2011-05-11 14:14:00,2011-05-11 14:14:00,1,1350,United Kingdom,931.4999999999999,211,1
18135.0,2011-11-10 19:32:00,2011-06-02 14:04:00,5,349,United Kingdom,681.9100000000001,28,0
18136.0,2011-10-07 15:40:00,2011-01-24 12:08:00,3,379,United Kingdom,784.33,62,0
18138.0,2011-02-17 14:51:00,2011-02-17 14:51:00,1,38,United Kingdom,152.65,294,1
18139.0,2011-11-22 10:44:00,2011-11-21 14:06:00,6,5557,United Kingdom,8438.34,17,0
18142.0,2011-07-05 13:19:00,2011-05-08 12:31:00,2,1276,United Kingdom,1019.52,156,0
18143.0,2011-08-15 12:07:00,2011-07-21 10:44:00,2,570,United Kingdom,1000.16,116,0
18144.0,2011-12-02 12:46:00,2010-12-01 13:45:00,12,1343,United Kingdom,2888.75,7,0
18145.0,2011-11-27 11:22:00,2011-01-31 12:10:00,4,2625,United Kingdom,2861.55,12,0
18146.0,2011-07-22 12:08:00,2011-05-03 16:35:00,2,153,United Kingdom,160.35000000000002,140,0
18147.0,2011-10-25 11:46:00,2011-08-23 12:22:00,2,203,United Kingdom,179.33999999999997,45,0
18149.0,2011-10-20 12:04:00,2011-03-11 12:44:00,3,310,United Kingdom,612.0799999999999,50,0
18150.0,2011-11-07 16:49:00,2011-05-22 10:47:00,3,332,United Kingdom,566.58,31,0
18151.0,2011-07-28 11:35:00,2011-02-23 08:29:00,2,355,United Kingdom,653.35,134,0
18154.0,2011-12-06 16:41:00,2011-10-27 10:40:00,2,255,United Kingdom,399.19,2,0
18155.0,2011-09-25 13:32:00,2011-02-21 10:36:00,3,266,United Kingdom,371.62,74,0
18156.0,2011-11-27 12:24:00,2010-12-05 12:29:00,2,283,United Kingdom,675.64,12,0
18158.0,2011-11-30 16:19:00,2011-09-12 09:03:00,2,354,United Kingdom,453.4,8,0
18159.0,2011-02-11 14:26:00,2011-02-11 14:26:00,1,139,United Kingdom,530.15,300,1
18160.0,2011-10-13 15:50:00,2011-05-23 13:41:00,2,294,United Kingdom,638.0600000000001,56,0
18161.0,2011-11-24 16:40:00,2011-01-24 11:56:00,5,812,United Kingdom,1618.69,14,0
18164.0,2011-11-02 12:56:00,2011-11-02 12:56:00,1,184,United Kingdom,399.65000000000003,36,0
18165.0,2011-06-15 13:23:00,2011-06-15 13:23:00,1,254,United Kingdom,302.46000000000004,176,0
18167.0,2011-11-16 15:56:00,2011-08-26 11:40:00,3,382,United Kingdom,1384.8600000000001,22,0
18168.0,2011-06-16 19:21:00,2010-12-02 18:08:00,6,592,United Kingdom,1160.04,175,0
18169.0,2011-10-10 12:18:00,2011-10-10 12:18:00,1,61,United Kingdom,202.65,60,0
18170.0,2011-11-06 14:35:00,2011-05-06 15:13:00,3,409,United Kingdom,980.31,32,0
18171.0,2011-10-12 09:13:00,2011-01-10 09:55:00,5,481,United Kingdom,1231.31,58,0
18172.0,2011-11-25 11:12:00,2011-02-23 10:44:00,20,3184,United Kingdom,7561.68,14,0
18173.0,2011-09-14 11:26:00,2011-03-10 11:56:00,4,1220,United Kingdom,2106.84,86,0
18174.0,2011-12-02 16:56:00,2011-12-02 16:56:00,1,50,United Kingdom,104.0,6,0
18176.0,2010-12-16 15:45:00,2010-12-16 15:45:00,1,283,United Kingdom,476.35,357,1
18177.0,2011-11-08 14:44:00,2011-03-29 08:46:00,6,709,United Kingdom,1340.8700000000001,30,0
18178.0,2011-08-03 09:30:00,2010-12-10 12:42:00,4,983,United Kingdom,1590.81,128,0
18179.0,2011-11-30 16:23:00,2011-01-07 14:22:00,6,1360,United Kingdom,1793.17,8,0
18180.0,2011-12-05 08:39:00,2011-07-20 08:59:00,6,1721,United Kingdom,1843.75,4,0
18181.0,2011-11-15 15:08:00,2011-11-15 15:08:00,1,133,United Kingdom,366.85,23,0
18183.0,2011-04-26 15:26:00,2011-03-10 10:08:00,2,371,United Kingdom,632.07,226,1
18184.0,2011-11-24 15:28:00,2011-11-24 15:28:00,1,60,United Kingdom,49.8,14,0
18185.0,2011-04-04 13:42:00,2011-04-04 13:42:00,1,183,United Kingdom,304.25,248,1
18188.0,2011-11-24 16:46:00,2011-02-22 14:43:00,3,1168,United Kingdom,2001.04,14,0
18189.0,2011-09-23 12:40:00,2011-03-17 09:49:00,2,566,United Kingdom,1090.24,77,0
18190.0,2011-05-31 14:48:00,2011-01-13 10:35:00,2,140,United Kingdom,284.46000000000004,191,1
18191.0,2011-03-23 12:08:00,2011-03-23 12:08:00,1,140,United Kingdom,207.79999999999998,261,1
18192.0,2011-09-29 09:53:00,2011-09-29 09:53:00,1,339,United Kingdom,957.97,71,0
18193.0,2011-06-27 13:58:00,2011-06-27 13:58:00,1,124,United Kingdom,243.76,164,0
18194.0,2011-09-18 13:29:00,2011-09-18 13:29:00,1,632,United Kingdom,973.8399999999999,81,0
18196.0,2011-09-05 16:22:00,2011-02-22 16:13:00,2,431,United Kingdom,686.63,94,0
18198.0,2011-12-05 14:49:00,2011-01-07 13:39:00,17,4074,United Kingdom,5425.56,3,0
18200.0,2011-08-25 18:45:00,2011-08-25 18:45:00,1,104,United Kingdom,150.35,105,0
18202.0,2011-05-24 12:12:00,2011-02-01 13:36:00,3,581,United Kingdom,1396.99,199,1
18203.0,2011-07-05 13:07:00,2011-07-05 13:07:00,1,43,United Kingdom,160.42000000000002,156,0
18204.0,2011-09-29 16:44:00,2011-05-31 15:26:00,3,1190,United Kingdom,1975.35,70,0
18205.0,2011-11-03 13:22:00,2011-09-26 12:02:00,2,192,United Kingdom,517.36,35,0
18209.0,2011-11-11 12:07:00,2011-11-11 12:07:00,1,58,United Kingdom,139.10000000000002,28,0
18210.0,2011-12-08 11:02:00,2011-03-17 16:58:00,6,1398,United Kingdom,2621.38,1,0
18211.0,2011-11-14 08:10:00,2011-03-06 12:09:00,5,359,United Kingdom,600.07,25,0
18212.0,2011-01-17 16:14:00,2011-01-17 16:14:00,1,92,United Kingdom,216.07,325,1
18213.0,2011-04-17 10:21:00,2011-04-17 10:21:00,1,232,United Kingdom,232.48000000000002,236,1
18215.0,2011-09-11 16:05:00,2011-09-11 16:05:00,1,118,United Kingdom,299.34000000000003,88,0
18216.0,2011-11-08 16:55:00,2011-11-08 16:55:00,1,200,United Kingdom,481.75,30,0
18217.0,2011-11-10 13:18:00,2011-09-30 10:44:00,2,491,United Kingdom,621.75,28,0
18218.0,2011-05-12 12:53:00,2011-03-03 12:24:00,2,536,United Kingdom,641.92,210,1
18219.0,2011-12-07 11:43:00,2010-12-06 10:05:00,10,885,United Kingdom,2069.77,2,0
18220.0,2011-04-27 09:03:00,2011-04-27 09:03:00,1,288,United Kingdom,305.28000000000003,226,1
18221.0,2011-11-17 14:40:00,2011-05-12 14:13:00,5,791,United Kingdom,1041.61,21,0
18222.0,2011-09-08 10:45:00,2011-09-08 10:45:00,1,335,United Kingdom,443.0,92,0
18223.0,2011-12-05 09:11:00,2010-12-16 16:42:00,14,2948,United Kingdom,6484.54,4,0
18224.0,2011-03-21 10:30:00,2011-03-21 10:30:00,1,69,United Kingdom,158.95000000000002,263,1
18225.0,2011-12-06 13:27:00,2010-12-09 15:46:00,12,3242,United Kingdom,5504.96,2,0
18226.0,2011-10-26 13:36:00,2011-01-06 09:00:00,11,3466,United Kingdom,5228.05,43,0
18227.0,2011-05-06 12:23:00,2011-05-06 12:23:00,1,21,United Kingdom,93.75,217,1
18228.0,2011-10-14 09:21:00,2011-09-21 10:48:00,2,238,United Kingdom,779.9,56,0
18229.0,2011-11-28 09:48:00,2010-12-01 16:25:00,20,2488,United Kingdom,7276.900000000001,11,0
18230.0,2011-11-30 13:22:00,2011-02-10 13:06:00,7,1316,United Kingdom,2810.2000000000003,8,0
18231.0,2011-05-31 14:18:00,2011-02-24 09:08:00,5,819,United Kingdom,2071.77,191,1
18232.0,2011-09-19 11:49:00,2011-05-26 16:30:00,4,302,United Kingdom,592.97,81,0
18233.0,2011-01-18 08:44:00,2011-01-18 08:44:00,1,4,United Kingdom,440.0,325,1
18235.0,2011-09-29 08:27:00,2011-05-06 13:35:00,3,1578,United Kingdom,1796.48,71,0
18236.0,2011-11-10 08:06:00,2011-04-13 09:52:00,6,403,United Kingdom,882.24,29,0
18237.0,2011-12-07 12:49:00,2011-07-28 13:05:00,5,622,United Kingdom,987.1,2,0
18239.0,2011-05-05 12:38:00,2010-12-02 17:48:00,5,795,United Kingdom,1561.6100000000001,218,1
18240.0,2011-10-24 13:06:00,2011-10-24 13:06:00,1,126,United Kingdom,422.58,45,0
18241.0,2011-11-30 12:10:00,2011-05-06 09:22:00,17,1051,United Kingdom,2073.09,9,0
18242.0,2011-09-28 13:43:00,2011-05-10 11:20:00,4,1017,United Kingdom,2232.4900000000002,71,0
18245.0,2011-12-02 14:48:00,2010-12-19 14:58:00,7,1788,United Kingdom,2567.06,6,0
18246.0,2011-11-16 11:49:00,2011-04-20 13:55:00,2,166,United Kingdom,596.1,23,0
18248.0,2011-08-09 10:19:00,2011-06-06 13:18:00,2,511,United Kingdom,804.02,122,0
18249.0,2011-11-22 15:07:00,2011-11-22 15:07:00,1,128,United Kingdom,95.34,16,0
18250.0,2011-02-02 13:16:00,2011-02-02 13:16:00,1,199,United Kingdom,349.27,309,1
18251.0,2011-09-13 15:03:00,2011-09-13 15:03:00,1,7824,United Kingdom,4314.72,86,0
18252.0,2011-10-20 12:43:00,2011-06-21 11:47:00,2,234,United Kingdom,518.27,50,0
18255.0,2011-09-11 13:16:00,2011-09-11 13:16:00,1,74,United Kingdom,103.3,88,0
18257.0,2011-10-31 14:48:00,2011-02-16 15:13:00,8,1041,United Kingdom,2337.63,38,0
18259.0,2011-11-15 12:34:00,2010-12-08 13:38:00,3,714,United Kingdom,2338.6000000000004,24,0
18260.0,2011-06-20 12:37:00,2010-12-16 18:23:00,6,1475,United Kingdom,2628.35,172,0
18261.0,2011-10-27 15:36:00,2011-09-05 09:34:00,2,146,United Kingdom,324.24,42,0
18262.0,2011-07-22 16:04:00,2011-07-22 16:04:00,1,182,United Kingdom,149.48,139,0
18263.0,2011-11-14 09:00:00,2011-04-01 11:48:00,3,1468,United Kingdom,1213.1599999999999,25,0
18265.0,2011-09-28 14:10:00,2011-07-04 15:26:00,2,311,United Kingdom,801.51,71,0
18268.0,2011-07-28 19:13:00,2011-07-28 19:13:00,1,2,United Kingdom,25.5,133,0
18269.0,2010-12-08 13:53:00,2010-12-08 13:53:00,1,76,United Kingdom,168.6,365,1
18270.0,2011-11-01 13:57:00,2011-03-18 12:41:00,2,101,United Kingdom,283.15,37,0
18272.0,2011-12-07 12:43:00,2011-04-07 09:35:00,6,2050,United Kingdom,3078.58,2,0
18273.0,2011-12-07 13:16:00,2011-03-27 11:22:00,3,80,United Kingdom,204.0,1,0
18274.0,2011-11-09 17:03:00,2011-11-09 17:03:00,1,88,United Kingdom,175.92,29,0
18276.0,2011-10-27 10:54:00,2011-10-27 10:54:00,1,186,United Kingdom,335.86,43,0
18277.0,2011-10-12 15:22:00,2011-10-12 15:22:00,1,68,United Kingdom,110.38,57,0
18278.0,2011-09-27 11:58:00,2011-09-27 11:58:00,1,66,United Kingdom,173.9,73,0
18280.0,2011-03-07 09:52:00,2011-03-07 09:52:00,1,45,United Kingdom,180.60000000000002,277,1
18281.0,2011-06-12 10:53:00,2011-06-12 10:53:00,1,54,United Kingdom,80.82,180,0
18282.0,2011-12-02 11:43:00,2011-08-05 13:35:00,2,103,United Kingdom,178.05,7,0
18283.0,2011-12-06 12:02:00,2011-01-06 14:14:00,16,1357,United Kingdom,2045.53,3,0
18287.0,2011-10-28 09:29:00,2011-05-22 10:39:00,3,1586,United Kingdom,1837.28,42,0
