total_transactions,total_quantity,country,total_spend,days_since_last_purchase,customer_lifetime_days
0.117196485,-0.19899867,-0.002112294,-0.012147848,7.5801353,0.30021206
-0.22908767,-0.17847985,0.00038731797,0.0014842901,-5.885635,-0.9828394
-0.2299862,-0.180361,0.0035314327,-0.00411999,-5.885635,-0.9775995
0.0926459,-0.31705725,0.008686075,0.00393728,-5.885635,0.29984137
0.09803102,0.08174227,0.0044612433,0.018032832,7.5801353,0.31962353
-0.24309106,-0.16307688,0.00038731797,0.0019573146,-5.885635,-0.98471195
0.09126778,0.2590601,0.0026386725,-0.054158024,7.5801353,0.32117784
0.1276598,-0.24621902,-0.008906891,-0.0072605256,7.5801353,0.30282447
0.07911366,0.005162612,0.009694397,0.011043321,7.5801353,0.31989577
-0.04978782,-0.16355793,-0.004557478,0.029989298,-5.885635,-0.9675827
0.117196485,-0.2761713,-0.002112294,-0.012147848,-5.885635,0.2925836
-0.00053066574,-0.06356992,0.0029836325,-0.017121263,-5.885635,-0.059471242
-0.22789498,-0.1949023,0.0035314327,0.0014842901,-5.885635,-0.9707537
-0.02307221,-0.28580865,0.0029836325,0.0473997,-5.885635,-0.060649496
0.08762572,0.2256545,-0.0040962296,-0.021654041,7.5801353,0.32106984
-0.22908767,-0.1800519,0.0035314327,0.0014842901,-5.885635,-0.9844114
-0.034616813,-0.15494272,-0.00025368907,-0.03783649,-5.885635,-0.07789632
-0.25898367,-0.34108466,0.0029836325,-0.0650225,-5.885635,0.095726885
0.010268589,0.10899793,0.013919229,-0.04478021,7.5801353,0.29972956
0.08755266,0.04291419,0.0016654558,-0.08616339,-5.885635,0.296682
-0.22996755,-0.1802125,0.0035314327,0.0014842901,-5.885635,-0.98337096
0.08465025,-0.28737715,-0.00039972086,0.112000674,-5.885635,0.1369845
-0.06634623,-0.19516367,0.0035314327,-0.014786794,-5.885635,-0.9584327
0.09803102,0.07599214,0.009694397,0.008553114,7.5801353,0.31711295
0.11790829,-0.045515027,0.01391923,-0.07048642,-5.885635,0.30177283
-0.02069059,0.08451994,0.002051149,-0.005669387,-5.885635,0.19240707
0.09038836,-0.29989797,-0.00039972086,0.074695185,7.5801353,0.13427973
0.117196485,-0.2761713,-0.002112294,-0.012147848,-5.885635,0.2925836
-0.019524988,-0.10166888,0.0029836325,0.03806543,-5.885635,0.19966397
-0.2325271,-0.29088056,0.0035314327,-0.01790284,-5.885635,-0.29654574
-0.25573424,-0.3193389,-0.0022495217,-0.028147545,-5.885635,0.07941354
-0.24295199,-0.2783112,0.0035314327,-0.01908081,7.5801353,-0.35208166
0.012541002,0.17075887,-0.00025368907,-0.0076937783,-5.885635,0.22515163
-0.02321953,-0.11821826,0.0020511495,-0.0018785624,7.5801353,0.12326061
-0.22836022,-0.1947417,0.0035314327,-0.0029420215,-5.885635,-0.9660228
0.11824504,-0.05441558,0.009694397,-0.017909307,-5.885635,0.31978983
0.10601563,-0.056272727,0.009694397,0.0018264205,-5.885635,0.31665987
-0.22684513,-0.20059693,0.0035314327,-0.0006088702,-5.885635,-0.9640158
0.039096788,-0.32586035,0.0029836325,-0.03810856,-5.885635,-0.058405694
-0.22908767,-0.19266912,0.0035314327,0.0014842901,-5.885635,-0.9717942
0.053015027,-0.31136537,0.0029836325,0.04157067,-5.885635,0.1540963
0.1216226,-0.2910096,-0.002112294,-0.015379947,-5.885635,0.3062279
-0.22334251,-0.33920366,0.0029836325,-0.025001466,-5.885635,-0.08806411
0.09126778,0.2590601,0.0026386725,-0.054158024,7.5801353,0.32117784
0.09266496,0.21548416,-0.0040962296,0.0077517163,7.5801353,0.32305825
0.09523825,0.17927192,0.0039327117,-0.021865994,-5.885635,0.31365559
0.0926459,-0.33864722,0.01391923,-0.0020121275,-5.885635,0.29894924
0.030400138,-0.27595425,0.0035314327,0.038124237,-5.885635,-0.29950655
-0.22791363,-0.1950508,0.0035314327,-0.00411999,-5.885635,-0.9649823
-0.2292401,-0.1949023,0.0035314327,-0.0029420215,-5.885635,-0.9649823
-0.014143001,-0.11710415,-0.00039972086,0.040956035,-5.885635,0.20225522
-0.0133627,0.012552612,-0.002112294,-0.10143719,7.5801353,0.29296234
-0.058642235,-0.34406465,0.0029836325,-0.060898095,-5.885635,0.1343643
-0.09682735,-0.033801794,0.0035314327,-0.03439614,-5.885635,-1.0180233
-0.11618081,-0.052256275,0.0020511495,0.00062074617,7.5801353,0.18690485
-0.22908767,-0.1452798,0.0035314327,0.0014842901,-5.885635,-1.0191836
-0.2270151,-0.1947417,0.0035314327,0.0014842901,-5.885635,-0.9717942
0.117421284,-0.07421963,-0.002112294,-0.080793485,-5.885635,0.30192232
0.11790829,-0.0425233,0.009694397,0.0050284937,-5.885635,0.32308173
-0.19959483,-0.14434151,-0.004557478,-0.031028831,-5.885635,-0.9563436
-0.11780943,-0.035636943,0.0035314327,-0.03849246,-5.885635,-1.0236624
-0.22703375,-0.1948902,0.0035314327,-0.00411999,-5.885635,-0.9660228
0.08832821,-0.25547567,0.01391923,0.06069445,-5.885635,0.31488663
0.1273458,-0.25908345,-0.008906891,-0.09570031,-5.885635,0.28232062
0.09860979,-0.07579389,0.0044612433,0.006615908,7.5801353,0.31215337
-0.08621997,-0.16207679,0.00038731797,-0.019076392,-5.885635,-0.9843127
-0.22908767,-0.1800519,0.0035314327,0.0014842901,-5.885635,-0.9844114
-0.22789498,-0.1949023,0.0035314327,0.0014842901,-5.885635,-0.9707537
0.08863232,0.18086971,-0.003567698,0.0040367898,-5.885635,0.32104388
-0.22908767,-0.1800519,0.0035314327,0.0014842901,-5.885635,-0.9844114
-0.24072057,-0.30195144,-0.0022495217,0.011760375,-5.885635,-0.07028638
-0.22908767,-0.14370775,0.00038731797,0.0014842901,-5.885635,-1.0176115
-0.021016132,-0.120418906,0.0035314327,-0.033428326,-5.885635,-0.46793124
0.031902432,-0.23763695,0.0035314327,0.043893963,-5.885635,-0.6504957
0.06725132,0.007985998,0.0044612433,0.010205684,-5.885635,0.3151765
-0.22908767,-0.1800519,0.0035314327,0.0014842901,-5.885635,-0.9844114
0.050418444,-0.299743,-0.0022495217,0.057098307,-5.885635,-0.06277451
0.08359309,0.181674,0.0016654558,-0.03472156,7.5801353,0.31885442
0.08755266,0.08197518,-0.0069878837,-0.056183927,-5.885635,0.30497634
-0.22896922,-0.2977636,-0.0022495217,0.011760375,-5.885635,-0.03301461
0.08769139,0.20349953,-0.033263963,-0.015535859,-5.885635,0.31619498
0.114914216,-0.02615844,-0.008906891,0.010462025,-5.885635,0.31627613
0.09799782,0.08995113,0.009694397,0.009848788,7.5801353,0.31370094
0.07492696,-0.053818773,-0.0082452595,1.3235607e-05,-5.885635,0.3059297
-0.24293336,-0.2781627,0.0035314327,-0.013476527,-5.885635,-0.3032837
0.009979055,0.18533894,-0.0067707645,-0.022948503,-5.885635,0.118296705
-0.22996755,-0.14593533,-0.0005096389,-0.0006493473,-5.885635,-1.0114734
-0.019372271,0.08984512,-0.0014506625,-0.019487761,-5.885635,0.31237173
0.13076669,-0.26311296,0.01391923,-0.090784475,-5.885635,0.28832117
0.10097524,-0.33992037,-0.008906891,-0.012348544,-5.885635,0.29192165
-0.2304328,-0.19266912,0.0035314327,-0.0029420215,-5.885635,-0.9660228
-0.050814882,-0.16562495,-0.0005096389,0.0321296,-5.885635,-0.9706768
-0.20347144,-0.26554835,-0.0005096389,-0.011024627,-5.885635,-0.38897458
0.013065591,-0.18004122,-0.0005096389,0.0026780944,-5.885635,-0.99618906
-0.015279105,-0.08937171,-0.00039972086,-0.0034793094,-5.885635,0.17398193
0.017140005,-0.17147103,-0.004557478,0.0028605326,-5.885635,-0.9848675
-0.21053796,-0.26540723,0.0035314327,-0.017344687,-5.885635,-0.63830334
-0.15633722,0.20544726,0.0035314325,-0.009055556,-5.885635,-1.1106484
-0.011063485,-0.2984409,0.0029836325,-0.07342549,-5.885635,-0.034458254
-0.0037009534,-0.077556424,-0.0022495217,-0.049080264,7.5801353,-0.060994525
-0.22908767,-0.14370775,0.00038731797,0.0014842901,-5.885635,-1.0176115
-0.22908767,-0.14370775,0.00038731797,0.0014842901,-5.885635,-1.0176115
-0.24500594,-0.2619008,0.00038731797,-0.013476527,-5.885635,-0.31432885
-0.22908767,-0.14370775,0.00038731797,0.0014842901,-5.885635,-1.0176115
0.13580485,-0.26240095,0.008686075,-0.090784475,-5.885635,0.2878042
-0.22908767,-0.17847985,0.00038731797,0.0014842901,-5.885635,-0.9828394
-0.22908767,-0.14370775,0.00038731797,0.0014842901,-5.885635,-1.0176115
0.08266486,-0.0018614823,0.008686075,-0.08995215,-5.885635,0.30006453
0.11715296,-0.07568998,0.0044612433,-0.014759019,-5.885635,0.32199243
-0.22789498,-0.19333023,0.00038731797,0.0014842901,-5.885635,-0.96918166
-0.22908767,-0.17847985,0.00038731797,0.0014842901,-5.885635,-0.9828394
-0.21660884,-0.20588756,-0.004557478,-0.0051618344,-5.885635,-0.9563196
-0.22908767,-0.17847985,-0.004557478,-0.0007355226,-5.885635,-0.97567475
-0.07444157,-0.26867586,0.0029836325,-0.034303218,-5.885635,0.11677549
0.09107057,0.16266535,0.009694397,0.022054458,7.5801353,0.32475126
-0.22908767,-0.1800519,0.0035314327,0.0014842901,-5.885635,-0.9844114
0.088044465,-0.08594724,0.009694397,0.010403335,-5.885635,0.30039483
-0.00052080886,0.10040351,-0.00495411,-7.65319e-05,-5.885635,0.1522955
-0.041538738,0.07434192,0.002051149,-0.011401489,-5.885635,0.16412437
-0.21036236,-0.21057588,0.0035314327,-0.014565389,-5.885635,-0.95656306
0.12527198,-0.31978008,0.008686075,-0.025373321,-5.885635,0.31328994
-0.13264562,0.07915258,-0.0031820047,0.0038931123,-5.885635,0.15226892
-0.22908767,-0.17847985,0.00038731797,0.0014842901,-5.885635,-0.9828394
0.12029613,-0.28318608,0.008686075,-0.0043452806,7.5801353,0.31103173
-0.22682647,-0.19887638,-0.004557478,0.002775597,-5.885635,-0.9610505
-0.021252478,0.17781633,-0.029458085,-0.029490568,-5.885635,0.11336638
0.09126778,0.2590601,0.0026386725,-0.054158024,7.5801353,0.32117784
-0.06940898,-0.28502685,-0.004557478,-0.034508035,-5.885635,-0.29334822
-0.023160081,-0.09616913,0.009694397,-0.0057459744,-5.885635,0.296897
0.08489793,0.2177042,-0.0040962296,-0.023181546,7.5801353,0.32062432
0.0019666962,-0.011751112,-0.004557478,0.0014306968,-5.885635,-0.42518947
-0.030109953,0.19686793,-0.029843777,-0.03754442,-5.885635,0.31772515
0.13391712,-0.1597126,0.009694397,0.0037418269,-5.885635,0.3122025
0.09898935,-0.04090122,0.008686075,0.023469986,7.5801353,0.32722998
0.10440835,0.15507771,0.0044612433,0.01257474,7.5801353,0.32120672
0.051464405,-0.3428882,-0.0022495217,-0.022775538,-5.885635,0.14151672
-0.24427846,-0.27659062,0.00038731797,-0.01790284,-5.885635,-0.2959402
-0.26767167,-0.30539227,-0.0022495217,-0.031369116,-5.885635,0.10823902
0.095904924,0.08077186,0.0044612433,0.021728829,-5.885635,0.31902406
-0.2292401,-0.19333023,0.00038731797,-0.0029420215,-5.885635,-0.96341026
0.11982788,-0.038692754,0.0044612433,0.0050284937,-5.885635,0.32256475
0.0022297644,0.09355773,-0.00495411,-0.051192272,-5.885635,0.104372606
-0.22596525,-0.20043635,0.0035314327,-0.0006088702,-5.885635,-0.96505624
-0.22908767,-0.14370775,0.00038731797,0.0014842901,-5.885635,-1.0176115
-0.0488712,-0.32247466,-0.0022495217,-0.024088018,-5.885635,0.15564731
-0.05660814,0.09542117,-0.00054516504,0.016423909,-5.885635,-1.068458
-0.22596525,-0.19886428,0.00038731797,-0.0006088702,-5.885635,-0.9634842
-0.22684513,-0.19902489,0.00038731797,-0.0006088702,-5.885635,-0.9624437
0.09296771,0.23456435,-0.029843777,-0.019651247,-5.885635,0.31689018
0.103231356,0.08324025,0.009694397,0.016135456,-5.885635,0.31804433
0.10237286,-0.35632873,0.008686075,-0.019589983,-5.885635,0.30252516
-0.023659406,-0.01185651,0.0029836325,-0.038737748,-5.885635,0.20539162
-0.019881118,-0.23358819,0.0029836325,0.08407773,-5.885635,0.13845867
0.095904924,0.08419551,-0.0082452595,0.0030550617,-5.885635,0.3127633
-0.22996755,-0.19125766,-0.004557478,-0.0007355226,-5.885635,-0.962017
-0.22908767,-0.14370775,-0.004557478,-0.0007355226,-5.885635,-1.0104469
-0.07042063,-0.19377041,-0.004557478,-0.015493298,-5.885635,-0.9670567
0.10440835,0.15507771,-0.0082452595,0.0074038142,-5.885635,0.31737408
0.0062057665,-0.2273181,-0.004557478,-0.006310978,-5.885635,-0.5003854
0.041693375,-0.34293973,-0.0071943174,-0.04016012,-5.885635,0.120202325
0.008377074,0.19665463,-0.0067707645,0.009877253,7.5801353,0.21536818
0.08599146,0.18948264,-0.026529064,-0.050042637,-5.885635,0.31346664
0.10194727,-0.35632873,-0.008906891,-0.028796183,-5.885635,0.296616
0.08762572,0.21027957,-0.033263963,-0.023886008,7.5801353,0.31572333
-0.028290924,0.16260026,-0.021814838,-0.03793936,-5.885635,0.3099784
-0.2270151,-0.1947417,0.0035314327,0.0014842901,-5.885635,-0.9717942
-0.008687228,-0.06233811,-0.0070482856,-0.0048838668,-5.885635,0.18008918
-0.22996755,-0.14386833,-0.004557478,-0.0007355226,-5.885635,-1.0094063
0.094718,0.08274653,-0.00019328739,0.0005563261,-5.885635,0.31641772
-0.014989375,-0.06799833,0.0044612433,-0.009730514,7.5801353,0.2932298
-0.02307221,-0.2800585,-0.0022495217,0.0473997,-5.885635,-0.061166476
0.0925919,0.0928748,-0.003567698,-0.0040868814,7.5801353,0.31643316
-0.2270151,-0.1947417,0.0035314327,0.0014842901,-5.885635,-0.9717942
0.10473091,0.13075748,0.009694397,-0.017343853,7.5801353,0.3127754
0.09438698,0.2429204,-0.033263963,-0.022234237,7.5801353,0.31553838
0.081207074,-0.10102192,0.0044612433,0.00092699856,-5.885635,0.30147782
-0.22908767,-0.1452798,0.0035314327,0.0014842901,-5.885635,-1.0191836
-0.2270151,-0.19316965,0.00038731797,0.0014842901,-5.885635,-0.9702222
-0.007423672,-0.3361273,0.0020511495,-0.035736136,-5.885635,0.14716586
-0.029811855,-0.095506266,-0.0022495217,0.03547966,-5.885635,0.15145075
0.09159351,0.26596472,-0.0040962296,-0.03112658,7.5801353,0.31972972
0.08533245,0.20886156,-0.0040962296,-4.0907762e-05,7.5801353,0.32305825
-0.21250512,-0.21232095,-0.004557478,-0.015075791,-5.885635,-0.94407594
-0.08490201,-0.14403488,0.0025989497,-0.01651191,-5.885635,-1.0084488
0.035454206,-0.19596036,0.00038731797,0.04190772,-5.885635,-0.97538877
0.09133006,-0.10450103,0.009694397,0.0037061307,-5.885635,0.31055087
0.07780648,-0.0035637561,0.0044612433,0.013417646,7.5801353,0.32097876
0.08755266,0.03801422,-0.003567698,-0.075181864,-5.885635,0.29599524
-0.030929958,-0.096985064,0.0020511495,-0.005625616,7.5801353,0.15858456
-0.22908767,-0.1452798,0.0035314327,0.0014842901,-5.885635,-1.0191836
-0.17755195,0.029776294,0.00038731797,-0.008165448,-5.885635,-1.0301405
0.051436204,-0.32393473,-0.0022495217,0.0549893,7.5801353,0.053035803
0.09159351,0.24126521,-0.029843777,-0.015205257,-5.885635,0.3169414
0.08769139,0.21826379,-0.0040962296,-0.026349625,-5.885635,0.32043937
0.08533245,0.20886156,-0.0040962296,-4.0907762e-05,-5.885635,0.32305825
-0.015835255,-0.0857766,0.0029836325,-0.033584025,-5.885635,0.1519236
0.03854112,-0.19059157,0.008686075,0.03450293,7.5801353,0.31107184
0.07769992,0.018279167,0.0044612433,0.004210737,7.5801353,0.32053554
-0.024034558,-0.05995175,-0.0031820047,-0.0022584274,-5.885635,-0.011223851
-0.074294455,0.14134021,0.002051149,0.025555931,-5.885635,0.15037349
-0.2270151,-0.19316965,0.00038731797,0.0014842901,-5.885635,-0.9702222
-0.010681075,-0.20090638,-0.004411446,-0.033442628,-5.885635,-0.987667
-0.22996755,-0.17864043,-0.004557478,-0.0007355226,-5.885635,-0.97463423
-0.2270151,-0.1947417,0.0035314327,0.0014842901,-5.885635,-0.9717942
-0.20421198,-0.2151437,0.0035314327,-0.0054254844,-5.885635,-0.96728563
-0.22729172,-0.19871578,0.00038731797,0.00056909805,-5.885635,-0.9634842
-0.06542038,0.16918285,-0.0031820047,0.009790428,7.5801353,-0.0003665816
0.08755266,0.008133202,0.0016654558,-0.12516932,-5.885635,0.28853527
0.07891519,0.14968164,-0.017590005,-0.10970466,-5.885635,0.29044724
-0.028430035,0.116152674,0.00082684436,0.01361909,-5.885635,-0.38737544
0.1216226,-0.2910096,-0.002112294,-0.015379947,-5.885635,0.3062279
-0.069690816,-0.19377041,0.00038731797,-0.023257753,-5.885635,-0.96496683
-0.25592032,-0.31811014,-0.0022495217,-0.031369116,-5.885635,0.10920554
0.10602168,-0.36566538,0.008686075,-0.024419587,-5.885635,0.30994493
0.09835997,-0.07077855,0.008686075,-0.06839935,-5.885635,0.2825876
-0.22789498,-0.19333023,0.00038731797,0.0014842901,-5.885635,-0.96918166
0.09491117,0.20675567,-0.021814838,0.018227667,7.5801353,0.32142565
-0.24427846,-0.2781627,0.0035314327,-0.01790284,-5.885635,-0.29751226
-0.0053877085,-0.0443051,0.0035314327,-0.039405927,-5.885635,-1.0302824
0.07249526,0.06023588,0.009694397,0.0009737738,-5.885635,0.31706637
0.08762572,0.21089025,-0.029843777,-0.021654041,-5.885635,0.31686404
-0.22908767,-0.17847985,0.00038731797,0.0014842901,-5.885635,-0.9828394
-0.07210249,-0.18421066,0.0035314327,-0.006518862,-5.885635,-0.97189736
-0.22908767,-0.14370775,0.00038731797,0.0014842901,-5.885635,-1.0176115
0.09159351,0.24297151,-0.029843777,-0.01683419,7.5801353,0.31686404
0.093195304,0.08181076,-0.003567698,0.017138777,7.5801353,0.31989786
-0.008687228,-0.09047434,0.0020511495,-0.021396331,-5.885635,0.1813831
0.053015027,-0.30561525,-0.0022495217,0.04157067,7.5801353,0.15357932
-0.22908767,-0.17847985,0.00038731797,0.0014842901,-5.885635,-0.9828394
-0.24191326,-0.25275472,-0.0022495217,0.011760375,-5.885635,-0.04959777
-0.06711032,-0.028554864,-0.0022495217,-0.011529796,-5.885635,0.19056183
0.025894038,-0.280092,0.0029836325,-0.017294839,-5.885635,0.10114998
0.08266486,-0.0046198904,0.009694397,-0.06692098,-5.885635,0.30512854
-0.21748872,-0.20604813,0.00038731797,-0.0029420215,-5.885635,-0.9624437
0.054341502,-0.32814986,-0.0022495217,0.04059989,-5.885635,0.14150289
-0.22908767,-0.1800519,0.0035314327,0.0014842901,-5.885635,-0.9844114
0.100048766,-0.37882912,-0.008906891,-0.12869595,-5.885635,0.27735266
0.078885995,0.08743058,-0.0082452595,0.006025095,7.5801353,0.31019783
-0.12084281,-0.08874428,0.0029836325,-0.036542587,-5.885635,0.12819421
0.09159351,0.24297151,-0.033263963,-0.0127188,-5.885635,0.31616884
-0.08505585,-0.26942894,-0.0022495217,0.015067169,-5.885635,0.15664306
-0.2270151,-0.1947417,0.0035314327,0.0014842901,-5.885635,-0.9717942
0.10685017,-0.047437225,0.0044612433,0.011528036,-5.885635,0.3143308
-0.21616225,-0.20619664,0.00038731797,-0.00411999,-5.885635,-0.9624437
0.051464405,-0.36443457,-0.00039972086,-0.003052386,-5.885635,0.12875974
-0.2270151,-0.19316965,0.00038731797,0.0014842901,-5.885635,-0.9702222
0.09420384,0.068447836,0.0044612433,0.023194227,-5.885635,0.31805885
-0.05525378,-0.32605013,-0.0031820047,-0.02589519,-5.885635,0.1577228
0.08079716,-0.115438886,0.0016654562,0.013989838,-5.885635,0.31355363
0.09438698,0.25768468,-0.0040962296,-0.019651247,7.5801353,0.32109597
0.1276598,-0.25196916,0.01391923,0.002796866,7.5801353,0.30882502
0.0864653,-0.2703108,-0.0022495217,0.08367343,-5.885635,-0.061807994
-0.14185242,0.060051125,-0.00054516504,-0.014017371,-5.885635,-1.0590264
-0.22789498,-0.1949023,0.0035314327,0.0014842901,-5.885635,-0.9707537
-0.25592032,-0.3462464,0.0029836325,-0.031161923,-5.885635,0.09764608
0.11982788,-0.041684482,0.008686075,-0.07048642,-5.885635,0.30125585
0.08468662,0.16767178,0.0024450435,-0.06624294,-5.885635,0.3156907
0.101970114,0.16178179,0.0016654558,0.0040367898,-5.885635,0.32156086
-0.22908767,-0.19109708,0.00038731797,0.0014842901,-5.885635,-0.9702222
-0.2270151,-0.1947417,0.0035314327,0.0014842901,-5.885635,-0.9717942
0.09126778,0.24429585,-0.023108877,-0.054158024,7.5801353,0.31697205
0.117421284,-0.066552274,0.009694397,0.004578123,-5.885635,0.3258013
-0.22789498,-0.19333023,0.00038731797,0.0014842901,-5.885635,-0.96918166
-0.021525674,-0.2939395,0.0029836325,0.03623076,-5.885635,0.1546543
-0.22789498,-0.1949023,0.0035314327,0.0014842901,-5.885635,-0.9707537
0.09417402,0.2405447,-0.0040962296,0.005550847,7.5801353,0.32305825
-0.0033185435,-0.036292344,-0.00054516504,-0.013554165,-5.885635,-1.0498149
-0.22060283,-0.28125778,0.0035314327,-0.013580083,-5.885635,-0.42286462
-0.21162523,-0.20583594,-0.004557478,-0.013293867,-5.885635,-0.9532227
-0.22908767,-0.1452798,0.0035314327,0.0014842901,-5.885635,-1.0191836
-0.22288181,-0.17301424,0.0035314327,-0.010090827,-5.885635,-0.9860799
-0.16132753,0.04285694,0.0029836325,0.04626867,-5.885635,0.1736049
-0.22908767,-0.1452798,0.0035314327,0.0014842901,-5.885635,-1.0191836
-0.22908767,-0.1452798,0.0035314327,0.0014842901,-5.885635,-1.0191836
-0.22908767,-0.1452798,0.0035314327,0.0014842901,-5.885635,-1.0191836
-0.22836022,-0.1947417,0.0035314327,-0.0029420215,-5.885635,-0.9660228
-0.26811826,-0.33321944,0.0029836325,-0.029983956,-5.885635,0.09563907
0.08468662,0.16767178,0.0024450435,-0.06624294,7.5801353,0.3156907
0.117196485,-0.26849627,0.008686075,-0.0022911555,-5.885635,0.29738745
0.041693375,-0.33279848,0.0029836325,-0.0476868,-5.885635,0.12305201
0.09107057,0.16266535,0.009694397,0.01257474,7.5801353,0.3217237
-0.1615392,0.029404413,0.0035314327,-0.00085472735,-5.885635,-1.0562363
-0.14532854,0.05574787,0.00038731797,-0.0068154195,-5.885635,-1.0593814
0.015279763,-0.2822256,0.0029836325,0.022329058,-5.885635,0.1535537
-0.12329585,0.14491537,0.0025989497,-0.020598818,-5.885635,-1.0833064
-0.08660238,-0.25587806,-0.0071943174,-0.0045717796,-5.885635,-0.08050414
-0.22996755,-0.1802125,0.0035314327,0.0014842901,-5.885635,-0.98337096
0.02107665,-0.3066646,0.00038731797,-0.05171762,-5.885635,-0.28181118
0.08533245,0.19409728,-0.029843777,-4.0907762e-05,-5.885635,0.31885245
0.093195304,0.06914646,-0.003567698,0.0059795477,-5.885635,0.31596673
-0.20338637,-0.28199643,0.0035314327,-0.01790284,-5.885635,-0.26932535
-0.22908767,-0.14370775,0.00038731797,0.0014842901,-5.885635,-1.0176115
0.09835997,-0.08179386,0.009694397,0.007115568,7.5801353,0.31267035
-0.22836022,-0.19316965,0.00038731797,-0.0029420215,-5.885635,-0.9644507
-0.22908767,-0.14370775,0.00038731797,0.0014842901,-5.885635,-1.0176115
-0.058642235,-0.32497737,-0.0022495217,-0.06110529,-5.885635,0.120717354
-0.21526374,-0.20588756,0.00038731797,0.0014842901,-5.885635,-0.9692556
0.1276598,-0.24621902,0.008686075,0.002796866,-5.885635,0.30830804
-0.22996755,-0.1802125,0.0035314327,0.0014842901,-5.885635,-0.98337096
0.095904924,0.08419551,-0.0082452595,-0.039067153,-5.885635,0.29931065
0.028482515,-0.34611276,0.0029836325,-0.01204032,-5.885635,-0.08241765
0.015279763,-0.27829087,-0.0022495217,0.022536246,-5.885635,0.18225801
0.06918224,0.06891517,0.0016654558,-0.011339096,-5.885635,0.31690356
-0.01618021,-0.12613212,0.0029836325,-0.03298528,-5.885635,0.18434715
-0.22908767,-0.14370775,0.00038731797,0.0014842901,-5.885635,-1.0176115
-0.22836022,-0.1947417,0.0035314327,-0.0029420215,-5.885635,-0.9660228
-0.23140489,-0.28881648,0.0029836325,0.038017306,-5.885635,0.14692423
-0.15270042,0.0010400309,0.0029836325,-0.009089822,-5.885635,0.18084303
-0.14323097,0.06542949,0.0035314327,0.004701041,-5.885635,-1.052445
0.09658409,0.07587136,0.0044612433,0.0055106785,7.5801353,0.31343135
-0.2304328,-0.1800519,0.0035314327,-0.0029420215,-5.885635,-0.97864
-0.22908767,-0.19266912,0.0035314327,0.0014842901,-5.885635,-0.9717942
-0.16241908,0.022221087,0.0035314327,-0.012915073,-5.885635,-1.0361127
0.07769992,0.00091360335,0.009694397,0.0043209065,-5.885635,0.32047153
-0.22908767,-0.1452798,0.0035314327,0.0014842901,-5.885635,-1.0191836
0.08863232,0.17511958,0.0016654558,0.0040367898,-5.885635,0.32156086
0.10440835,0.14740267,-0.0014506625,0.0076045077,7.5801353,0.31805384
0.090419196,0.2256034,-0.0040962296,-0.024471102,7.5801353,0.32109597
-0.0032820553,-0.05743217,0.0029836325,-0.023131095,7.5801353,0.21205682
0.0925919,0.08370102,0.0016654558,-6.375776e-05,7.5801353,0.31635064
0.0993709,0.14960401,-0.003567698,-0.07390645,7.5801353,0.31115595
0.00826476,-0.28680095,-0.00039972086,0.01829264,-5.885635,0.16361514
0.105542995,-0.06783716,0.009694397,0.01226354,-5.885635,0.3182598
-0.015994292,-0.08632347,-0.0014506625,-0.039719667,-5.885635,0.31102213
-0.22908767,-0.14370775,-0.004557478,-0.0007355226,-5.885635,-1.0104469
-0.2270151,-0.19523665,-0.0005096389,-0.0006493473,-5.885635,-0.96512455
-0.22908767,-0.14577475,-0.0005096389,-0.0006493473,-5.885635,-1.0125139
-0.22789498,-0.19539726,-0.0005096389,-0.0006493473,-5.885635,-0.964084
0.101970114,0.16753192,-0.0069878837,0.008152179,-5.885635,0.32034868
0.117196485,-0.26849627,0.008686075,-0.0022911555,-5.885635,0.29738745
-0.22908767,-0.14370775,0.00038731797,0.0014842901,-5.885635,-1.0176115
-0.014143001,-0.13181522,-0.0022495217,0.043182343,7.5801353,0.18233442
0.042607434,-0.31895244,-0.0022495217,0.048522245,7.5801353,0.17037249
0.099724345,0.17131974,-0.003567698,-0.034517452,-5.885635,0.31750932
-0.22908767,-0.17847985,-0.004557478,-0.0007355226,-5.885635,-0.97567475
0.029354623,-0.2723096,-0.004557478,0.033850297,-5.885635,-0.28974283
-0.0748422,-0.1871994,0.00038731797,-0.00018485857,-5.885635,-0.96935874
0.048603386,-0.32497418,-0.0071943174,0.07927546,-5.885635,0.13392907
-0.024332521,-0.03953021,-0.00054516504,-0.005496708,-5.885635,-1.0459452
0.10672282,-0.056787096,0.008686075,0.0020838347,7.5801353,0.3191191
-0.22908767,-0.14370775,-0.004557478,-0.0007355226,-5.885635,-1.0104469
0.116002426,-0.033962615,0.01391923,0.012230786,7.5801353,0.33153114
0.10698592,-0.34904873,0.008686075,-0.004822519,7.5801353,0.30621475
0.1276598,-0.24621902,-0.008906891,-0.0072605256,-5.885635,0.30282447
-0.21250512,-0.20974007,0.00038731797,-0.008655721,-5.885635,-0.9580217
-0.20421198,-0.2126279,0.00038731797,-0.012270083,-5.885635,-0.9598127
-0.2270151,-0.19316965,-0.004557478,-0.0007355226,-5.885635,-0.9630575
0.028864924,-0.21626793,0.0035314327,-0.009990017,-5.885635,-0.96713465
-0.21748872,-0.20604813,-0.004557478,-0.0051618344,-5.885635,-0.95527905
-0.26704976,-0.31717557,-0.0071943174,-0.022743244,-5.885635,0.104662366
-0.022959013,-0.076935716,-0.0082452595,-0.032531153,-5.885635,0.2861487
0.10270727,0.1553134,-0.0069878837,0.030398559,7.5801353,0.3238134
-0.090555646,0.01351823,-0.00054516504,0.038584817,-5.885635,-0.39847097
0.09126778,0.24429585,-0.023108877,-0.054158024,-5.885635,0.31697205
0.095904924,0.06821216,0.0044612433,0.021728829,7.5801353,0.31805885
0.08762572,0.21089025,-0.029843777,-0.021654041,7.5801353,0.31686404
0.06639079,-0.007110244,-0.0082452595,0.0066631734,7.5801353,0.31386277
-0.019872095,-0.11522977,-0.0070482856,-0.03178892,7.5801353,0.11066807
0.031079099,-0.35593766,-0.0071943174,-0.0037402567,-5.885635,0.13551793
0.090051726,0.15014733,-0.03452134,-0.029237792,-5.885635,0.30561715
0.08863232,0.18086971,-0.0069878837,0.008152179,7.5801353,0.32034868
-0.025300253,-0.16090369,0.00038731797,0.028425632,-5.885635,-0.34468228
0.10746258,-0.064006604,0.0044612433,0.01226354,7.5801353,0.31774282
-0.10041824,0.09913208,-0.004411446,0.02722175,-5.885635,-1.0986812
0.078961976,0.026717268,-0.0082452595,0.0065081352,-5.885635,0.31134385
-0.06530927,0.09800409,-0.0070482856,0.022215893,7.5801353,0.15250069
0.0925919,0.076891445,-0.003567698,-6.375776e-05,-5.885635,0.31486845
0.08769139,0.20349953,-0.033263963,-0.015535859,-5.885635,0.31619498
-0.00896625,-0.10101579,-0.0071943174,0.024085702,-5.885635,0.17835447
0.0034932774,0.18012866,-0.0070482856,-0.019533454,-5.885635,0.21639314
0.08489793,0.2177042,-0.0040962296,-0.023181546,7.5801353,0.32062432
0.0975257,-0.33973083,0.01391923,0.02272752,7.5801353,0.30806282
-0.20509186,-0.21264268,-0.0005096389,-0.0067428336,-5.885635,-0.96354824
0.09268705,0.2440296,0.00044951076,-0.05550661,7.5801353,0.31772083
0.01330292,-0.29183912,-0.00039972086,0.007599084,-5.885635,0.09634414
-0.13742012,0.13776296,-0.0005096389,-0.02714748,-5.885635,-1.0523725
0.07780648,-0.01181454,-0.0014506625,0.0084474115,-5.885635,0.31840158
-0.21040256,-0.21500692,-0.0005096389,-0.008651592,-5.885635,-0.9539646
-0.116522424,0.111760095,-0.00025368907,0.0113346055,-5.885635,0.15873384
-0.21587805,-0.28186846,-0.00039972086,0.018579049,-5.885635,-0.074907154
-0.023512937,-0.14149185,2.3832195e-05,-0.004584221,7.5801353,0.14318943
-0.24191326,-0.22565767,-0.00039972086,0.009741255,-5.885635,-0.07652549
0.09982413,0.16759461,-0.00019328739,0.0027611176,7.5801353,0.32102844
-0.021407632,0.07040222,-0.00025368907,0.0012884048,-5.885635,0.19109863
0.10401709,0.051964164,-0.0014506625,0.007739672,-5.885635,0.31187838
0.08936948,0.16097614,-0.00019328739,0.030599251,7.5801353,0.32449317
-0.21748872,-0.20811513,-0.0005096389,-0.0050756573,-5.885635,-0.9573461
0.09296771,0.27801946,0.00091238297,-0.013802061,-5.885635,0.32463625
-0.0033185435,-0.039251663,-0.0005096389,-0.042810917,-5.885635,-1.0176344
-0.22908767,-0.14577475,-0.0005096389,-0.0006493473,-5.885635,-1.0125139
-0.26899815,-0.3353049,-0.00039972086,-0.03200308,-5.885635,0.10400694
-0.22908767,-0.18054685,-0.0005096389,-0.0006493473,-5.885635,-0.9777418
0.013795411,-0.18004122,-0.0005096389,-0.0073061744,-5.885635,-0.9869346
-0.22596525,-0.20093131,-0.0005096389,-0.002742506,-5.885635,-0.9583866
-0.007252431,0.15013745,-0.00025368907,0.007781913,-5.885635,0.18079555
-0.12116008,0.24294628,-0.00025368907,0.031938903,7.5801353,0.18080452
0.10194727,-0.3765934,-0.002112294,-0.048023548,-5.885635,0.29515344
0.028864924,-0.21600688,-0.0005096389,-0.003579346,-5.885635,-0.96976525
0.086386554,0.17698249,-0.00019328739,-0.030201368,-5.885635,0.3174939
0.105147295,0.14537728,-0.00019328739,0.030420303,7.5801353,0.32449317
-0.20214497,-0.26569685,-0.0005096389,-0.012202597,-5.885635,-0.38897458
-0.065381974,-0.18933421,-0.0005096389,-0.010385712,-5.885635,-0.96558636
0.085662425,0.256987,0.00044951076,-0.07278454,7.5801353,0.32053104
-0.2563669,-0.3478622,-0.00039972086,-0.03200308,-5.885635,0.103932984
0.0027136002,-0.06697586,-0.00039972086,0.023682825,7.5801353,0.20006606
0.09187003,0.089152716,-0.0014506625,-0.02081774,-5.885635,0.31302613
0.057760518,-0.013424964,-0.00019328739,-0.07310085,-5.885635,0.30307326
0.09038836,-0.29076943,0.0029836325,0.066967815,-5.885635,0.16375056
0.09233215,0.08862142,0.009694397,-0.0021646107,7.5801353,0.3173211
-0.22908767,-0.14577475,-0.0005096389,-0.0006493473,-5.885635,-1.0125139
-0.20214497,-0.25011203,-0.0005096389,-0.013697273,7.5801353,-0.44059008
-0.04288517,0.07813682,-0.00025368907,-0.0071282242,-5.885635,-0.0034088548
-0.01292996,-0.119054645,-0.00025368907,-0.007887207,7.5801353,0.11463972
0.10440835,0.14740267,-0.0014506625,0.0076045077,7.5801353,0.31805384
-0.0032020118,-0.23874716,-0.00036360713,-0.038202655,-5.885635,-0.95659316
0.050418444,-0.30549315,0.0029836325,0.057098307,-5.885635,-0.062257532
-0.22215395,-0.20228902,-0.0005096389,-0.008651592,-5.885635,-0.9549311
0.015279763,-0.2885201,-0.00039972086,0.017105905,7.5801353,0.1545246
-0.12032893,-0.092487425,-0.00025368907,-0.00088235084,-5.885635,0.16828397
0.09335815,0.24927008,0.00091238297,0.02113255,7.5801353,0.32787204
-0.0070210667,-0.07569808,-0.00039972086,0.009759877,-5.885635,0.10466386
-0.18133546,0.1508829,-0.00039972086,-0.013411626,-5.885635,0.2047391
0.09349191,0.24185473,0.00091238297,0.026840163,-5.885635,0.32944605
-0.058642235,-0.33919865,-0.00039972086,-0.05696781,-5.885635,0.1178944
0.04886782,-0.31927043,-0.00039972086,0.0027287668,-5.885635,-0.029673085
-0.009185055,0.27126676,0.0008519813,0.0020041494,7.5801353,0.19743651
0.081207074,-0.11695389,-0.0014506625,-0.0040432336,-5.885635,0.30658185
-0.064454556,-0.3326866,-0.00025368907,-0.01764082,7.5801353,0.15360147
0.08762572,0.22998628,0.00091238297,-0.02215221,-5.885635,0.3213544
-0.03774274,0.05406063,-0.00025368907,-0.005876366,-5.885635,0.15877622
-0.0049607116,0.1825508,2.3832195e-05,0.008414713,7.5801353,0.20334715
-0.22908767,-0.14577475,-0.0005096389,-0.0006493473,-5.885635,-1.0125139
0.08769139,0.22320624,0.00091238297,-0.013802061,7.5801353,0.32182604
-0.028530076,-0.011954458,-0.00036360713,0.042291407,-5.885635,-0.12548849
-0.26899815,-0.3353049,-0.00039972086,-0.03200308,-5.885635,0.10400694
0.00064702006,-0.36891642,-0.00039972086,-0.0740549,-5.885635,-0.053454597
-0.2292401,-0.19539726,-0.0005096389,-0.0050756573,-5.885635,-0.95831263
-0.2270151,-0.19523665,-0.0005096389,-0.0006493473,-5.885635,-0.96512455
-0.26660317,-0.31866497,-0.00039972086,-0.014181217,-5.885635,0.090348564
-0.2292401,-0.19539726,-0.0005096389,-0.0050756573,-5.885635,-0.95831263
-0.0287537,0.13071766,-6.8505644e-05,-0.009236502,-5.885635,-1.1471134
-0.2219293,-0.28160423,-0.0005096389,-0.01453575,-5.885635,-0.41619498
0.07865546,0.14166562,-0.0014506625,-0.038516883,-5.885635,0.3108483
-0.19840273,-0.29088303,-0.0005096389,-0.042449832,-5.885635,-0.2714053
0.09693087,0.14419004,-0.00019328739,-0.06941142,-5.885635,0.31114048
-0.22908767,-0.14577475,-0.0005096389,-0.0006493473,-5.885635,-1.0125139
0.105542995,-0.06976206,-0.0014506625,0.007293307,-5.885635,0.31458995
0.08489793,0.22264667,0.00091238297,-0.017332358,-5.885635,0.3213544
-0.19959483,-0.14213648,-0.0005096389,0.00048024033,-5.885635,-0.9941055
-0.0034287432,-0.33360204,-0.00039972086,-0.062384177,-5.885635,0.18192574
-0.22791363,-0.19554576,-0.0005096389,-0.006253627,-5.885635,-0.95831263
0.09296771,0.27801946,0.00091238297,-0.013802061,7.5801353,0.32463625
-0.02564424,-0.09477081,-0.00025368907,0.0011061694,-5.885635,0.20328131
-0.22908767,-0.14577475,-0.0005096389,-0.0006493473,-5.885635,-1.0125139
-0.077592865,-0.16640092,-0.00036360713,-0.017848615,-5.885635,-0.9890925
-0.22836022,-0.19523665,-0.0005096389,-0.0050756573,-5.885635,-0.9593531
-0.23140489,-0.29074135,-0.00039972086,0.035998188,-5.885635,0.1542516
-0.21128245,-0.2151675,-0.0005096389,-0.008651592,-5.885635,-0.9529241
0.099724345,0.1636447,-0.00019328739,-0.030201368,-5.885635,0.3174939
-0.22908767,-0.14577475,-0.0005096389,-0.0006493473,-5.885635,-1.0125139
-0.019524988,-0.13121621,-0.00039972086,0.03263509,-5.885635,0.14634535
-0.121325225,0.05609364,-0.0005096389,-0.0387844,-5.885635,-1.0753855
-0.013245446,-0.041588604,-0.00036360713,-0.013777774,-5.885635,-1.0468743
0.09799782,0.0718696,-0.0014506625,0.0072628595,7.5801353,0.31027845
-0.21528237,-0.20810306,-0.0005096389,-0.006253627,-5.885635,-0.9583866
-0.21528237,-0.20810306,-0.0005096389,-0.006253627,-5.885635,-0.9583866
-0.22908767,-0.18054685,-0.0005096389,-0.0006493473,-5.885635,-0.9777418
-0.05817421,-0.30709225,-0.00039972086,0.025362018,-5.885635,0.16248903
-0.22001132,-0.17334859,-0.0005096389,0.00048024033,-5.885635,-0.995146
-0.25226316,-0.34941316,-0.00039972086,-0.048204124,-5.885635,0.094367884
0.09661226,0.22622669,-0.00034499215,0.013325136,-5.885635,0.32322407
-0.22908767,-0.14577475,-0.0005096389,-0.0006493473,-5.885635,-1.0125139
0.09296771,0.27801946,0.00091238297,-0.013802061,7.5801353,0.32463625
-0.22908767,-0.18054685,-0.0005096389,-0.0006493473,-5.885635,-0.9777418
0.0072284816,0.15788388,2.3832195e-05,0.010711897,-5.885635,0.17579114
-0.22596525,-0.20093131,-0.0005096389,-0.002742506,-5.885635,-0.9583866
0.09615007,-0.08037552,-0.002112294,-0.07506584,-5.885635,0.27872542
0.09159351,0.27090716,0.00091238297,-0.025277391,-5.885635,0.3204598
0.014916543,-0.05001081,-0.00039972086,0.09969893,7.5801353,0.1843006
0.09438698,0.26262712,0.00091238297,-0.013802061,-5.885635,0.32182604
-0.10679617,0.09600316,-0.00036360713,0.042141248,-5.885635,-1.0503789
-0.22908767,-0.14577475,-0.0005096389,-0.0006493473,-5.885635,-1.0125139
0.09296771,0.27801946,0.00091238297,-0.020500438,7.5801353,0.32397965
0.13580485,-0.270076,-0.002112294,-0.10064116,7.5801353,0.28300038
0.085662425,0.256987,0.00044951076,-0.07278454,-5.885635,0.32053104
-0.22594659,-0.2007828,-0.0005096389,0.002861774,-5.885635,-0.964158
-0.033658568,-0.045266923,-0.00025368907,0.0019379329,-5.885635,0.19069555
0.10224325,-0.06512195,-0.0014506625,0.0059529254,7.5801353,0.31458995
0.09126778,0.2594219,0.00044951076,-0.05550661,-5.885635,0.32053104
0.012949084,-0.37436813,-0.00039972086,-0.050003123,-5.885635,0.078686774
-0.03516348,0.039175134,-0.00025368907,-0.01381463,-5.885635,0.01034737
0.10164643,0.13077122,-0.0014506625,-0.020249253,7.5801353,0.30818656
-0.22908767,-0.18054685,-0.0005096389,-0.0006493473,-5.885635,-0.9777418
-0.07002127,0.13499437,-0.00036360713,0.01809619,-5.885635,-1.0964718
-0.049265202,-0.1431128,-0.00025368907,-0.017629161,-5.885635,0.1944316
-0.104991995,0.16165648,-0.00036360713,0.023085956,-5.885635,-1.069026
-0.10364488,-0.102845386,-0.0005096389,-0.0009960588,-5.885635,-1.0239019
0.08648635,0.1809324,-0.00019328739,0.0027611176,-5.885635,0.32102844
-0.21124224,-0.20806354,-0.0005096389,-0.015733391,-5.885635,-0.9529864
-0.10692242,-0.05122924,-0.00025368907,0.028913813,7.5801353,0.16049033
-0.09607062,-0.033950325,-0.00036360713,-0.004786247,-5.885635,-1.0300559
-0.22908767,-0.14577475,-0.0005096389,-0.0006493473,-5.885635,-1.0125139
0.09438698,0.26262712,0.00091238297,-0.013802061,7.5801353,0.32182604
-0.14061204,0.15566944,2.3832195e-05,-0.06653642,-5.885635,0.16515836
-0.22908767,-0.14577475,-0.0005096389,-0.0006493473,-5.885635,-1.0125139
-0.008752007,0.10217907,-0.00025368907,0.017119998,-5.885635,0.1879802
0.08599146,0.20460872,0.00044951076,-0.05550661,-5.885635,0.31772083
0.0925919,0.08177612,-0.00019328739,0.0042523206,7.5801353,0.31581822
0.085662425,0.256987,0.00044951076,-0.07278454,7.5801353,0.32053104
-0.22596525,-0.20093131,-0.0005096389,-0.002742506,-5.885635,-0.9583866
-0.22908767,-0.18054685,-0.0005096389,-0.0006493473,-5.885635,-0.9777418
-0.22594659,-0.2007828,-0.0005096389,0.002861774,-5.885635,-0.964158
-0.22789498,-0.19539726,-0.0005096389,-0.0006493473,-5.885635,-0.964084
-0.08505585,-0.29110053,-0.00039972086,-0.03703998,-5.885635,0.18151721
0.08533245,0.213804,0.00091238297,0.00580828,-5.885635,0.32378832
-0.22908767,-0.14577475,-0.0005096389,-0.0006493473,-5.885635,-1.0125139
-0.22836022,-0.19523665,-0.0005096389,-0.0050756573,-5.885635,-0.9593531
-0.010756393,-0.11327694,-0.00039972086,-0.034554403,-5.885635,0.19826373
-0.21181238,-0.20742707,-0.0005096389,-0.008244239,-5.885635,-0.96054196
-0.22908767,-0.14577475,-0.0005096389,-0.0006493473,-5.885635,-1.0125139
0.015769372,-0.40536964,-0.00039972086,-0.078510016,-5.885635,0.15155193
-0.11002452,0.09914199,-0.0005096389,-0.0019696658,-5.885635,-1.1094036
-0.0033185435,-0.039251663,-0.0005096389,-0.042810917,-5.885635,-1.0176344
-0.00896625,-0.12726432,-0.00039972086,0.020875176,-5.885635,0.12498147
0.09159351,0.26267824,0.00091238297,-0.010985002,7.5801353,0.3217999
-0.0033185435,-0.039251663,-0.0005096389,-0.03842145,-5.885635,-1.0220238
0.0220051,-0.27158195,-0.0005096389,-0.016579915,-5.885635,-0.48225987
-0.061074007,-0.017781822,-0.00039972086,0.02086135,-5.885635,0.027857728
-0.11780943,-0.031859875,-0.0005096389,-0.009203198,-5.885635,-1.0526878
-0.010664072,-0.11396448,-0.00039972086,-0.041595332,-5.885635,0.11620455
0.0875978,-0.09550933,-0.0014506625,0.0061790124,7.5801353,0.30406293
0.10747118,-0.061429713,-0.0014506625,-0.00019676378,7.5801353,0.3248387
0.07085783,-0.009577779,-0.00019328739,0.014040096,-5.885635,0.3254219
-0.006485874,-0.04124379,-0.00036360713,-0.031823043,-5.885635,-1.0359334
-0.2270151,-0.19523665,-0.0005096389,-0.0006493473,-5.885635,-0.96512455
-0.22791363,-0.19554576,-0.0005096389,-0.006253627,-5.885635,-0.95831263
-0.006485874,-0.0421361,-0.0005096389,-0.042163715,-5.885635,-1.0245544
-0.22908767,-0.14577475,-0.0005096389,-0.0006493473,-5.885635,-1.0125139
0.07227626,-0.0065474347,-0.0014506625,-0.0035134181,7.5801353,0.31898257
-0.060188767,-0.32452154,-0.00039972086,-0.05195547,-5.885635,-0.08674205
-0.114775,0.24096535,0.0011295025,0.008325523,-5.885635,0.0034062807
0.09017424,0.27807057,0.00091238297,-0.010985002,7.5801353,0.3246101
0.08936948,0.16097614,-0.00019328739,0.030599251,7.5801353,0.32449317
0.08863232,0.17319468,-0.00019328739,0.008352872,-5.885635,0.32102844
0.10001277,-0.07611039,-0.0014506625,-0.046679564,7.5801353,0.30113727
-0.22248338,-0.17350917,-0.0005096389,-0.0023887218,-5.885635,-0.98964435
0.092028044,0.25322488,0.00091238297,0.00580828,7.5801353,0.32378832
-0.033668518,-0.067238115,-0.0014506625,-0.015393021,-5.885635,0.29961297
0.09296771,0.27801946,0.00091238297,-0.013802061,-5.885635,0.32463625
-0.040134683,0.051406898,-0.00036360713,-0.026238674,-5.885635,-1.086209
-0.22908767,-0.14577475,-0.0005096389,-0.0006493473,-5.885635,-1.0125139
0.08863232,0.17319468,-0.00019328739,0.008352872,7.5801353,0.32102844
0.09159351,0.26267824,0.00091238297,-0.010985002,7.5801353,0.3217999
0.122621626,-0.2488559,-0.002112294,-0.007059833,-5.885635,0.30350423
-0.19108915,-0.22069274,-0.0005096389,-0.041931745,-5.885635,-0.93431205
-0.22908767,-0.14577475,-0.0005096389,-0.0006493473,-5.885635,-1.0125139
-0.15220526,0.30554345,0.0011295025,0.026034635,-5.885635,0.020816874
0.079081275,0.16509594,-0.00024686634,-0.08003795,-5.885635,0.31504062
-0.22908767,-0.14577475,-0.0005096389,-0.0006493473,-5.885635,-1.0125139
-0.22908767,-0.14577475,-0.0005096389,-0.0006493473,-5.885635,-1.0125139
-0.0011859706,0.083236456,2.3832195e-05,0.021789182,-5.885635,0.18341485
-0.0329583,0.048077118,-0.00025368907,0.0037407735,-5.885635,-0.0040046256
-0.22908767,-0.14577475,-0.0005096389,-0.0006493473,-5.885635,-1.0125139
-0.22908767,-0.18054685,-0.0005096389,-0.0006493473,-5.885635,-0.9777418
0.13570097,-0.24903013,-0.0014506625,-0.065628886,-5.885635,0.28762546
-0.120948665,0.07812709,-0.00036360713,0.03462761,-5.885635,-1.0480418
-0.25656024,-0.18701784,-0.00039972086,-0.0014276826,7.5801353,0.1818924
-0.22703375,-0.19538516,-0.0005096389,-0.006253627,-5.885635,-0.9593531
0.09802441,0.15419307,-0.00024686634,-0.062760025,-5.885635,0.31504062
-0.22908767,-0.18054685,-0.0005096389,-0.0006493473,-5.885635,-0.9777418
-0.22908767,-0.14577475,-0.0005096389,-0.0006493473,-5.885635,-1.0125139
0.072027795,-0.13788165,-0.00019328739,-0.09734446,-5.885635,0.2944806
0.08468662,0.17317897,-0.00024686634,-0.048618123,7.5801353,0.3163234
-0.22908767,-0.14577475,-0.0005096389,-0.0006493473,-5.885635,-1.0125139
0.09417402,0.24548715,0.00091238297,0.011400035,-5.885635,0.32378832
-0.2216035,-0.17334859,-0.0005096389,-0.0023887218,-5.885635,-0.9906848
0.09126778,0.2594219,0.00044951076,-0.05550661,-5.885635,0.32053104
-0.22303383,-0.20244962,-0.0005096389,-0.008651592,-5.885635,-0.9538906
0.10059198,-0.075349204,-0.0014506625,-0.005897736,7.5801353,0.31458995
0.015279763,-0.29531303,-0.00039972086,-0.029778086,-5.885635,0.20268992
-0.17469862,0.03173526,-0.0005096389,-0.005547402,-5.885635,-1.0366739
-0.22908767,-0.18054685,-0.0005096389,-0.0006493473,-5.885635,-0.9777418
-0.23368065,-0.26888633,-0.0005096389,-0.01453575,-5.885635,-0.4171615
0.106982715,-0.05510628,-0.0014506625,0.0031228685,-5.885635,0.31447428
-0.20421198,-0.21563865,-0.0005096389,-0.0075591207,-5.885635,-0.96061593
-0.16485544,0.025552407,-0.0005096389,-0.014801571,-5.885635,-1.0310801
0.085662425,0.256987,0.00044951076,-0.10659777,7.5801353,0.30973205
0.07978863,-0.14622906,-0.00019328739,-0.031235956,7.5801353,0.29578996
0.028482515,-0.34029967,-0.00039972086,-0.010958525,-5.885635,-0.07465363
-0.021273244,-0.13193811,-0.0005096389,0.0321296,-5.885635,-0.9706768
-0.22910632,-0.19331259,-0.0005096389,-0.006253627,-5.885635,-0.9593531
0.101970114,0.15985689,-0.00019328739,0.008352872,-5.885635,0.32102844
0.09126778,0.2594219,0.00044951076,-0.05550661,-5.885635,0.32053104
-0.06847987,-0.043181736,-0.0005096389,0.0031333454,-5.885635,-0.3570185
0.09126778,0.2594219,0.00044951076,-0.05550661,7.5801353,0.32053104
-0.01663956,0.29933017,0.0011295025,-0.029183703,7.5801353,0.21106541
-0.23120064,-0.3002964,-0.0005096389,-0.016190099,-5.885635,-0.21446112
0.117196485,-0.19899867,-0.002112294,-0.012147848,7.5801353,0.30021206
-0.24427846,-0.28743,-0.0005096389,-0.015012127,-5.885635,-0.21542764
-0.22908767,-0.18054685,-0.0005096389,-0.0006493473,-5.885635,-0.9777418
-0.19871494,-0.14197588,-0.0005096389,0.00048024033,-5.885635,-0.995146
-0.22908767,-0.18054685,-0.0005096389,-0.0006493473,-5.885635,-0.9777418
-0.110468134,0.07995945,-0.00036360713,0.009125049,-5.885635,-1.1010653
-0.2292401,-0.19539726,-0.0005096389,-0.0050756573,-5.885635,-0.95831263
0.08079716,-0.1173638,-0.00019328739,0.018305916,-5.885635,0.31302118
0.09296771,0.27801946,0.00091238297,-0.013802061,7.5801353,0.32463625
-0.17848329,0.1567503,-0.00036360713,0.0011212835,-5.885635,-1.1225207
0.099918336,0.06378749,-0.00019328739,0.002354805,-5.885635,0.314853
-0.18401454,0.22163121,-0.00039972086,0.014386052,-5.885635,0.24050647
-0.2270151,-0.19523665,-0.0005096389,-0.0006493473,-5.885635,-0.96512455
-0.22791363,-0.19554576,-0.0005096389,-0.006253627,-5.885635,-0.95831263
0.116002426,-0.03588752,-0.002112294,0.002374087,7.5801353,0.32621032
0.11154442,-0.0854611,-0.0014506625,0.0011989233,-5.885635,0.31994456
-0.22089121,-0.17350917,-0.0005096389,0.00048024033,-5.885635,-0.9941055
-0.22791363,-0.19554576,-0.0005096389,-0.006253627,-5.885635,-0.95831263
-0.21124224,-0.21438795,-0.0005096389,-0.017515315,-5.885635,-0.9448801
-0.2472323,-0.34721264,-0.00039972086,-0.055045832,-5.885635,0.10503518
0.08599146,0.20460872,0.00044951076,-0.05550661,-5.885635,0.31772083
0.09296771,0.27801946,0.00091238297,-0.013802061,7.5801353,0.32463625
-0.22791363,-0.19554576,-0.0005096389,-0.006253627,-5.885635,-0.95831263
0.005858753,-0.23024482,-0.0005096389,-0.010417694,-5.885635,-0.9626255
0.06639079,-0.014785284,-0.0014506625,0.006863866,7.5801353,0.3145425
-0.2009586,-0.34625044,-0.00039972086,-0.036594573,-5.885635,-0.045888852
-0.21124224,-0.20806354,-0.0005096389,-0.015733391,-5.885635,-0.9529864
-0.01475307,-0.058124512,-0.0005096389,-0.046616383,-5.885635,-0.6700594
0.099724345,0.1636447,-0.00019328739,-0.030201368,-5.885635,0.3174939
-0.062186264,0.09676255,-0.00036360713,0.018114623,-5.885635,-1.0660934
-0.012473367,-0.04198044,-0.00036360713,-0.009514276,-5.885635,-1.0515181
-0.04978782,-0.16562495,-0.0005096389,0.030075476,-5.885635,-0.96964973
0.10866577,-0.07970379,-0.0014506625,-0.0016797334,-5.885635,0.31994456
0.09326836,0.21268164,0.00091238297,0.019644212,-5.885635,0.3248866
-0.22908767,-0.18054685,-0.0005096389,-0.0006493473,-5.885635,-0.9777418
0.06939521,0.060344733,-0.00019328739,-0.05601062,-5.885635,0.3047814
-0.22908767,-0.18054685,-0.0005096389,-0.0006493473,-5.885635,-0.9777418
-0.22703375,-0.19538516,-0.0005096389,-0.006253627,-5.885635,-0.9593531
0.09126778,0.2594219,0.00044951076,-0.05550661,7.5801353,0.32053104
-0.051367592,-0.3067652,-0.00039972086,0.016266463,-5.885635,0.17511165
0.09266496,0.22042662,0.00091238297,0.0136009045,7.5801353,0.32378832
0.09296771,0.27801946,0.00091238297,-0.013802061,-5.885635,0.32463625
0.017911255,-0.3984095,2.3832195e-05,-0.037524357,-5.885635,0.17075452
0.031079099,-0.34122658,-0.00039972086,-0.00033553306,-5.885635,0.17076394
0.09296771,0.25427106,0.00091238297,-0.013802061,-5.885635,0.32182604
0.09126778,0.2594219,0.00044951076,-0.05550661,-5.885635,0.32053104
-0.22791363,-0.19554576,-0.0005096389,-0.006253627,-5.885635,-0.95831263
-0.22908767,-0.18054685,-0.0005096389,-0.0006493473,-5.885635,-0.9777418
-0.22908767,-0.14577475,-0.0005096389,-0.0006493473,-5.885635,-1.0125139
-0.23140489,-0.26835528,-0.00039972086,0.035791,-5.885635,0.16632804
-0.20509186,-0.21579923,-0.0005096389,-0.0075591207,-5.885635,-0.9595755
0.00062108086,0.15959357,2.3832195e-05,0.013805032,-5.885635,-0.04006447
-0.21036236,-0.21422738,-0.0005096389,-0.017515315,-5.885635,-0.94592065
-0.22908767,-0.14577475,-0.0005096389,-0.0006493473,-5.885635,-1.0125139
0.101932354,-0.07802998,-0.0014506625,-0.0045573534,-5.885635,0.31458995
-0.06999504,-0.20216182,-0.0005096389,-0.018040232,-5.885635,-0.9605919
-0.12847088,-0.12118523,-0.00039972086,-0.034133323,-5.885635,0.13888314
-0.24814492,-0.33021715,-0.00039972086,-0.041054003,-5.885635,-0.09504155
0.10059198,-0.075349204,-0.0014506625,0.0035819835,7.5801353,0.3176175
-0.0985403,-0.040422942,-0.00025368907,-0.008376662,-5.885635,0.13635665
0.08871926,0.21194834,0.00044951076,-0.060326464,-5.885635,0.31772083
-0.15733089,0.22326048,-0.0005096389,-0.007839472,-5.885635,-0.23010135
-0.022200212,-0.058071148,-0.00039972086,-0.016465385,7.5801353,0.037006274
-0.00610135,0.25794747,0.0011295025,-0.01793852,7.5801353,0.20688891
0.053015027,-0.32662743,-0.00039972086,0.039758734,-5.885635,0.17455366
-0.22908767,-0.18054685,-0.0005096389,-0.0006493473,-5.885635,-0.9777418
0.09438698,0.26262712,0.00091238297,-0.013802061,7.5801353,0.32182604
0.09266496,0.22042662,0.00091238297,0.0136009045,7.5801353,0.32378832
0.07249526,0.058310978,-0.0014506625,-0.0039964593,-5.885635,0.3133965
0.08489793,0.23148629,0.00091238297,-0.025277391,7.5801353,0.3204598
-0.22836022,-0.19523665,-0.0005096389,-0.0050756573,-5.885635,-0.9593531
-0.21162523,-0.21422738,-0.0005096389,-0.014989614,-5.885635,-0.9471835
0.014669547,-0.25135508,-0.00036360713,-0.037618868,-5.885635,-0.96244067
0.09898935,-0.048576258,-0.002112294,0.013613289,7.5801353,0.32242617
-0.038233496,-0.15122993,-0.00039972086,-0.046854988,-5.885635,0.19881475
-0.17344868,0.031910304,-0.0005096389,-0.0383418,-5.885635,-1.0155509
0.10001277,-0.07611039,-0.0014506625,0.0049223653,7.5801353,0.3176175
-0.17344868,0.031910304,-0.0005096389,-0.0383418,-5.885635,-1.0155509
-0.1730119,0.11862483,2.3832195e-05,-0.01090911,-5.885635,0.16026962
0.08291469,-0.0068707033,-0.0014506625,-0.019907128,7.5801353,0.3187963
0.09296771,0.27801946,0.00091238297,-0.013802061,-5.885635,0.32463625
0.1045434,0.1304509,-0.0014506625,-0.023744902,-5.885635,0.30910555
-0.22703375,-0.19538516,-0.0005096389,-0.006253627,-5.885635,-0.9593531
-0.17007196,0.008526353,-0.00025368907,0.05814465,-5.885635,0.15173882
-0.030693503,-0.097907655,-0.00025368907,-0.006320692,-5.885635,0.1622706
-0.08538114,-0.25303075,-0.0005096389,-0.064317614,-5.885635,-0.34380198
-0.0010010721,-0.30597484,-0.0005096389,-0.024058867,-5.885635,-0.42807472
-0.019851297,0.06185012,-0.00036360713,-0.00913601,-5.885635,-1.1051373
-0.09682735,-0.022679104,-0.0005096389,-0.036529783,-5.885635,-1.0229713
0.10257351,0.1521119,-0.00019328739,0.014396181,-5.885635,0.32212672
0.094661914,0.12754813,-0.0014506625,-0.04026347,-5.885635,0.31070593
-0.019935519,0.08298367,-0.00039972086,-0.0010424545,7.5801353,0.1348373
0.09982413,0.17286013,-0.00019328739,-0.0014649169,7.5801353,0.31998897
-0.22908767,-0.14577475,-0.0005096389,-0.0006493473,-5.885635,-1.0125139
-0.22791363,-0.19554576,-0.0005096389,-0.006253627,-5.885635,-0.95831263
-0.22908767,-0.14577475,-0.0005096389,-0.0006493473,-5.885635,-1.0125139
-0.2270151,-0.19523665,-0.0005096389,-0.0006493473,-5.885635,-0.96512455
-0.22908767,-0.14577475,-0.0005096389,-0.0006493473,-5.885635,-1.0125139
-0.22908767,-0.18054685,-0.0005096389,-0.0006493473,-5.885635,-0.9777418
0.08288385,0.076289445,-0.0014506625,-0.013064539,7.5801353,0.31424755
0.053922284,-0.032935478,-0.00019328739,-0.043786943,-5.885635,0.31801277
-0.010828769,0.23964863,0.0011295025,0.017623162,-5.885635,0.21880782
0.09767257,0.0464412,-0.00019328739,-0.07775687,-5.885635,0.29685232
0.012074954,0.103887744,-0.00025368907,0.021122739,-5.885635,0.16140044
-0.16112787,0.16121295,2.3832195e-05,0.022090975,-5.885635,0.053893484
0.13614163,-0.27897656,-0.0014506625,-0.04317758,-5.885635,0.3026683
0.09438698,0.26262712,0.00091238297,-0.013802061,-5.885635,0.32182604
-0.08621997,-0.16414382,-0.0005096389,-0.04057258,-5.885635,-0.9598525
-0.12132234,-0.03994178,-0.0005096389,-0.019187469,-5.885635,-1.0434333
-0.031153746,0.20651159,0.00066663034,-0.053471677,-5.885635,-0.017316345
0.09051898,0.23342985,0.00091238297,0.0037831147,7.5801353,0.32274884
-0.23131268,-0.19332466,-0.0005096389,-0.0050756573,-5.885635,-0.95831263
0.07227626,-0.018162858,-0.0014506625,-0.0034032487,-5.885635,0.31840158
-0.004663444,-0.03492006,-0.00036360713,-0.016703676,-5.885635,-1.0468743
-0.029811855,-0.10318132,-0.00039972086,0.036871757,7.5801353,0.18178496
0.092028044,0.25849038,0.00091238297,0.0015822455,7.5801353,0.32274884
0.09268705,0.2440296,0.00044951076,-0.05550661,-5.885635,0.31772083
-0.26660317,-0.3409995,-0.00039972086,-0.02966993,-5.885635,0.10497346
0.095103204,0.20116615,-0.00034499215,0.006046287,-5.885635,0.3201965
0.09296771,0.27801946,0.00091238297,-0.013802061,7.5801353,0.32463625
0.07249526,0.058310978,-0.0014506625,-0.0039964593,-5.885635,0.3133965
-0.18112975,-0.01507294,-0.00036360713,-0.023281574,-5.885635,-0.6999579
0.09126778,0.2594219,0.00044951076,-0.05550661,-5.885635,0.32053104
0.07085783,-0.020617463,-0.00019328739,0.014150266,7.5801353,0.32426518
-0.22703375,-0.19538516,-0.0005096389,-0.006253627,-5.885635,-0.9593531
0.085662425,0.256987,0.00044951076,-0.10659777,-5.885635,0.30973205
-0.0722418,-0.26880777,-0.0005096389,-0.026048554,-5.885635,-0.4341504
-0.2192256,-0.20343494,-0.0005096389,-0.011474475,-5.885635,-0.9538906
-0.069690816,-0.19583741,-0.0005096389,-0.02539139,-5.885635,-0.9598693
-0.007943686,-0.09032163,-0.00025368907,-0.018309752,-5.885635,-0.077802114
-0.22196533,-0.2021755,-0.0005096389,0.0031724335,-5.885635,-0.9670572
-0.084887795,-0.29093248,-0.00039972086,-0.03737609,-5.885635,0.18151721
-0.22996755,-0.14593533,-0.0005096389,-0.0006493473,-5.885635,-1.0114734
-0.21660884,-0.20795456,-0.0005096389,-0.0050756573,-5.885635,-0.9583866
-0.12499477,-0.11876744,-0.00025368907,-0.022106808,-5.885635,0.13209215
-0.22908767,-0.14577475,-0.0005096389,-0.0006493473,-5.885635,-1.0125139
-0.23639354,-0.34293503,-0.00039972086,-0.041054003,-5.885635,-0.09407503
-0.019415017,-0.0910428,-0.00025368907,-0.020663358,-5.885635,0.13013735
0.08359309,0.18165872,-0.00019328739,-0.01942395,-5.885635,0.3191174
-0.18247738,0.15747242,-0.00039972086,-0.005971584,-5.885635,0.20413959
-0.22908767,-0.14577475,-0.0005096389,-0.0006493473,-5.885635,-1.0125139
0.08266486,-0.009536523,-0.002112294,-0.09980884,-5.885635,0.29526073
-0.2270151,-0.19523665,-0.0005096389,-0.0006493473,-5.885635,-0.96512455
0.10698592,-0.35750058,-0.002112294,-0.023574088,7.5801353,0.30083317
0.005756445,-0.16244213,-0.0005096389,-0.028463218,-5.885635,-0.9753377
-0.06634623,-0.19565862,-0.0005096389,-0.016920432,-5.885635,-0.95176303
0.095904924,0.076520465,-0.0014506625,0.003255756,-5.885635,0.3134431
-0.050814882,-0.16562495,-0.0005096389,0.0321296,-5.885635,-0.9706768
0.1276598,-0.26789063,-0.002112294,-0.09468147,-5.885635,0.28300038
0.0875978,-0.09550933,-0.0014506625,0.0061790124,-5.885635,0.30406293
0.114914216,-0.03383348,-0.002112294,0.010662718,7.5801353,0.31695586
-0.22908767,-0.14577475,-0.0005096389,-0.0006493473,-5.885635,-1.0125139
0.11651981,-0.048617516,-0.002112294,-0.07777706,7.5801353,0.29645205
0.10440835,0.14740267,-0.0014506625,0.0076045077,-5.885635,0.31805384
-0.048719317,-0.17117108,-0.0005096389,0.033586595,-5.885635,-0.9686832
0.10440835,0.14740267,-0.0014506625,0.0076045077,7.5801353,0.31805384
0.07249526,0.058310978,-0.0014506625,-0.046118673,-5.885635,0.29994383
0.101970114,0.15985689,-0.00019328739,0.008352872,-5.885635,0.32102844
0.07025444,-0.004058064,-0.00019328739,-0.012729894,-5.885635,0.3191695
-0.015279105,-0.075375125,-0.00039972086,0.02724616,-5.885635,0.17631468
0.09107057,0.16074045,-0.0014506625,0.0076045077,-5.885635,0.31805384
0.10746258,-0.07168165,-0.0014506625,0.007293307,-5.885635,0.31458995
0.100048766,-0.38650414,-0.002112294,-0.12849526,-5.885635,0.27803242
0.11982788,-0.049359526,-0.002112294,-0.08034311,-5.885635,0.29645205
0.11460022,-0.046697926,-0.002112294,-0.07777706,-5.885635,0.29645205
0.11982788,-0.046367798,-0.0014506625,5.826226e-05,7.5801353,0.31941184
0.09133006,-0.10642593,-0.0014506625,-0.0012641023,7.5801353,0.30688098
0.09658409,0.068196334,-0.0014506625,0.00054044614,-5.885635,0.31027845
-0.22789498,-0.19539726,-0.0005096389,-0.0006493473,-5.885635,-0.964084
0.029102255,-0.36485595,-0.00039972086,-0.0075589716,-5.885635,0.10617916
0.09438698,0.26262712,0.00091238297,-0.013802061,-5.885635,0.32182604
0.02859438,-0.2510931,-0.0005096389,0.02881932,-5.885635,-0.48317483
0.09241906,0.15175815,-0.00024686634,-0.08003795,-5.885635,0.31504062
-0.008687228,-0.092399254,-0.00025368907,-0.0044759866,7.5801353,0.1686925
0.105147295,0.14537728,-0.00019328739,0.030420303,7.5801353,0.32449317
0.11790829,-0.047439937,-0.002112294,-0.08034311,7.5801353,0.29645205
0.103231356,0.055108197,-0.0014506625,0.0053813644,-5.885635,0.31187838
-0.050814882,-0.16562495,-0.0005096389,0.0321296,-5.885635,-0.9706768
0.09867536,-0.061440703,-0.002112294,-0.074826494,-5.885635,0.30192232
-0.08660238,-0.26355308,-0.00039972086,-0.004371087,-5.885635,-0.079824395
-0.054830678,-0.33410054,-0.00025368907,-0.026883516,-5.885635,0.16341013
-0.2270151,-0.19523665,-0.0005096389,-0.0006493473,-5.885635,-0.96512455
0.101970114,0.15985689,-0.00019328739,0.008352872,7.5801353,0.32102844
-0.24191326,-0.26042977,-0.00039972086,0.009741255,-5.885635,-0.041753404
0.09182526,-0.08672642,-0.0014506625,-0.015490331,7.5801353,0.2983933
-0.012562758,-0.08982706,-0.002112294,-0.092877276,-5.885635,0.27362764
-0.060691595,0.022168027,-0.0005096389,-0.023452912,-5.885635,-1.0115225
0.07783179,0.013847369,-0.0014506625,-0.021210684,-5.885635,0.3185657
0.09126778,0.2594219,0.00044951076,-0.05550661,7.5801353,0.32053104
-0.2304328,-0.18054685,-0.0005096389,-0.0050756573,-5.885635,-0.9719703
0.09960287,-0.076520294,-0.00019328739,0.017791796,7.5801353,0.32102928
0.03390358,-0.20692281,-0.0005096389,0.0056423186,-5.885635,-0.97300893
-0.15639041,0.06692945,-0.0005096389,0.001670126,-5.885635,-1.0337136
0.0927438,-0.09113503,-0.0014506625,0.005458311,7.5801353,0.29526335
-0.010681075,-0.20297341,-0.00036360713,-0.033356454,-5.885635,-0.9897341
0.09126778,0.2594219,0.00044951076,-0.05550661,-5.885635,0.32053104
-0.009966226,0.11964474,-8.608587e-05,0.0055125505,-5.885635,-1.1348993
-0.10361364,0.07525367,-0.00036360713,0.003844954,-5.885635,-1.0978868
-0.22908767,-0.14577475,-0.0005096389,-0.0006493473,-5.885635,-1.0125139
-0.22089121,-0.17350917,-0.0005096389,0.00048024033,-5.885635,-0.9941055
0.092028044,0.25322488,0.00091238297,0.00580828,-5.885635,0.32378832
-0.076129496,-0.2702069,-0.0005096389,-0.023111185,-5.885635,-0.29536736
0.012541002,0.18769653,-0.00039972086,-0.038538713,-5.885635,0.2133039
0.009860781,0.07808643,-0.00036360713,-0.006828215,-5.885635,-1.0806673
-0.22908767,-0.14577475,-0.0005096389,-0.0006493473,-5.885635,-1.0125139
0.060812335,-0.20275775,-0.00019328739,-0.121071264,-5.885635,0.270923
-0.008078193,0.23941678,0.0011295025,-0.022727545,-5.885635,0.1875898
0.04853205,-0.21089377,-0.0005096389,0.038596112,-5.885635,-0.9693247
0.12029613,-0.2908611,-0.002112294,-0.014201973,-5.885635,0.3062279
-0.06405532,-0.23614396,-0.0005096389,-0.0025427742,-5.885635,-0.48156682
-0.22908767,-0.18054685,-0.0005096389,-0.0006493473,-5.885635,-0.9777418
-0.07734303,-0.16615112,-0.00036360713,-0.018348277,-5.885635,-0.9890925
0.10226416,0.17059906,-0.00019328739,-0.0016438649,-5.885635,0.31998897
-0.22232608,-0.36680692,-0.00039972086,0.0087181935,-5.885635,0.14566752
0.017746214,-0.40348077,-0.00039972086,-0.07442005,-5.885635,0.17590773
0.035955258,-0.35393378,-0.00039972086,-0.036892056,-5.885635,0.13185325
-0.029818576,-0.09010069,-0.00025368907,-0.02758899,-5.885635,0.15387264
-0.20526738,-0.24234481,-0.0005096389,-0.011604114,-5.885635,-0.44732803
0.09159351,0.26097193,0.00091238297,-0.009356068,-5.885635,0.32187727
-0.20319481,-0.2600022,-0.0005096389,-0.010109439,-5.885635,-0.39571255
0.06808487,-0.08390099,-0.00019328739,-0.005713161,7.5801353,0.30949458
0.06978565,0.062187117,-0.00019328739,0.009515753,-5.885635,0.31826186
-0.06772494,-0.34252614,-0.00039972086,-0.02632531,-5.885635,0.103156015
-0.2270151,-0.19523665,-0.0005096389,-0.0006493473,-5.885635,-0.96512455
0.07085783,-0.0088612195,-0.00019328739,0.0038088742,-5.885635,0.3210602
-0.22703375,-0.19538516,-0.0005096389,-0.006253627,-5.885635,-0.9593531
-0.23131268,-0.19332466,-0.0005096389,-0.0050756573,-5.885635,-0.95831263
-0.0013958393,0.20142873,-0.00034499215,-0.03160586,7.5801353,0.30255303
-0.013446928,0.14723268,-0.00025368907,-0.0026588817,-5.885635,-0.017324587
0.0038954187,-0.029610047,-0.0005096389,0.0022042282,-5.885635,-1.0533292
-0.22596525,-0.20093131,-0.0005096389,-0.002742506,-5.885635,-0.9583866
-0.22908767,-0.14577475,-0.0005096389,-0.0006493473,-5.885635,-1.0125139
0.003178124,-0.16932456,2.3832195e-05,-0.10494853,-5.885635,0.14462411
-0.045386877,-0.3114514,-0.00039972086,-0.00803225,-5.885635,-0.0053772666
0.08489793,0.23148629,0.00091238297,-0.025277391,7.5801353,0.3204598
0.117421284,-0.07421963,-0.002112294,-0.080793485,-5.885635,0.30192232
0.08079716,-0.1173638,-0.00019328739,0.018305916,7.5801353,0.31302118
0.029102255,-0.35711795,-0.00039972086,-0.0044580568,-5.885635,0.10661581
-0.22908767,-0.18054685,-0.0005096389,-0.0006493473,-5.885635,-0.9777418
-0.008078193,0.23941678,0.0011295025,-0.0334211,-5.885635,0.12031885
-0.26899815,-0.3353049,-0.00039972086,-0.022463772,-5.885635,0.09446763
-0.020453334,-0.037742708,-0.00036360713,-0.0057720407,-5.885635,-1.0515181
0.101970114,0.15985689,-0.00019328739,0.008352872,7.5801353,0.32102844
-0.2472323,-0.34721264,-0.00039972086,-0.055045832,7.5801353,0.10503518
-0.011896907,-0.09231068,-0.00039972086,-0.022088509,-5.885635,0.15347683
-0.20659436,-0.21599224,-0.0005096389,-0.011474475,-5.885635,-0.9539646
0.006563318,0.19132844,2.3832195e-05,0.026309382,7.5801353,0.20622328
-0.21616225,-0.20826364,-0.0005096389,-0.006253627,-5.885635,-0.9573461
0.08359309,0.18035978,-0.00019328739,-0.02405812,7.5801353,0.31876752
0.09034613,0.025662955,-0.00019328739,-0.081643194,-5.885635,0.29435626
0.09349191,0.24185473,0.00091238297,0.026840163,7.5801353,0.32944605
0.092334986,-0.09105144,-0.0014506625,0.004321874,7.5801353,0.29672498
-0.061986826,-0.34570184,-0.00039972086,-0.0672207,-5.885635,0.1178944
-0.09512841,-0.01712422,-0.00036360713,-0.013748033,-5.885635,-1.0531528
-0.22908767,-0.14577475,-0.0005096389,-0.0006493473,-5.885635,-1.0125139
-0.21209198,-0.18920742,-0.00036360713,-0.0031370642,-5.885635,-0.98373526
-0.21036236,-0.21422738,-0.0005096389,-0.017515315,-5.885635,-0.94592065
-0.07867035,-0.06322375,-0.00039972086,-0.026944289,-5.885635,0.14099187
-0.019155227,-0.09456901,-0.0014506625,-0.017315388,7.5801353,0.3105665
0.09420384,0.060772806,-0.0014506625,0.018223997,7.5801353,0.31490597
-0.22684513,-0.20109189,-0.0005096389,-0.002742506,-5.885635,-0.9573461
-0.0033185435,-0.039251663,-0.0005096389,-0.042810917,-5.885635,-1.0176344
-0.016935155,0.055391956,-0.00025368907,-0.011057284,7.5801353,0.21194741
-0.21796276,-0.2060158,-0.0005096389,-0.018200433,-5.885635,-0.9458467
-0.058642235,-0.31681255,-0.00039972086,-0.057175003,-5.885635,0.12997085
0.13269845,-0.23887607,-0.002112294,0.009957362,7.5801353,0.30805603
-0.0727252,0.007201511,-8.608587e-05,0.022836946,-5.885635,-1.0442928
0.056521807,-0.20783535,-0.00019328739,-0.119960025,-5.885635,0.27917993
0.093195304,0.08039661,-0.00019328739,0.016767966,-5.885635,0.31830844
-0.24500594,-0.2639678,-0.0005096389,-0.015610166,-5.885635,-0.30923125
-0.030693503,-0.097907655,-0.00025368907,-0.006320692,7.5801353,0.1622706
-0.2543512,-0.3096265,-0.00039972086,-0.021041343,-5.885635,-0.083026856
0.09296771,0.27801946,0.00091238297,-0.013802061,7.5801353,0.32463625
-0.19918111,-0.2199844,-0.0005096389,-0.008244239,-5.885635,-0.96061593
-0.23235418,-0.26903483,-0.0005096389,-0.015713718,-5.885635,-0.4171615
0.101970114,0.15985689,-0.00019328739,0.008352872,7.5801353,0.32102844
0.08648635,0.1809324,-0.00019328739,0.0027611176,-5.885635,0.32102844
0.09017424,0.2862995,0.00091238297,-0.025277391,-5.885635,0.32327002
-0.20953244,-0.28547323,-0.0005096389,-0.017283093,-5.885635,-0.4261416
-0.065381974,-0.19307776,-0.0005096389,-0.007967381,-5.885635,-0.9642612
-0.034823585,-0.26611453,-0.00039972086,0.047895283,-5.885635,0.054504983
0.124785826,-0.0747644,-0.0014506625,-0.053953186,-5.885635,0.30536956
0.09296771,0.27801946,0.00091238297,-0.013802061,-5.885635,0.32463625
-0.2270151,-0.19523665,-0.0005096389,-0.0006493473,-5.885635,-0.96512455
-0.07223152,-0.35026413,-0.002112294,-0.032571383,-5.885635,0.2595981
0.09296771,0.27801946,0.00091238297,-0.013802061,-5.885635,0.32463625
-0.22789498,-0.19539726,-0.0005096389,-0.0006493473,-5.885635,-0.964084
-0.18684909,0.0133322645,-0.0005096389,-0.054154534,-5.885635,-0.39562547
-0.03286481,-0.091447584,-0.00036360713,-0.042059608,-5.885635,-1.0262938
-0.22836022,-0.19523665,-0.0005096389,-0.0050756573,-5.885635,-0.9593531
-0.001859453,0.26098332,0.0011295025,0.03035872,-5.885635,-0.023073254
-0.016303051,0.16489911,-0.00036360713,0.060501907,7.5801353,-0.2053403
0.09982413,0.16759461,-0.00019328739,0.0027611176,-5.885635,0.32102844
-0.06941186,0.16278717,2.3832195e-05,0.013615709,7.5801353,0.19564885
-0.22908767,-0.18054685,-0.0005096389,-0.0006493473,-5.885635,-0.9777418
-0.25656024,-0.33307174,-0.00039972086,-0.0012204968,-5.885635,0.1235513
-0.17392051,0.13599578,-0.0005096389,-0.01630611,-5.885635,-1.0887555
-0.11857604,-0.043895442,-0.00036360713,-0.03318759,-5.885635,-1.0283718
-0.009966226,0.11964474,-8.608587e-05,0.0055125505,-5.885635,-1.1348993
-0.11478544,-0.06250469,-0.00036360713,-0.021909397,-5.885635,-0.7038192
-0.04353409,-0.14847673,-0.00039972086,-0.0598633,-5.885635,-0.06454763
-0.19508949,-0.07397545,-0.0005096389,0.0053109326,-5.885635,-1.0235003
0.09126778,0.2594219,0.00044951076,-0.05550661,7.5801353,0.32053104
-0.2270151,-0.19523665,-0.0005096389,-0.0006493473,-5.885635,-0.96512455
-0.24279314,-0.26059037,-0.00039972086,0.009741255,-5.885635,-0.04071293
-0.006987815,-0.20457228,-0.00036360713,-0.035450846,-5.885635,-0.9897341
-0.20119344,-0.03984177,-0.00025368907,0.0111134015,-5.885635,0.15804815
0.08489793,0.22264667,0.00091238297,-0.017332358,-5.885635,0.3213544
0.09438698,0.26262712,0.00091238297,-0.013802061,7.5801353,0.32182604
-0.071905375,-0.25432828,-0.0005096389,0.006085504,-5.885635,-0.2902018
-0.017790623,0.062385857,-0.00039972086,-0.028885216,-5.885635,0.20676905
-0.067878366,-0.16958204,-0.0005096389,0.013705035,-5.885635,-0.9767894
-0.0033256595,0.06566345,-8.608587e-05,0.004071551,-5.885635,-1.1043012
0.015279763,-0.2885201,-0.00039972086,0.017105905,-5.885635,0.1359114
0.08489793,0.22325735,0.00091238297,-0.010985002,-5.885635,0.3217999
-0.01200067,0.049265373,-0.00036360713,-0.025475297,-5.885635,-1.0840638
0.0925919,0.06921641,-0.00019328739,0.0042523206,7.5801353,0.314853
-0.22703375,-0.19538516,-0.0005096389,-0.006253627,-5.885635,-0.9593531
0.13269845,-0.23887607,-0.002112294,0.009957362,7.5801353,0.30805603
-0.013094933,-0.054704286,-8.608587e-05,-0.00411643,-5.885635,-1.043848
-0.1304706,0.0067327456,-0.00039972086,-0.029301414,-5.885635,-0.021643156
-0.22908767,-0.18054685,-0.0005096389,-0.0006493473,-5.885635,-0.9777418
-0.22684513,-0.20109189,-0.0005096389,-0.002742506,-5.885635,-0.9573461
-0.023016393,0.065476485,-0.00036360713,-0.010297584,-5.885635,-1.104437
0.09296771,0.27801946,0.00091238297,-0.013802061,7.5801353,0.32463625
0.09158971,-0.38546643,-0.002112294,-0.120996386,-5.885635,0.2779549
0.09296771,0.27801946,0.00091238297,-0.013802061,7.5801353,0.32463625
0.09058175,0.08749848,-0.002112294,-0.09022242,-5.885635,0.2913343
-0.2304328,-0.18054685,-0.0005096389,-0.0050756573,-5.885635,-0.9719703
-0.029259477,0.17770529,-0.00036360713,0.0070057795,-5.885635,-0.26644686
-0.22703375,-0.19538516,-0.0005096389,-0.006253627,-5.885635,-0.9593531
-0.09052832,-0.15483361,-0.0005096389,-0.019133953,-5.885635,-0.986293
-0.18415277,0.2240958,0.00020901562,0.0016102943,-5.885635,-1.1267474
-0.22684513,-0.19793534,-0.0005096389,-0.0019262178,-5.885635,-0.9613189
0.105542995,-0.06976206,-0.0014506625,0.007293307,-5.885635,0.31458995
-0.033843968,-0.12427019,-0.002112294,-0.106255196,-5.885635,0.28760672
0.08489793,0.23148629,0.00091238297,-0.025277391,-5.885635,0.3204598
-0.22908767,-0.18054685,-0.0005096389,-0.0006493473,-5.885635,-0.9777418
0.077247106,-0.14444137,-0.00019328739,-0.09600408,7.5801353,0.2944806
-0.013431192,-0.29464138,-0.0005096389,-0.07982546,-5.885635,-0.28987405
0.086630724,-0.09154541,-0.0014506625,-0.0012893113,-5.885635,0.29672498
0.08755266,0.0062083006,-0.00019328739,-0.12085324,-5.885635,0.28800285
-0.08177726,-0.0197931,-8.608587e-05,-0.0024644244,-5.885635,-1.0201498
0.11026476,-0.040627938,-0.002112294,-0.0795116,-5.885635,0.29645205
-0.20030712,-0.14197588,-0.0005096389,-0.0023887218,-5.885635,-0.9906848
-0.06634623,-0.19565862,-0.0005096389,-0.016920432,-5.885635,-0.95176303
-0.24264447,-0.16545299,-0.0005096389,-0.0013542934,-5.885635,-0.97857386
0.09669065,0.07337643,-0.0014506625,0.005614061,7.5801353,0.3134431
-0.10673028,-0.06491203,-0.00025368907,-0.022699026,-5.885635,-0.06370327
0.044383515,-0.1724618,-0.00019328739,-0.1381218,-5.885635,0.27700543
0.075327516,-0.14252178,-0.00019328739,-0.09600408,-5.885635,0.2944806
-0.1453157,0.038248774,-0.0005096389,-0.037901964,-5.885635,-1.0099115
0.06918224,0.06699027,-0.00019328739,-0.0070230155,7.5801353,0.31637114
-0.22791363,-0.19554576,-0.0005096389,-0.006253627,-5.885635,-0.95831263
-0.22908767,-0.14577475,-0.0005096389,-0.0006493473,-5.885635,-1.0125139
-0.22703375,-0.19538516,-0.0005096389,-0.006253627,-5.885635,-0.9593531
-0.20949808,-0.18878095,-0.0005096389,-0.012303497,-5.885635,-0.3563737
-0.21616225,-0.20826364,-0.0005096389,-0.006253627,-5.885635,-0.9573461
-0.22196533,-0.19901896,-0.0005096389,0.003988722,-5.885635,-0.97103006
0.10194727,-0.36400378,-0.002112294,-0.028595494,-5.885635,0.29729572
-0.20509186,-0.20947482,-0.0005096389,-0.005777199,-5.885635,-0.9676817
-0.08673951,-0.08680068,-0.0005096389,-0.04498364,-5.885635,-0.4747371
0.090419196,0.23054585,0.00091238297,-0.018621912,-5.885635,0.32182604
0.10194727,-0.37984362,-0.002112294,-0.034544904,-5.885635,0.2958866
0.105147295,0.14537728,-0.00019328739,0.030420303,7.5801353,0.32449317
-0.10086535,0.03398669,-0.00036360713,0.06940683,-5.885635,-0.1175315
-0.27107072,-0.32418337,-0.00039972086,-0.03200308,-5.885635,0.12921336
0.099918336,0.06378749,-0.00019328739,0.002354805,-5.885635,0.314853
-0.22684513,-0.20109189,-0.0005096389,-0.002742506,-5.885635,-0.9573461
-0.007252431,0.15013745,-0.00025368907,-0.009778935,7.5801353,0.19835639
-0.22596525,-0.20093131,-0.0005096389,-0.002742506,-5.885635,-0.9583866
-0.015857335,0.2646296,0.00044951076,-0.06566743,-5.885635,0.31489894
-0.06999504,-0.19583741,-0.0005096389,-0.016258309,-5.885635,-0.9686982
-0.2304328,-0.18054685,-0.0005096389,-0.0050756573,-5.885635,-0.9719703
0.028482515,-0.34029967,-0.00039972086,-0.010958525,-5.885635,-0.07465363
-0.0186071,-0.2563005,-0.00036360713,0.018280506,-5.885635,-0.3885548
-0.040134683,0.051406898,-0.00036360713,-0.011903903,-5.885635,-1.1005439
-0.21748872,-0.20811513,-0.0005096389,-0.0050756573,-5.885635,-0.9573461
0.07038637,-0.30206883,-0.00039972086,0.048597585,7.5801353,0.10911279
-0.09307979,-0.22480045,-0.0005096389,-0.016557902,-5.885635,-0.4501954
0.08762572,0.23059696,0.00091238297,-0.015804853,-5.885635,0.3217999
-0.116681986,0.1731969,0.00010393001,-0.033548016,-5.885635,-1.114797
0.105013534,0.15279266,-0.00019328739,0.024712691,-5.885635,0.32291916
-0.22908767,-0.14577475,-0.0005096389,-0.0006493473,-5.885635,-1.0125139
-0.021630881,-0.027402591,2.3832195e-05,-0.015199816,-5.885635,0.17097661
0.08590641,-0.11195987,-0.0014506625,-0.0040180245,-5.885635,0.2968633
0.00028635608,0.2514944,0.0011295025,-0.001370946,7.5801353,0.20822906
-0.02256706,0.17260107,-0.00025368907,-0.008282067,-5.885635,0.13172963
-0.0204722,-0.07464278,-0.00025368907,-0.0044644456,-5.885635,-0.06814453
0.09964159,-0.40883055,-0.00019328739,-0.048180874,-5.885635,0.29079846
-0.22789498,-0.19539726,-0.0005096389,-0.0006493473,-5.885635,-0.964084
-0.18243976,-0.034679953,-0.00039972086,-0.01760398,-5.885635,-0.06591349
0.085662425,0.256987,0.00044951076,-0.07278454,7.5801353,0.32053104
0.09126778,0.2594219,0.00044951076,-0.05550661,7.5801353,0.32053104
-0.25656024,-0.20071621,-0.00039972086,-0.0012204968,-5.885635,0.16112822
0.09268705,0.2440296,0.00044951076,-0.05550661,7.5801353,0.31772083
0.1276598,-0.25389406,-0.002112294,-0.007059833,-5.885635,0.30350423
0.08489793,0.22264667,0.00091238297,-0.017332358,-5.885635,0.3213544
-0.0759107,-0.18372028,-0.0005096389,-0.0058296164,-5.885635,-0.9652277
-0.22908767,-0.14577475,-0.0005096389,-0.0006493473,-5.885635,-1.0125139
-0.22836022,-0.19523665,-0.0005096389,-0.0050756573,-5.885635,-0.9593531
0.09034613,0.051691815,-0.00019328739,-0.097395584,-5.885635,0.29847458
0.08821559,0.1870415,0.00091238297,0.026840163,-5.885635,0.32663584
-0.2304328,-0.18054685,-0.0005096389,-0.0050756573,-5.885635,-0.9719703
0.09126778,0.26507002,0.00044951076,-0.041364707,7.5801353,0.32181382
-0.26811826,-0.3351443,-0.00039972086,-0.03200308,-5.885635,0.102966465
-0.11433331,-0.036705844,-0.0005096389,-0.043528263,-5.885635,-1.0169928
0.095904924,0.076520465,-0.0014506625,0.012735475,7.5801353,0.31647065
-0.0014732671,-0.0900214,-0.00039972086,-0.023673378,7.5801353,0.19334444
0.10051393,-0.104363315,-0.00019328739,-0.02125462,7.5801353,0.30459046
-0.22908767,-0.18054685,-0.0005096389,-0.0006493473,-5.885635,-0.9777418
0.08755266,0.074910805,-0.00019328739,-0.049635876,-5.885635,0.30610162
0.0054221163,0.16459723,-0.00019328739,0.010508599,7.5801353,0.3218634
0.091659665,-0.12468404,-0.00019328739,-0.06483686,7.5801353,0.2944806
-0.23140489,-0.28169245,-0.00039972086,0.035998188,7.5801353,0.17945802
0.099724345,0.1636447,-0.00019328739,-0.030201368,7.5801353,0.3174939
-0.21834572,-0.20327437,-0.0005096389,-0.011474475,-5.885635,-0.9549311
-0.0034150577,0.08048388,2.3832195e-05,0.027370326,7.5801353,0.18281537
-0.20509186,-0.20947482,-0.0005096389,-0.005777199,-5.885635,-0.9676817
-0.21675794,-0.2960256,-0.00039972086,-0.031508975,-5.885635,-0.0568369
0.112195,-0.05496842,-0.0014506625,-0.018201556,-5.885635,0.31611997
-0.034823585,-0.25810987,-0.00039972086,0.04538058,-5.885635,-0.017983384
0.09017424,0.27636427,0.00091238297,-0.009356068,7.5801353,0.32468748
-0.22596525,-0.20093131,-0.0005096389,-0.002742506,-5.885635,-0.9583866
0.024011161,-0.40008393,-0.00039972086,-0.013866004,-5.885635,0.15582332
-0.019910172,0.07121845,-0.0014506625,0.002063437,-5.885635,0.30896747
-0.19508949,-0.07397545,-0.0005096389,0.0053109326,-5.885635,-1.0235003
-0.010443746,-0.32206914,-0.00039972086,-0.0667139,-5.885635,0.12985405
-0.013142042,-0.0815267,-0.00025368907,-0.00602927,7.5801353,0.11834172
0.13696477,-0.2848359,-0.0014506625,-0.022167137,-5.885635,0.30102262
-0.21748872,-0.20811513,-0.0005096389,-0.0050756573,-5.885635,-0.9573461
-0.005642914,-0.2089039,-0.0005096389,-0.06155808,-5.885635,-0.9604941
0.10440835,0.14740267,-0.0014506625,-0.034517705,7.5801353,0.30460116
0.08533245,0.213804,0.00091238297,0.00580828,-5.885635,0.32378832
0.10515369,-0.105391935,-0.0014506625,-0.0075095906,7.5801353,0.31943604
-0.073202,0.11791245,-0.00039972086,-0.05354036,-5.885635,0.010280732
-0.21526374,-0.20795456,-0.0005096389,-0.0006493473,-5.885635,-0.964158
-0.21834572,-0.20327437,-0.0005096389,-0.011474475,-5.885635,-0.9549311
0.018035715,-0.24296272,-0.0005096389,-0.011268882,-5.885635,-0.96123344
0.1312566,-0.29873055,-0.00019328739,-0.004255619,-5.885635,0.3069534
0.09126778,0.2594219,0.00044951076,-0.05550661,7.5801353,0.32053104
-0.14323097,0.06493453,-0.0005096389,0.002567404,-5.885635,-1.0457754
-0.24264447,-0.16545299,-0.0005096389,-0.0013542934,-5.885635,-0.97857386
0.105013534,0.15279266,-0.00019328739,0.024712691,7.5801353,0.32291916
-0.22393939,-0.3390277,-0.00039972086,-0.061728414,-5.885635,-0.040674552
0.13580485,-0.270076,-0.002112294,-0.10064116,7.5801353,0.28300038
-0.015994443,0.072426796,-8.608587e-05,0.012610457,-5.885635,-0.22659653
-0.2667918,-0.33529285,-0.00039972086,-0.033181053,-5.885635,0.102966465
-0.22908767,-0.18054685,-0.0005096389,-0.0006493473,-5.885635,-0.9777418
-0.2270151,-0.19523665,-0.0005096389,-0.0006493473,-5.885635,-0.96512455
-0.022493066,-0.11331479,-0.00039972086,-0.039845333,-5.885635,0.13929167
-0.008050395,0.058142528,-8.608587e-05,0.0123091955,-5.885635,-1.1117835
0.028482515,-0.34029967,-0.00039972086,-0.010958525,-5.885635,-0.07465363
0.085087694,-0.11228617,-0.00019328739,0.01719469,7.5801353,0.30476424
0.0926459,-0.3324703,-0.002112294,-0.00902033,-5.885635,0.29460093
-0.0748422,-0.18926641,-0.0005096389,-0.0023184964,-5.885635,-0.9642612
-0.22908767,-0.14577475,-0.0005096389,-0.0006493473,-5.885635,-1.0125139
-0.21660884,-0.20795456,-0.0005096389,-0.0050756573,-5.885635,-0.9583866
-0.23368065,-0.26888633,-0.0005096389,-0.01453575,-5.885635,-0.4171615
-0.08549015,-0.15987179,-0.0005096389,-0.019133953,-5.885635,-0.986293
0.095904924,0.076520465,-0.0014506625,-0.03886646,-5.885635,0.29999042
-0.22908767,-0.14577475,-0.0005096389,-0.0006493473,-5.885635,-1.0125139
0.09159351,0.26267824,0.00091238297,-0.010985002,-5.885635,0.3217999
-0.02143909,-0.014991728,-0.00036360713,0.03348292,-5.885635,-0.21541935
0.09296771,0.27801946,0.00091238297,-0.013802061,7.5801353,0.32463625
-0.18609348,0.020170642,-0.0005096389,-0.010575377,-5.885635,-1.0514855
-0.2304328,-0.18054685,-0.0005096389,-0.0050756573,-5.885635,-0.9719703
0.101970114,0.15985689,-0.00019328739,0.008352872,7.5801353,0.32102844
-0.011081288,-0.04208925,-8.608587e-05,0.0044165566,-5.885635,-1.0546851
0.10078866,-0.40736455,-0.0014506625,-0.040262353,-5.885635,0.29622158
0.037244808,-0.3583505,-0.00039972086,0.00730887,-5.885635,0.1212985
-0.009958272,0.1401469,0.00020901562,-0.003919277,-5.885635,-1.1462728
-0.22908767,-0.14577475,-0.0005096389,-0.0006493473,-5.885635,-1.0125139
-0.039724633,-0.16512296,-0.0005096389,-0.068375245,-5.885635,-0.47537863
0.11824504,-0.04411144,-0.0014506625,-0.00057184324,7.5801353,0.31936842
0.095904924,0.07309683,-0.0014506625,0.0167586,-5.885635,0.31587118
-0.028133072,-0.18797149,-0.0005096389,0.022669515,-5.885635,-0.44456214
0.08863232,0.17319468,-0.00019328739,0.008352872,7.5801353,0.32102844
-0.22836022,-0.19523665,-0.0005096389,-0.0050756573,-5.885635,-0.9593531
0.008072926,-0.38736603,-0.00039972086,-0.011134178,-5.885635,0.15631187
0.08747843,0.20606628,0.00091238297,0.011400035,-5.885635,0.32378832
0.09296771,0.27801946,0.00091238297,-0.013802061,7.5801353,0.32463625
-0.26660317,-0.33195058,-0.00039972086,-0.02966993,-5.885635,0.13017988
0.09017424,0.28135705,-0.0040962296,-0.03112658,7.5801353,0.32253993
-0.12228217,-0.10153115,-0.0022495217,0.010174561,-5.885635,0.08584006
-0.07860339,0.23447709,-0.028525602,0.025490945,7.5801353,0.2138662
-0.12582903,-0.08412999,-0.0031820047,-0.028245587,-5.885635,0.157933
-0.26806247,-0.26409134,-0.0022495217,-0.025539527,-5.885635,0.11793839
0.09038836,-0.29871765,-0.0022495217,0.07671431,-5.885635,0.13293007
-0.22996755,-0.17864043,0.00038731797,0.0014842901,-5.885635,-0.9817989
-0.013112523,-0.068946734,-0.0031820047,-0.0070843617,-5.885635,0.13569808
-0.026518384,0.019148625,-0.00054516504,-0.01115414,-5.885635,-1.08247
-0.05934949,-0.35620853,-0.00039972086,-0.022706948,7.5801353,0.10174689
-0.012514018,0.058437217,-0.00025368907,-0.00067220116,-5.885635,0.08093057
0.017746214,-0.38896856,-0.00025368907,-0.06776734,-5.885635,0.14061862
-0.029811855,-0.10318132,-0.00039972086,0.036871757,-5.885635,0.18178496
-0.22684513,-0.20109189,-0.0005096389,-0.002742506,-5.885635,-0.9573461
0.09159351,0.26267824,0.00091238297,-0.010985002,-5.885635,0.3217999
-0.17279582,0.1364404,-0.00025368907,0.0008676365,-5.885635,0.21683559
0.077247106,-0.14444137,-0.00019328739,-0.09600408,-5.885635,0.2944806
-0.22729172,-0.19762626,-0.0005096389,-0.0007482491,-5.885635,-0.96235937
0.085662425,0.256987,0.00044951076,-0.07278454,-5.885635,0.32053104
0.09107057,0.16074045,-0.0014506625,0.0076045077,-5.885635,0.31805384
-0.14323097,0.06066251,-0.0005096389,-0.00949294,-5.885635,-1.029443
-0.00052080886,0.05628664,2.3832195e-05,0.0027804752,7.5801353,0.14261138
-0.14185242,0.048834886,-0.0005096389,-0.043274116,-5.885635,-1.0185889
0.08871926,0.21194834,0.00044951076,-0.060326464,7.5801353,0.31772083
-0.2270151,-0.19523665,-0.0005096389,-0.0006493473,-5.885635,-0.96512455
0.09803102,0.074067235,-0.0014506625,0.0035828822,-5.885635,0.3134431
0.09420384,0.07675616,-0.00019328739,0.026250497,-5.885635,0.31988242
-0.079879686,-0.009745609,-0.0005096389,0.002414219,-5.885635,-1.0499682
-0.04352509,-0.10621034,-0.0005096389,-0.01760555,-5.885635,-1.0001189
0.046399593,-0.34040365,-0.00039972086,0.015604723,-5.885635,0.04281527
0.0926459,-0.34057215,-0.002112294,-0.011868823,-5.885635,0.29362845
-0.04978782,-0.16562495,-0.0005096389,0.030075476,-5.885635,-0.96964973
0.1172594,-0.03575307,-0.002112294,0.00981153,-5.885635,0.31738147
-0.22908767,-0.18054685,-0.0005096389,-0.0006493473,-5.885635,-0.9777418
-0.08246428,-0.28717875,-0.00025368907,-0.020514442,-5.885635,0.12025001
0.092028044,0.25322488,0.00091238297,0.00580828,-5.885635,0.32378832
0.09982413,0.17286013,-0.00019328739,-0.0014649169,7.5801353,0.31998897
-0.23946626,-0.348879,-0.00039972086,-0.068492636,-5.885635,0.114055716
-0.22836022,-0.19523665,-0.0005096389,-0.0050756573,-5.885635,-0.9593531
0.071866356,-0.0069573396,-0.00019328739,0.018835735,7.5801353,0.3254219
-0.11862938,0.20288058,-0.00036360713,0.022404274,-5.885635,-1.0959309
0.08769139,0.22320624,0.00091238297,-0.020500438,-5.885635,0.32116944
-0.09307979,-0.20921563,-0.0005096389,-0.018052578,-5.885635,-0.5018109
0.042607434,-0.32918167,-0.00039972086,0.056042433,-5.885635,0.15558955
-0.22789498,-0.19539726,-0.0005096389,-0.0006493473,-5.885635,-0.964084
-0.22836022,-0.19523665,-0.0005096389,-0.0050756573,-5.885635,-0.9593531
-0.22908767,-0.18054685,-0.0005096389,-0.0006493473,-5.885635,-0.9777418
-0.13582051,0.08377045,-0.00036360713,-0.005325605,-5.885635,-1.1104205
0.09233215,0.08961482,-0.0014506625,-0.021741962,7.5801353,0.31302613
-0.22791363,-0.19554576,-0.0005096389,-0.006253627,-5.885635,-0.95831263
0.09296771,0.27801946,0.00091238297,-0.013802061,-5.885635,0.32463625
0.086386554,0.17698249,-0.00019328739,-0.030201368,-5.885635,0.3174939
0.1356349,-0.19694588,-0.002112294,-0.004713826,-5.885635,0.3133227
-0.2270151,-0.19523665,-0.0005096389,-0.0006493473,-5.885635,-0.96512455
-0.22908767,-0.14577475,-0.0005096389,-0.0006493473,-5.885635,-1.0125139
-0.23946626,-0.3737678,-0.00039972086,-0.074442044,-5.885635,0.08744017
-0.2292401,-0.19539726,-0.0005096389,-0.0050756573,-5.885635,-0.95831263
-0.1769248,0.03248426,-0.0005096389,-0.035439637,-5.885635,-1.0155509
-0.011727024,0.11335048,-0.0014506625,0.0024031033,7.5801353,0.30498564
0.101970114,0.15985689,-0.00019328739,0.008352872,-5.885635,0.32102844
0.10684838,0.1451416,-0.0014506625,0.0074255597,7.5801353,0.31805384
-0.011854557,-0.07069028,-0.00025368907,-0.0025961027,-5.885635,0.19257
0.105194084,0.14425863,-0.0014506625,0.009962814,-5.885635,0.31805384
-0.22596525,-0.20093131,-0.0005096389,-0.002742506,-5.885635,-0.9583866
-0.19108915,-0.22139789,-0.00036360713,-0.033188514,-5.885635,-0.9424962
0.09028772,0.08575833,-0.002112294,-0.031292092,7.5801353,0.30950537
-0.115996085,-0.033966634,-0.00036360713,-0.017733034,-5.885635,-1.0440105
-0.2543512,-0.3096265,-0.00039972086,-0.021041343,-5.885635,-0.083026856
0.07079417,0.05854667,-0.00019328739,0.018998286,-5.885635,0.31983584
0.09693087,0.14419004,-0.00019328739,-0.06941142,7.5801353,0.31114048
-0.01200067,0.049265373,-0.00036360713,-0.011140528,-5.885635,-1.0983986
-0.058483224,-0.03937936,-0.00039972086,-0.019026577,7.5801353,0.19840622
-0.2292401,-0.19539726,-0.0005096389,-0.0050756573,-5.885635,-0.95831263
-0.0143391825,-0.03434375,-0.00036360713,-0.004251218,-5.885635,-1.0502274
-0.2292401,-0.19539726,-0.0005096389,-0.0050756573,-5.885635,-0.95831263
-0.2304328,-0.18054685,-0.0005096389,-0.0050756573,-5.885635,-0.9719703
-0.018157054,-0.14363877,-0.00025368907,-0.010933952,-5.885635,0.09427216
-0.04206402,-0.018388437,2.3832195e-05,-0.001908367,-5.885635,-0.050105304
0.021684531,-0.23645952,-0.0005096389,-0.01014908,-5.885635,-0.95240456
-0.009355327,-0.3385412,0.0020511495,-0.030882038,-5.885635,0.14665735
0.08762572,0.22998628,0.00091238297,-0.02215221,7.5801353,0.3213544
0.095904924,0.076520465,-0.0014506625,0.003255756,-5.885635,0.3134431
-0.2667918,-0.33529285,-0.00039972086,-0.033181053,-5.885635,0.102966465
-0.20119344,-0.061407004,-0.00039972086,-0.025087453,-5.885635,0.12864733
0.08863232,0.17319468,-0.00019328739,0.008352872,-5.885635,0.32102844
0.060860578,-0.021133607,-0.0014506625,-0.0049867965,-5.885635,0.3145425
-0.17403673,0.1917459,-0.00025368907,0.016144082,-5.885635,0.028511312
0.0064532375,0.21160959,-0.0005096389,-0.0049276096,-5.885635,-0.17536804
-0.017664274,-0.07655559,-0.00025368907,-0.01697084,-5.885635,0.20739773
0.026079513,-0.27281675,-0.0005096389,-0.02385221,-5.885635,-0.477882
0.09491117,0.22646238,0.00091238297,0.026840163,7.5801353,0.32663584
-0.02517264,0.06633466,-0.00025368907,-0.012762932,-5.885635,0.15313253
0.10927622,-0.05528696,-0.002112294,0.012787843,7.5801353,0.31967545
0.10001277,-0.07611039,-0.0014506625,-0.0045573534,-5.885635,0.31458995
0.08359309,0.15752782,-0.00019328739,-0.06941142,-5.885635,0.31114048
0.09268705,0.2440296,0.00044951076,-0.05550661,-5.885635,0.31772083
-0.05808068,-0.20591359,-0.00036360713,-0.027363885,-5.885635,-0.95957685
-0.21675794,-0.2960256,-0.00039972086,-0.01214642,-5.885635,-0.07619944
-0.22996755,-0.18070742,-0.0005096389,-0.0006493473,-5.885635,-0.97670126
-0.054179408,-0.021801101,-0.00036360713,-0.009718102,-5.885635,-0.7129944
0.09126778,0.2594219,0.00044951076,-0.05550661,-5.885635,0.32053104
0.09126778,0.26507002,0.00044951076,-0.041364707,7.5801353,0.32181382
-0.27019083,-0.2908658,-0.00039972086,-0.03200308,-5.885635,0.1360954
-0.18733962,0.0074825305,-0.0005096389,-0.044900436,-5.885635,-1.0155509
-0.095400184,-0.19925243,-0.00039972086,-0.04367038,-5.885635,0.033163905
0.036869317,-0.3325007,-0.00039972086,0.0591098,7.5801353,0.16656074
-0.22908767,-0.18054685,-0.0005096389,-0.0006493473,-5.885635,-0.9777418
-0.014457867,0.15502098,-0.00025368907,-0.027861655,-5.885635,0.21533015
-0.0012310513,0.07497181,-0.00025368907,0.021820236,-5.885635,-0.0153844785
-0.19959483,-0.14213648,-0.0005096389,0.00048024033,-5.885635,-0.9941055
-0.11433331,-0.035813533,-0.00036360713,-0.015326634,-5.885635,-1.0462328
0.0072284816,0.187831,2.3832195e-05,0.012375131,-5.885635,0.21604794
-0.009958272,0.14047861,0.00020901562,-0.0078118443,-5.885635,-1.1427119
-0.20543881,-0.16118802,-0.00039972086,-0.008365415,7.5801353,0.19025335
0.09126778,0.2594219,0.00044951076,-0.05550661,-5.885635,0.32053104
-0.22908767,-0.14577475,-0.0005096389,-0.0006493473,-5.885635,-1.0125139
-0.22836022,-0.19523665,-0.0005096389,-0.0050756573,-5.885635,-0.9593531
-0.001348722,0.10000691,2.3832195e-05,-0.008705739,-5.885635,-0.017041245
0.08863232,0.17319468,-0.00019328739,0.008352872,7.5801353,0.32102844
0.08673728,-0.110605575,-0.0014506625,0.007807427,-5.885635,0.30658185
-0.22836022,-0.19523665,-0.0005096389,-0.0050756573,-5.885635,-0.9593531
0.103231356,0.055108197,-0.0014506625,0.0053813644,7.5801353,0.31187838
-0.0013623859,-0.15374221,2.3832195e-05,-0.04959728,-5.885635,0.12595314
0.10194727,-0.36400378,-0.002112294,-0.028595494,-5.885635,0.29729572
0.09044592,0.047438078,-0.00019328739,-0.05290675,-5.885635,0.29781657
-0.21616225,-0.20826364,-0.0005096389,-0.006253627,-5.885635,-0.9573461
-0.22836022,-0.19523665,-0.0005096389,-0.0050756573,-5.885635,-0.9593531
-0.20509186,-0.20947482,-0.0005096389,-0.005777199,-5.885635,-0.9676817
-0.22908767,-0.18054685,-0.0005096389,-0.0006493473,-5.885635,-0.9777418
0.10186513,-0.10004453,-0.0014506625,-8.871732e-05,-5.885635,0.3224636
-0.22908767,-0.18054685,-0.0005096389,-0.0006493473,-5.885635,-0.9777418
0.0030733384,-0.29947165,-0.0005096389,-0.028230252,-5.885635,-0.42326027
0.09420384,0.07675616,-0.00019328739,0.026250497,7.5801353,0.31988242
-0.1997049,-0.3500877,-0.00039972086,-0.0033795517,-5.885635,-0.0655587
0.08599146,0.20460872,0.00044951076,-0.05550661,-5.885635,0.31772083
-0.22594659,-0.2007828,-0.0005096389,0.002861774,-5.885635,-0.964158
-0.2524028,-0.315012,-0.00039972086,-0.01753022,-5.885635,-0.08310081
-0.21250512,-0.21180707,-0.0005096389,-0.010789357,-5.885635,-0.9529241
-0.22908767,-0.18054685,-0.0005096389,-0.0006493473,-5.885635,-0.9777418
0.100048766,-0.39114812,-0.0014506625,-0.10357623,7.5801353,0.2835892
-0.067878366,-0.17590645,-0.0005096389,0.01192311,-5.885635,-0.9686832
0.014049297,-0.4046461,-0.00025368907,-0.062431935,-5.885635,0.1251426
-0.22908767,-0.18054685,-0.0005096389,-0.0006493473,-5.885635,-0.9777418
-0.23131268,-0.18070742,-0.0005096389,-0.0050756573,-5.885635,-0.97092986
-0.07042063,-0.19583741,-0.0005096389,-0.015407123,-5.885635,-0.9691238
-0.011662245,-0.06489473,-0.002112294,-0.09558851,7.5801353,0.28488716
0.095904924,0.060537122,-0.0014506625,0.0167586,7.5801353,0.31490597
-0.10627214,-0.17780484,-0.00036360713,0.07444015,-5.885635,-0.23956224
0.1024289,-0.40718928,-0.0014506625,-0.04239543,-5.885635,0.2965392
0.11520936,-0.05871138,-0.002112294,0.010279113,-5.885635,0.31967545
-0.22996755,-0.19282973,0.0035314327,0.0014842901,-5.885635,-0.9707537
-0.043840338,-0.3418205,-0.00039972086,-0.02074588,-5.885635,0.16309693
-0.048520364,-0.14176852,-0.00039972086,-0.041640073,-5.885635,0.19442526
-0.10428624,0.07942008,-0.00025368907,-0.001087903,-5.885635,0.16914529
0.13218576,-0.2772854,-0.0014506625,-0.02283013,7.5801353,0.29891413
-0.004663444,-0.03492006,-0.00036360713,-0.016703676,-5.885635,-1.0468743
-0.015089355,0.14089589,-0.0014506625,0.00089939183,-5.885635,0.32160997
0.08769139,0.22010249,0.00091238297,-0.02155785,-5.885635,0.3208833
-0.025163064,0.08179523,-0.00025368907,-0.002937133,-5.885635,0.18768659
-0.22836022,-0.19523665,-0.0005096389,-0.0050756573,-5.885635,-0.9593531
-0.22908767,-0.14577475,-0.0005096389,-0.0006493473,-5.885635,-1.0125139
-0.2270151,-0.19523665,-0.0005096389,-0.0006493473,-5.885635,-0.96512455
-0.071635,-0.08276535,-0.00039972086,-0.042774808,-5.885635,-0.0639061
-0.21250512,-0.20865053,-0.0005096389,-0.009973068,-5.885635,-0.95689684
0.09835997,-0.07546185,-0.0014506625,0.002145335,7.5801353,0.30074358
-0.023316681,0.21411157,0.00020901562,-0.027202344,-5.885635,-0.69286627
-0.05987796,-0.29283684,-0.00039972086,0.021299517,-5.885635,-0.06303325
0.08762572,0.2388259,0.00091238297,-0.030097242,-5.885635,0.3204598
-0.2270151,-0.19523665,-0.0005096389,-0.0006493473,-5.885635,-0.96512455
0.090419196,0.23054585,0.00091238297,-0.018621912,7.5801353,0.32182604
-0.18733962,0.0074825305,-0.0005096389,-0.040510967,-5.885635,-1.0199403
-0.24264447,-0.16545299,-0.0005096389,-0.0013542934,-5.885635,-0.97857386
0.10356651,-0.23904008,-0.00019328739,-0.1253877,7.5801353,0.2854169
-0.1774223,0.0033473591,-0.0005096389,-0.01881509,-5.885635,-1.0350937
0.10224325,-0.06512195,-0.0014506625,0.0059529254,7.5801353,0.31458995
-0.22996755,-0.14593533,-0.0005096389,-0.0006493473,-5.885635,-1.0114734
0.017746214,-0.39309913,-0.00039972086,-0.07392888,-5.885635,0.17695779
-0.22908767,-0.14577475,-0.0005096389,-0.0006493473,-5.885635,-1.0125139
0.09266496,0.22042662,0.00091238297,0.0136009045,-5.885635,0.32378832
-0.0077120885,-0.033248145,2.3832195e-05,-0.0030963686,-5.885635,0.10156409
0.08599146,0.20460872,0.00044951076,-0.05550661,-5.885635,0.31772083
0.07124917,-0.006146872,-0.002112294,-0.094456255,-5.885635,0.29243374
-0.22908767,-0.14577475,-0.0005096389,-0.0006493473,-5.885635,-1.0125139
-0.22908767,-0.14577475,-0.0005096389,-0.0006493473,-5.885635,-1.0125139
0.09693087,0.167022,-0.00019328739,-0.02405812,7.5801353,0.31876752
-0.22908767,-0.14577475,-0.0005096389,-0.0006493473,-5.885635,-1.0125139
-0.22908767,-0.14577475,-0.0005096389,-0.0006493473,-5.885635,-1.0125139
-0.2192256,-0.2060158,-0.0005096389,-0.015674733,-5.885635,-0.9471095
0.09017424,0.26255113,0.00091238297,-0.025277391,7.5801353,0.3204598
-0.01953009,-0.12120159,-0.00025368907,-0.005450178,-5.885635,0.12843096
0.09417402,0.24548715,0.00091238297,0.011400035,7.5801353,0.32378832
-0.2112514,-0.21239415,-0.0005096389,-0.010415539,-5.885635,-0.9539646
0.099724345,0.143803,-0.00019328739,-0.07181785,-5.885635,0.31114048
-0.07042063,-0.20216182,-0.0005096389,-0.017189046,-5.885635,-0.9610175
0.09438698,0.26262712,0.00091238297,-0.013802061,-5.885635,0.32182604
-0.10913152,0.09879957,-0.00036360713,0.04136317,-5.885635,-1.050062
-0.19033621,0.0120887365,-0.0005096389,-0.010575377,-5.885635,-1.0514855
0.101932354,-0.07802998,-0.0014506625,-0.0045573534,-5.885635,0.31458995
0.08038611,0.2021738,0.00044951076,-0.07278454,-5.885635,0.31772083
0.031079099,-0.3636127,-0.00039972086,-0.00012834545,7.5801353,0.1586875
0.08359309,0.18035978,-0.00019328739,-0.02405812,7.5801353,0.31876752
-0.20421198,-0.21248211,-0.0005096389,-0.0067428336,-5.885635,-0.9645887
-0.22908767,-0.18054685,-0.0005096389,-0.0006493473,-5.885635,-0.9777418
0.05608728,-0.20138724,-0.00019328739,-0.13975854,-5.885635,0.27691898
-0.22908767,-0.14577475,-0.0005096389,-0.0006493473,-5.885635,-1.0125139
0.09693087,0.14419004,-0.00019328739,-0.06941142,-5.885635,0.31114048
0.09268705,0.2440296,0.00044951076,-0.05550661,7.5801353,0.31772083
-0.22908767,-0.19316408,-0.0005096389,-0.0006493473,-5.885635,-0.96512455
0.110577345,-0.08548965,-0.0014506625,-0.0047556674,-5.885635,0.31508538
-0.25656024,-0.18701784,-0.00039972086,-0.0014276826,-5.885635,0.1818924
0.086386554,0.15714079,-0.00019328739,-0.07181785,-5.885635,0.31114048
-0.22908767,-0.18054685,-0.0005096389,-0.0006493473,-5.885635,-0.9777418
0.08489793,0.22325735,0.00091238297,-0.010985002,-5.885635,0.3217999
-0.22908767,-0.14577475,-0.0005096389,-0.0006493473,-5.885635,-1.0125139
-0.23126899,-0.36868435,-0.00039972086,-0.016590007,-5.885635,0.102397464
0.0034694346,0.2648753,0.00091238297,0.014213966,-5.885635,0.31815618
0.10602168,-0.37334043,-0.002112294,-0.034276288,7.5801353,0.3051411
-0.22836022,-0.19523665,-0.0005096389,-0.0050756573,-5.885635,-0.9593531
-0.030868951,-0.1517747,-0.00025368907,-0.015142679,-5.885635,0.17141208
0.090419196,0.23054585,0.00091238297,-0.02532029,-5.885635,0.32116944
-0.22908767,-0.18054685,-0.0005096389,-0.0006493473,-5.885635,-0.9777418
-0.18734226,-0.08155751,-0.0005096389,-0.03158962,-5.885635,-0.98676485
-0.22836022,-0.19523665,-0.0005096389,-0.0050756573,-5.885635,-0.9593531
-0.22684513,-0.19793534,-0.0005096389,-0.0019262178,-5.885635,-0.9613189
-0.02530968,0.22509591,0.0008519813,0.0046608476,7.5801353,0.22642106
-0.25226316,-0.33476505,-0.00039972086,-0.051512226,-5.885635,0.10600766
0.09268705,0.2440296,0.00044951076,-0.05550661,-5.885635,0.31772083
-0.27107072,-0.3332323,-0.00039972086,-0.03200308,-5.885635,0.10400694
0.12108843,-0.35874593,-0.0014506625,-0.033961687,-5.885635,0.30863014
-0.033277042,-0.3055326,-0.00039972086,0.03441883,-5.885635,0.14893872
-0.06314225,-0.25335974,-0.002112294,-0.1019243,-5.885635,0.29755676
-0.12050477,-0.05355353,-0.0005096389,-0.0609979,-5.885635,-0.48614112
-0.005642914,-0.20801158,-0.00036360713,-0.05121741,-5.885635,-0.9718731
-0.20708247,-0.20947482,-0.0005096389,-0.018481903,-5.885635,-0.9529864
0.0875978,-0.09550933,-0.0014506625,0.0061790124,7.5801353,0.30406293
-0.20526738,-0.24531241,-0.0005096389,-0.010109439,-5.885635,-0.40832978
-0.11626203,-0.04457932,-0.00036360713,-0.032796275,-5.885635,-0.5153811
-0.22908767,-0.14577475,-0.0005096389,-0.0006493473,-5.885635,-1.0125139
0.031079099,-0.3636127,-0.00039972086,-0.00012834545,-5.885635,0.1586875
0.13733047,-0.29312682,-0.0014506625,-0.013733393,-5.885635,0.30051407
0.029102255,-0.3729578,-0.00039972086,-0.010407464,-5.885635,0.10520668
-0.20466958,-0.0058768485,-0.00039972086,0.031106768,-5.885635,0.17774674
0.10152245,-0.078439884,-0.00019328739,0.017791796,7.5801353,0.32102928
0.09296771,0.27801946,0.00091238297,-0.013802061,-5.885635,0.32463625
-0.23126705,-0.27443245,-0.0005096389,-0.0065983157,-5.885635,-0.4219664
-0.22996755,-0.18070742,-0.0005096389,-0.0006493473,-5.885635,-0.97670126
-0.017481977,0.1173511,-0.00036360713,-0.0048267245,-5.885635,-1.1216615
0.09017424,0.2862995,0.00091238297,-0.025277391,7.5801353,0.32327002
0.06628423,-0.0039820457,-0.0014506625,-0.002232872,7.5801353,0.31294256
-0.005642914,-0.2089039,-0.0005096389,-0.06155808,-5.885635,-0.9604941
0.007743765,-0.33899498,-0.00036360713,-0.060390852,-5.885635,-0.3028362
0.018712904,-0.20745428,-0.002112294,0.016716182,7.5801353,0.31795853
0.09296771,0.27801946,0.00091238297,-0.013802061,7.5801353,0.32463625
-0.22908767,-0.1452798,0.0035314327,0.0014842901,-5.885635,-1.0191836
-0.016162807,-0.04092201,-0.00036360713,-0.0068832682,-5.885635,-1.0515181
0.10120868,-0.40474886,-0.0014506625,-0.043615643,-5.885635,0.2965392
-0.22908767,-0.14577475,-0.0005096389,-0.0006493473,-5.885635,-1.0125139
-0.056887142,-0.009777166,-0.00039972086,0.015614824,7.5801353,-0.046085693
0.00036882097,0.15301946,2.3832195e-05,0.01953021,-5.885635,0.02486334
-0.2532827,-0.29826686,-0.00039972086,-0.01753022,-5.885635,-0.04575509
0.047771204,-0.34536713,-0.002112294,0.021414142,-5.885635,0.25677595
0.08769139,0.22320624,0.00091238297,-0.013802061,7.5801353,0.32182604
-0.18279028,0.15143973,-0.00036360713,-0.0063604843,-5.885635,-1.1054213
0.095904924,0.07309683,-0.0014506625,0.007278879,-5.885635,0.3128436
-0.18561853,0.1350024,-0.00036360713,-0.004293803,-5.885635,-1.1061449
0.090419196,0.23054585,0.00091238297,-0.018621912,-5.885635,0.32182604
-0.050814882,-0.16562495,-0.0005096389,0.0321296,-5.885635,-0.9706768
-0.13401169,0.20302089,-0.00025368907,0.024425127,7.5801353,0.17025456
-0.13951178,0.22447592,-0.00025368907,0.007844981,-5.885635,0.19282123
-0.20321345,-0.2601507,-0.0005096389,-0.015713718,-5.885635,-0.38994113
-0.015904978,-0.072976634,-0.002112294,-0.09558851,-5.885635,0.28488716
-0.22594659,-0.19762626,-0.0005096389,0.0036780625,-5.885635,-0.96813077
0.1045434,0.1304509,-0.0014506625,-0.023744902,-5.885635,0.30910555
0.09017424,0.27636427,0.00091238297,-0.009356068,7.5801353,0.32468748
-0.21528237,-0.20810306,-0.0005096389,-0.006253627,-5.885635,-0.9583866
-0.22908767,-0.14577475,-0.0005096389,-0.0006493473,-5.885635,-1.0125139
-0.22908767,-0.14577475,-0.0005096389,-0.0006493473,-5.885635,-1.0125139
-0.024443172,-0.056766544,-0.0005096389,0.012661339,-5.885635,-1.047859
-0.22908767,-0.14577475,-0.0005096389,-0.0006493473,-5.885635,-1.0125139
0.031079099,-0.37945256,-0.00039972086,-0.006077753,7.5801353,0.15727839
0.10440835,0.14740267,-0.0014506625,0.017084226,-5.885635,0.3210814
-0.17344868,0.031910304,-0.0005096389,-0.0383418,-5.885635,-1.0155509
0.09017424,0.27807057,0.00091238297,-0.010985002,7.5801353,0.3246101
-0.19020925,-0.21590748,-0.0005096389,-0.04184953,-5.885635,-0.94005936
0.09438698,0.27052015,0.00091238297,-0.027683824,-5.885635,0.3204598
-0.046989225,0.056091696,-0.00036360713,-0.01043447,-5.885635,-1.0998435
0.085497595,-0.11187627,-0.0014506625,0.004325257,7.5801353,0.30135247
0.08359309,0.15752782,-0.00019328739,-0.06941142,-5.885635,0.31114048
-0.22596525,-0.19777477,-0.0005096389,-0.0019262178,-5.885635,-0.96235937
-0.22596525,-0.20093131,-0.0005096389,-0.002742506,-5.885635,-0.9583866
-0.22836022,-0.19523665,-0.0005096389,-0.0050756573,-5.885635,-0.9593531
0.10697814,-0.38418937,-0.002112294,-0.035230022,-5.885635,0.2958866
-0.20509186,-0.21579923,-0.0005096389,-0.0075591207,-5.885635,-0.9595755
-0.22703375,-0.19538516,-0.0005096389,-0.006253627,-5.885635,-0.9593531
-0.26660317,-0.31866497,-0.00039972086,-0.014181217,-5.885635,0.090348564
-0.22596525,-0.1946069,-0.0005096389,-0.0009605824,-5.885635,-0.96649283
0.08755266,0.028429579,-0.00019328739,-0.0818473,-5.885635,0.29518437
0.09268705,0.2440296,0.00044951076,-0.05550661,-5.885635,0.31772083
-0.011165199,-0.040567096,-0.00025368907,-0.019767698,7.5801353,0.22541901
-0.22908767,-0.18054685,-0.0005096389,-0.0006493473,-5.885635,-0.9777418
0.100048766,-0.38650414,-0.002112294,-0.12849526,-5.885635,0.27803242
-0.077280454,-0.2669973,-0.0005096389,-0.026913019,-5.885635,-0.43000287
-0.19959483,-0.14213648,-0.0005096389,0.00048024033,-5.885635,-0.9941055
-0.2292401,-0.19539726,-0.0005096389,-0.0050756573,-5.885635,-0.95831263
-0.2270151,-0.19523665,-0.0005096389,-0.0006493473,-5.885635,-0.96512455
-0.0748422,-0.17712174,-0.0005096389,0.0077763335,-5.885635,-0.98650056
-0.08629843,-0.038783588,-0.00039972086,0.030776152,7.5801353,0.19345286
-0.22791363,-0.19554576,-0.0005096389,-0.006253627,-5.885635,-0.95831263
-0.21250512,-0.20548266,-0.0005096389,-0.0090074325,-5.885635,-0.9610303
-0.20160283,-0.3712714,-0.00039972086,-0.035014585,-5.885635,0.13627884
-0.23233555,-0.2533015,-0.0005096389,-0.011604114,-5.885635,-0.47454843
-0.024332521,-0.041597217,-0.00036360713,-0.006551831,-5.885635,-1.0430046
0.09017424,0.2862995,0.00091238297,-0.025277391,7.5801353,0.32327002
0.086386554,0.17698249,-0.00019328739,-0.036899745,7.5801353,0.31683728
-0.2212659,-0.20435643,-0.0005096389,-0.004016721,-5.885635,-0.9583866
-0.014156304,-0.066227965,-0.0005096389,0.011835889,-5.885635,-1.047859
0.09982413,0.16759461,-0.00019328739,0.0027611176,7.5801353,0.32102844
-0.006774467,0.18818857,2.3832195e-05,0.017149877,7.5801353,0.22491854
-0.22836022,-0.19523665,-0.0005096389,-0.0050756573,-5.885635,-0.9593531
0.09038836,-0.30639267,-0.00039972086,0.074695185,7.5801353,0.14077446
-0.05987796,-0.31219542,-0.00039972086,-0.0034501245,-5.885635,-0.06533682
0.09296771,0.25427106,0.00091238297,-0.013802061,7.5801353,0.32182604
0.09326836,0.17560221,-0.00019328739,0.029578533,7.5801353,0.32449317
-0.052436095,-0.31026798,-0.00039972086,0.012755344,-5.885635,0.14893872
-0.26899815,-0.3353049,-0.00039972086,-0.03200308,-5.885635,0.10400694
-0.019524988,-0.09025663,-0.00039972086,0.03583912,7.5801353,0.1938614
-0.22789498,-0.19539726,-0.0005096389,-0.0006493473,-5.885635,-0.964084
-0.22908767,-0.14577475,-0.0005096389,-0.0006493473,-5.885635,-1.0125139
0.08769139,0.22320624,0.00091238297,-0.013802061,-5.885635,0.32182604
-0.017635025,-0.13327025,-0.00039972086,-0.0113798715,-5.885635,0.07909166
-0.22836022,-0.19523665,-0.0005096389,-0.0050756573,-5.885635,-0.9593531
-0.009185055,0.2566933,0.0008519813,0.008641448,-5.885635,0.23127371
-0.017914832,-0.11638392,-0.00025368907,-0.027741756,-5.885635,0.11134782
-0.07413076,-0.24457629,-0.00039972086,0.01197581,-5.885635,0.16627228
0.09967727,0.08601944,-0.0014506625,0.0043127723,7.5801353,0.31092414
0.090419196,0.23054585,0.00091238297,-0.018621912,7.5801353,0.32182604
0.0038761701,-0.29894552,-0.00036360713,0.0065912534,-5.885635,-0.373264
-0.1435152,0.05983102,-0.00036360713,-0.017478894,-5.885635,-1.0538634
-0.069690816,-0.19900528,-0.0005096389,-0.026357027,-5.885635,-0.95573586
-0.050814882,-0.16512999,0.0035314327,0.03426324,-5.885635,-0.9773464
0.08769139,0.22320624,0.00091238297,-0.013802061,7.5801353,0.32182604
-0.22908767,-0.18054685,-0.0005096389,-0.0006493473,-5.885635,-0.9777418
0.012074954,0.09739302,-0.00025368907,0.02453396,-5.885635,0.19038498
-0.25768283,-0.24777474,-0.0005096389,-0.012468296,-5.885635,-0.22597787
-0.021273244,-0.084548794,-0.0005096389,0.0321296,-5.885635,-1.0180662
-0.06201314,-0.0034654546,-8.608587e-05,-0.011805823,-5.885635,-1.0096952
0.09669065,0.07337643,-0.0014506625,0.005614061,7.5801353,0.3134431
-0.17644526,0.036516514,-0.0005096389,-0.0040167393,-5.885635,-1.0514855
-0.2281716,-0.20094338,-0.0005096389,-0.0015645378,-5.885635,-0.9573461
-0.22908767,-0.18054685,-0.0005096389,-0.0006493473,-5.885635,-0.9777418
-0.2270151,-0.19523665,-0.0005096389,-0.0006493473,-5.885635,-0.96512455
-0.20509186,-0.21264268,-0.0005096389,-0.0067428336,-5.885635,-0.96354824
0.09159351,0.26206756,0.00091238297,-0.017332358,-5.885635,0.3213544
-0.21250512,-0.21438795,-0.0005096389,-0.014989614,-5.885635,-0.946143
-0.22908767,-0.14577475,-0.0005096389,-0.0006493473,-5.885635,-1.0125139
-0.22908767,-0.19316408,-0.0005096389,-0.0006493473,-5.885635,-0.96512455
0.085662425,0.256987,0.00044951076,-0.07278454,-5.885635,0.32053104
0.100048766,-0.38886833,-0.0014506625,-0.10593355,-5.885635,0.28366676
0.10440835,0.14740267,-0.0014506625,0.0076045077,7.5801353,0.31805384
-0.040684715,-0.3229859,-0.00039972086,0.012755344,-5.885635,0.14990523
0.06609287,-0.34204805,-0.00039972086,0.04812007,-5.885635,0.13427973
-0.22908767,-0.19316408,-0.0005096389,-0.0006493473,-5.885635,-0.96512455
-0.22836022,-0.19523665,-0.0005096389,-0.0050756573,-5.885635,-0.9593531
0.10270727,0.14763835,-0.00019328739,0.030599251,7.5801353,0.32449317
-0.21528237,-0.20810306,-0.0005096389,-0.006253627,-5.885635,-0.9583866
0.07614533,-0.1343034,-0.00019328739,-0.11889985,-5.885635,0.2922458
-0.21660884,-0.20795456,-0.0005096389,-0.0050756573,-5.885635,-0.9583866
0.0875978,-0.09550933,-0.0014506625,0.0061790124,-5.885635,0.30406293
-0.021576125,-0.06396941,-0.00025368907,0.032496866,7.5801353,-0.035023592
-0.2251064,-0.18775982,-0.0005096389,-0.008651592,-5.885635,-0.96650785
-0.0037009534,-0.07333862,-0.00025368907,-0.01655787,-5.885635,-0.01784256
0.08359309,0.18035978,-0.00019328739,-0.02405812,7.5801353,0.31876752
0.10270727,0.14763835,-0.00019328739,0.030599251,-5.885635,0.32449317
-0.22908767,-0.18054685,-0.0005096389,-0.0006493473,-5.885635,-0.9777418
-0.0318505,-0.08379199,-0.0014506625,-0.016517723,-5.885635,0.293417
-0.09391153,-0.25567856,-0.00039972086,-0.034814972,-5.885635,-0.09700071
0.09070241,0.18366177,-0.00034499215,0.0062037236,-5.885635,0.3201965
-0.22836022,-0.19523665,-0.0005096389,-0.0050756573,-5.885635,-0.9593531
-0.033943757,-0.11450464,-0.0031820047,-0.007196246,-5.885635,0.15867868
-0.22791363,-0.19554576,-0.0005096389,-0.006253627,-5.885635,-0.95831263
-0.008687228,-0.11097275,-0.00025368907,-0.007887207,-5.885635,0.11463972
0.09420384,0.07333251,-0.00019328739,0.03027362,7.5801353,0.31928295
0.08769139,0.22320624,0.00091238297,-0.013802061,7.5801353,0.32182604
-0.22836022,-0.19523665,-0.0005096389,-0.0050756573,-5.885635,-0.9593531
-0.18112975,-0.015965244,-0.0005096389,-0.051483195,-5.885635,-0.670718
-0.19871494,-0.14197588,-0.0005096389,0.00048024033,-5.885635,-0.995146
0.08769139,0.22320624,0.00091238297,-0.013802061,-5.885635,0.32182604
0.0220051,-0.28716677,-0.0005096389,-0.015085238,-5.885635,-0.4306444
0.09669065,0.07337643,-0.0014506625,0.005614061,7.5801353,0.3134431
0.09438698,0.26262712,0.00091238297,-0.013802061,-5.885635,0.32182604
0.093195304,0.07745478,-0.00019328739,0.0062725064,7.5801353,0.317516
0.085662425,0.256987,0.00044951076,-0.07278454,-5.885635,0.32053104
-0.22053595,-0.28877655,-0.00039972086,0.026752623,-5.885635,0.08279701
0.08599146,0.20460872,0.00044951076,-0.05550661,7.5801353,0.31772083
-0.021619152,0.049080398,2.3832195e-05,-0.063814774,-5.885635,0.12474256
0.08762572,0.22998628,0.00091238297,-0.02215221,7.5801353,0.3213544
-0.012971564,-0.08854182,-0.002112294,-0.09281207,-5.885635,0.272686
0.10441014,0.15759581,-0.00019328739,0.008173924,-5.885635,0.32102844
-0.11280962,-0.09428775,-0.00039972086,0.01898232,-5.885635,0.1786257
-0.25592032,-0.34817126,-0.00039972086,-0.033181053,-5.885635,0.10497346
0.08762572,0.2388259,0.00091238297,-0.030097242,-5.885635,0.3204598
-0.25448766,-0.3127582,-0.00039972086,-0.0014276826,-5.885635,0.13562775
-0.22908767,-0.14577475,-0.0005096389,-0.0006493473,-5.885635,-1.0125139
0.09017424,0.2862995,0.00091238297,-0.025277391,7.5801353,0.32327002
0.09126778,0.26507002,0.00044951076,-0.041364707,7.5801353,0.32181382
0.09126778,0.2594219,0.00044951076,-0.05550661,7.5801353,0.32053104
0.0925919,0.085199766,-0.00019328739,0.00022919907,7.5801353,0.31641772
-0.023659406,-0.019838624,-0.00025368907,-0.00796723,7.5801353,0.16286063
-0.019922296,-0.039744895,-0.00036360713,-0.023152448,-5.885635,-1.0326666
0.09982413,0.16759461,-0.00019328739,0.0027611176,-5.885635,0.32102844
0.119562805,-0.34495613,-0.0014506625,-0.05272075,-5.885635,0.31197807
-0.060188767,-0.32452154,-0.00039972086,-0.05195547,-5.885635,-0.08674205
-0.13175653,0.04011277,2.3832195e-05,-0.07300953,-5.885635,0.094117306
0.08769139,0.22320624,0.00091238297,-0.013802061,7.5801353,0.32182604
-0.051367592,-0.31581414,-0.00039972086,0.016266463,-5.885635,0.14990523
-0.2270151,-0.19523665,-0.0005096389,-0.0006493473,-5.885635,-0.96512455
0.028482515,-0.34803766,-0.00039972086,-0.01405944,-5.885635,-0.075090274
-0.22908767,-0.19316408,-0.0005096389,-0.0006493473,-5.885635,-0.96512455
0.09126778,0.2594219,0.00044951076,-0.05550661,7.5801353,0.32053104
-0.2270151,-0.19523665,-0.0005096389,-0.0006493473,-5.885635,-0.96512455
-0.044667035,0.009884142,-0.00036360713,-0.0072072023,-5.885635,-1.073496
-0.22836022,-0.19523665,-0.0005096389,-0.0050756573,-5.885635,-0.9593531
0.103842944,-0.13161215,-0.0014506625,-0.001179589,-5.885635,0.30853263
-0.22908767,-0.14577475,-0.0005096389,-0.0006493473,-5.885635,-1.0125139
-0.26665378,-0.27503917,-0.00039972086,-0.0070368964,-5.885635,0.053240187
-0.21162523,-0.2116465,-0.0005096389,-0.010789357,-5.885635,-0.9539646
0.09159351,0.27090716,0.00091238297,-0.025277391,-5.885635,0.3204598
-0.20453992,-0.2600022,-0.0005096389,-0.01453575,-5.885635,-0.38994113
-0.22836022,-0.19523665,-0.0005096389,-0.0050756573,-5.885635,-0.9593531
-0.22703375,-0.19538516,-0.0005096389,-0.006253627,-5.885635,-0.9593531
-0.2216035,-0.17334859,-0.0005096389,-0.0023887218,-5.885635,-0.9906848
0.096797645,0.0843453,-0.002112294,-0.013195869,7.5801353,0.31112996
0.036622778,-0.37222737,-0.00039972086,-0.045354098,-5.885635,0.16553637
0.08769139,0.22320624,0.00091238297,-0.013802061,7.5801353,0.32182604
-0.22422652,-0.18759921,-0.0005096389,-0.008651592,-5.885635,-0.9675483
-0.22908767,-0.18054685,-0.0005096389,-0.0006493473,-5.885635,-0.9777418
-0.02732369,-0.06301256,-0.00025368907,-0.006366568,-5.885635,0.18979466
-0.052436095,-0.28788188,-0.00039972086,0.012548156,-5.885635,0.16101515
-0.19871494,-0.14197588,-0.0005096389,0.00048024033,-5.885635,-0.995146
0.10001277,-0.07611039,-0.0014506625,-0.0045573534,-5.885635,0.31458995
0.0010382435,-0.011772416,-0.0005096389,-0.021368228,-5.885635,-0.18117651
-0.22908767,-0.18054685,-0.0005096389,-0.0006493473,-5.885635,-0.9777418
0.08863232,0.17319468,-0.00019328739,0.008352872,7.5801353,0.32102844
0.08821559,0.1870415,-0.00034499215,0.014790539,-5.885635,0.32322407
-0.22908767,-0.18054685,-0.0005096389,-0.0006493473,-5.885635,-0.9777418
-0.038501322,0.008173218,-0.00025368907,-0.012397433,-5.885635,0.13265839
-0.14566733,0.06448878,-0.0005096389,-0.009245803,-5.885635,-1.0310801
0.10473091,0.12900585,-0.0014506625,-0.020675262,7.5801353,0.30729344
-0.26811826,-0.3351443,-0.00039972086,-0.03200308,-5.885635,0.102966465
-0.2371336,-0.03072935,-0.00039972086,-0.044395544,-5.885635,0.11082164
0.09802441,0.15419307,-0.00024686634,-0.062760025,-5.885635,0.31504062
0.08599146,0.20460872,0.00044951076,-0.05550661,7.5801353,0.31772083
0.09438698,0.26262712,0.00091238297,-0.013802061,7.5801353,0.32182604
0.117031954,-0.22892079,0.008686075,0.0045291744,7.5801353,0.30388153
-0.2281716,-0.19461897,-0.0005096389,0.00021738617,-5.885635,-0.9654524
-0.1589006,0.066828236,-0.0005096389,-0.005429625,-5.885635,-1.0240024
0.06955087,-0.22624935,0.0029836325,0.07144095,7.5801353,0.14442077
-0.21250512,-0.21180707,-0.0005096389,-0.010789357,-5.885635,-0.9529241
-0.20509186,-0.21579923,-0.0005096389,-0.0075591207,-5.885635,-0.9595755
-0.21124224,-0.20806354,-0.0005096389,-0.015733391,-5.885635,-0.9529864
-0.024034234,0.11350612,-0.00036360713,-0.00876873,-5.885635,-1.1347941
-0.20509186,-0.21264268,-0.0005096389,-0.0067428336,-5.885635,-0.96354824
-0.06996918,0.09208969,-0.00025368907,0.022300413,-3.8344798,-0.052382506
-0.011193935,-0.1178975,-0.00039972086,-0.04883817,-5.885635,-0.054820072
-0.0061093043,0.20116879,2.3832195e-05,0.012375131,-5.885635,0.21604794
0.08769139,0.22320624,0.00091238297,-0.013802061,7.5801353,0.32182604
-0.24191326,-0.26042977,-0.00039972086,0.009741255,-5.885635,-0.041753404
0.090419196,0.23054585,0.00091238297,-0.018621912,7.5801353,0.32182604
0.0926459,-0.34057215,-0.002112294,-0.011868823,-5.885635,0.29362845
-0.059469577,-0.20709716,-0.00036360713,-0.019714791,-5.885635,-0.96465343
-0.054272886,-0.30182853,-0.00039972086,0.015769726,-5.885635,0.11841541
-0.22596525,-0.20093131,-0.0005096389,-0.002742506,-5.885635,-0.9583866
-0.10754954,0.08855751,-0.00025368907,0.0012247694,-5.885635,0.14864463
-0.08629843,-0.06116971,-0.00039972086,0.030983338,7.5801353,0.18137643
-0.21660884,-0.20795456,-0.0005096389,-0.0050756573,-5.885635,-0.9583866
-0.14353707,0.054231398,-0.00036360713,-0.009635133,-5.885635,-1.0560857
-0.023016393,0.06530321,-0.00036360713,-0.011936405,-5.885635,-1.1026249
-0.21528237,-0.20810306,-0.0005096389,-0.006253627,-5.885635,-0.9583866
-0.014685691,0.1389193,0.00020901562,0.0071077887,-5.885635,-1.1513448
0.094661914,0.13279612,-0.0014506625,-0.045094118,-5.885635,0.31028858
-0.060691595,0.026440045,-0.0005096389,0.007969988,-5.885635,-1.0472175
0.08359309,0.18035978,-0.00019328739,-0.02405812,7.5801353,0.31876752
-0.21250512,-0.21123141,-0.0005096389,-0.014173325,-5.885635,-0.95011574
-0.007070118,0.16792873,-0.00025368907,0.024468504,7.5801353,0.18079555
0.101970114,0.15985689,-0.00019328739,0.008352872,-5.885635,0.32102844
-0.011063485,-0.30537874,-0.00025368907,-0.058764048,-5.885635,-0.010267567
-0.22703375,-0.19538516,-0.0005096389,-0.006253627,-5.885635,-0.9593531
0.090419196,0.23054585,0.00091238297,-0.018621912,7.5801353,0.32182604
0.07079417,0.05854667,-0.0014506625,0.006948663,-5.885635,0.31642407
0.09159351,0.27090716,0.00091238297,-0.025277391,-5.885635,0.3204598
-0.21036236,-0.21107084,-0.0005096389,-0.016699027,-5.885635,-0.9498934
0.10194727,-0.37984362,-0.002112294,-0.034544904,-5.885635,0.2958866
0.10742937,-0.054524366,-0.0014506625,0.0035786005,7.5801353,0.31299
-0.01069645,0.10016834,-0.00036360713,-0.0231035,-5.885635,-1.1204593
-0.2543512,-0.3096265,-0.00039972086,-0.021041343,-5.885635,-0.083026856
0.090419196,0.23054585,0.00091238297,-0.018621912,-5.885635,0.32182604
-0.02191588,0.23802222,0.0011295025,-0.025772482,-5.885635,0.21862653
0.0043841936,0.08832926,-0.00025368907,0.0031718886,7.5801353,0.18911701
0.07911366,0.0028352449,-0.0014506625,0.007711908,7.5801353,0.31498957
-0.21616225,-0.20826364,-0.0005096389,-0.006253627,-5.885635,-0.9573461
-0.08621997,-0.16414382,-0.0005096389,-0.04057258,-5.885635,-0.9598525
-0.14739266,0.16665076,-0.00025368907,-0.0018439833,-5.885635,0.16850007
-0.0060761385,0.08876874,2.3832195e-05,0.011029856,7.5801353,-0.02805318
-0.22836022,-0.19523665,-0.0005096389,-0.0050756573,-5.885635,-0.9593531
-0.20319481,-0.2600022,-0.0005096389,-0.010109439,-5.885635,-0.39571255
-0.18733962,0.0074825305,-0.0005096389,-0.044900436,-5.885635,-1.0155509
-0.22908767,-0.18054685,-0.0005096389,-0.0006493473,-5.885635,-0.9777418
-0.22684513,-0.19793534,-0.0005096389,-0.0019262178,-5.885635,-0.9613189
-0.21162523,-0.20532209,-0.0005096389,-0.0090074325,-5.885635,-0.9620709
0.0072284816,0.187831,2.3832195e-05,0.012375131,-5.885635,0.21604794
-0.23761618,-0.3391883,-0.00039972086,-0.053435676,-5.885635,-0.035129894
-0.0061093043,0.20116879,2.3832195e-05,0.00896391,7.5801353,0.19355813
-0.097541615,-0.016675858,-0.00036360713,0.062377404,-5.885635,-0.65707445
-0.08621997,-0.15987179,-0.0005096389,-0.009149685,-5.885635,-0.9955475
-0.21528237,-0.20810306,-0.0005096389,-0.006253627,-5.885635,-0.9583866
-0.02530968,0.21148609,0.0008519813,0.007679738,-5.885635,0.19927546
0.060377803,-0.19692029,-0.00019328739,-0.14721712,-5.885635,0.26821652
0.00337156,0.10630695,-8.608587e-05,0.0055125505,-5.885635,-1.1348993
-0.22533175,-0.24327639,-0.0005096389,-0.0069279815,-5.885635,-0.44633412
0.07285396,-0.18999763,-0.00019328739,-0.08879281,-5.885635,0.27917993
-0.22596525,-0.1946069,-0.0005096389,-0.0009605824,-5.885635,-0.96649283
-0.22908767,-0.18054685,-0.0005096389,-0.0006493473,-5.885635,-0.9777418
-0.22908767,-0.19316408,-0.0005096389,-0.0006493473,-5.885635,-0.96512455
0.085497595,-0.11187627,-0.0014506625,-0.0051544616,-5.885635,0.29832494
-0.12032893,-0.092487425,-0.00025368907,-0.00088235084,-5.885635,0.16828397
-0.22836022,-0.19523665,-0.0005096389,-0.0050756573,-5.885635,-0.9593531
-0.15601943,0.055519614,-0.00039972086,0.037025318,7.5801353,0.17747134
-0.22910632,-0.14592326,-0.0005096389,-0.006253627,-5.885635,-1.0067425
-0.2270151,-0.19523665,-0.0005096389,-0.0006493473,-5.885635,-0.96512455
-0.05023995,-0.20780207,-0.0005096389,0.030007591,-5.885635,-0.6421575
0.09017424,0.2774599,0.00091238297,-0.017332358,7.5801353,0.3241646
0.09107057,0.16074045,-0.0014506625,0.0076045077,-5.885635,0.31805384
-0.01200067,0.049265373,-0.00036360713,-0.011140528,-5.885635,-1.0983986
-0.051755168,-0.16605312,-0.00025368907,-0.042102147,-5.885635,0.093730986
-0.079879686,-0.01249633,-0.0005096389,0.002414219,-5.885635,-1.0472175
-0.21162523,-0.20532209,-0.0005096389,-0.0090074325,-5.885635,-0.9620709
0.09296771,0.2749157,0.00091238297,-0.02155785,7.5801353,0.3236935
-0.22594659,-0.1944584,-0.0005096389,0.0046436978,-5.885635,-0.97226423
0.036780678,-0.19817586,-0.0005096389,0.038596112,-5.885635,-0.9702912
-0.2292401,-0.19539726,-0.0005096389,-0.0050756573,-5.885635,-0.95831263
-0.25656024,-0.29991475,-0.00039972086,-0.0012204968,-5.885635,0.13147384
-0.017847471,-0.010730038,-0.0005096389,-0.047405504,-5.885635,-0.2748463
0.10257351,0.15505373,-0.00019328739,0.02489164,7.5801353,0.32291916
-0.038233496,-0.1670527,-0.00039972086,-0.050266206,-5.885635,0.16062441
-0.0095355995,0.17963436,-8.608587e-05,0.018922325,-5.885635,-0.46924746
0.08762572,0.2388259,0.00091238297,-0.030097242,-5.885635,0.3204598
-0.22089121,-0.17350917,-0.0005096389,0.00048024033,-5.885635,-0.9941055
-0.26899815,-0.3288102,-0.00039972086,-0.022463772,-5.885635,0.08797292
-0.010514137,0.11795961,-8.608587e-05,0.015324106,-5.885635,-1.1424779
0.1276598,-0.26789063,-0.002112294,-0.09468147,-5.885635,0.28300038
-0.22836022,-0.19523665,-0.0005096389,-0.0050756573,-5.885635,-0.9593531
-0.060038775,-0.34350133,-0.00039972086,-0.017170954,-5.885635,0.16749123
-0.2270151,-0.19523665,-0.0005096389,-0.0006493473,-5.885635,-0.96512455
-0.22789498,-0.19539726,-0.0005096389,-0.0006493473,-5.885635,-0.964084
0.10698592,-0.36290073,0.01391923,-0.0076710107,-5.885635,0.30575922
0.019701388,-0.08745608,-0.00039972086,0.04761584,-5.885635,0.16187197
0.09417402,0.24548715,0.00091238297,0.011400035,-5.885635,0.32378832
-0.01148654,0.21756345,0.00091238297,0.013459444,7.5801353,0.3246233
-0.22836022,-0.19523665,-0.0005096389,-0.0050756573,-5.885635,-0.9593531
-0.24176459,-0.16529241,-0.0005096389,-0.0013542934,-5.885635,-0.9796143
0.085662425,0.256987,0.00044951076,-0.07278454,7.5801353,0.32053104
-0.186573,0.020410411,-0.0005096389,-0.010575377,-5.885635,-1.0512457
0.05348776,-0.044552125,-0.00019328739,-0.0873869,-5.885635,0.30725116
0.057760518,-0.021317992,-0.00019328739,-0.059219092,-5.885635,0.30443949
0.09438698,0.26262712,0.00091238297,-0.013802061,-5.885635,0.32182604
-0.20509186,-0.21579923,-0.0005096389,-0.0075591207,-5.885635,-0.9595755
-0.19181965,-0.06345378,-0.00039972086,0.028950533,-5.885635,0.13295028
0.08762572,0.2388259,0.00091238297,-0.030097242,-5.885635,0.3204598
0.09392191,-0.14820829,-0.00019328739,-0.07066775,7.5801353,0.2993267
-0.22596525,-0.19777477,-0.0005096389,-0.0019262178,-5.885635,-0.96235937
0.085662425,0.256987,0.00044951076,-0.07278454,7.5801353,0.32053104
-0.2192256,-0.2060158,-0.0005096389,-0.015674733,-5.885635,-0.9471095
-0.08472516,-0.08136146,-0.00025368907,-0.002166288,-5.885635,0.09519916
-0.11626203,-0.025125263,-0.00036360713,-0.02458074,-5.885635,-0.4287267
-0.019327104,0.062374305,-0.00036360713,-0.010184395,-5.885635,-1.1051373
-0.22596525,-0.20093131,-0.0005096389,-0.002742506,-5.885635,-0.9583866
0.0062057665,-0.24496992,-0.0005096389,-0.004730127,-5.885635,-0.45083693
0.0925919,0.085199766,-0.00019328739,0.00022919907,-5.885635,0.31641772
0.105194084,0.14425863,-0.0014506625,0.009962814,7.5801353,0.31805384
0.09044592,0.08951385,-0.00019328739,-0.0013394314,-5.885635,0.31581822
0.117421284,-0.07421963,-0.002112294,-0.080793485,7.5801353,0.30192232
-0.22908767,-0.14577475,-0.0005096389,-0.0006493473,-5.885635,-1.0125139
-0.22908767,-0.14577475,-0.0005096389,-0.0006493473,-5.885635,-1.0125139
-0.1589006,0.066828236,-0.0005096389,-0.005429625,-5.885635,-1.0240024
-0.20369288,-0.16165854,-0.00036360713,-0.014107353,-5.885635,-1.008713
-0.14791685,0.19607367,-0.00025368907,0.0008676365,7.5801353,0.20875686
-0.09721429,-0.018312829,-0.00036360713,-0.023930885,-5.885635,-1.0396955
0.10763411,0.14199756,-0.0014506625,0.009783866,7.5801353,0.31805384
-0.027815875,-0.019477032,-0.00025368907,-0.001324608,7.5801353,0.1620096
-0.22081931,-0.20466554,-0.0005096389,-0.0051946915,-5.885635,-0.9573461
0.10270727,0.14763835,-0.0014506625,0.018549629,7.5801353,0.3210814
-0.16241908,0.025998157,-0.0005096389,-0.0029883673,-5.885635,-1.0457754
-0.0023271737,0.07558568,-0.00019328739,0.009284532,-5.885635,0.31568798
0.0010382435,0.003075137,-0.0005096389,0.00408845,7.5801353,-0.2608233
-0.2292401,-0.19539726,-0.0005096389,-0.0050756573,-5.885635,-0.95831263
-0.014683349,-0.052683774,-0.00039972086,-0.048322096,-5.885635,-0.0038599055
-0.00896625,-0.10869084,-0.00039972086,0.020875176,-5.885635,0.15654439
-0.07042063,-0.19583741,-0.0005096389,-0.015407123,-5.885635,-0.9691238
0.090419196,0.23054585,0.00091238297,-0.018621912,7.5801353,0.32182604
0.095103204,0.20116615,-0.00034499215,-0.036075927,7.5801353,0.30674383
-0.026168553,-0.004015391,-0.00036360713,-0.019327227,-5.885635,-1.0659748
0.09658409,0.068196334,-0.0014506625,0.00054044614,-5.885635,0.31027845
-0.2270151,-0.19523665,-0.0005096389,-0.0006493473,-5.885635,-0.96512455
-0.22596525,-0.20093131,-0.0005096389,-0.002742506,-5.885635,-0.9583866
0.090419196,0.23054585,0.00091238297,-0.018621912,-5.885635,0.32182604
0.09268705,0.2440296,0.00044951076,-0.05550661,-5.885635,0.31772083
0.008672218,-0.31015635,-0.0005096389,-0.08701358,-5.885635,-0.45826846
0.00072808843,-0.045023426,-0.0005096389,-0.009208915,-5.885635,-1.03566
-0.025882676,-0.13271406,-0.00025368907,-0.02646174,-5.885635,0.03371106
-0.22908767,-0.14370775,0.00038731797,0.0014842901,-5.885635,-1.0176115
0.09266496,0.22042662,0.00091238297,0.0136009045,7.5801353,0.32378832
-0.21213128,-0.21255472,-0.0005096389,-0.010415539,-5.885635,-0.9529241
-0.0037009534,-0.08523146,-0.00039972086,-0.051099386,-5.885635,-0.05315017
0.08769139,0.22320624,0.00091238297,-0.013802061,-5.885635,0.32182604
-0.22596525,-0.20093131,-0.0005096389,-0.002742506,-5.885635,-0.9583866
-0.21616225,-0.20826364,-0.0005096389,-0.006253627,-5.885635,-0.9573461
-0.009679763,0.1733974,2.3832195e-05,0.026327878,-5.885635,0.14825115
-0.20186582,-0.1253035,-0.0005096389,0.00076182385,-5.885635,-1.008949
0.003876592,0.25735882,0.0011295025,0.018170496,-5.885635,0.1948883
-0.22836022,-0.19523665,-0.0005096389,-0.0050756573,-5.885635,-0.9593531
-0.033014342,0.00047321117,2.3832195e-05,-0.012292821,-5.885635,0.12061293
0.09296771,0.27801946,0.00091238297,-0.013802061,-5.885635,0.32463625
-0.19108915,-0.21606806,-0.0005096389,-0.04184953,-5.885635,-0.9390189
-0.020297587,-0.27375644,-0.00025368907,-0.059318624,-5.885635,0.1235464
-0.22684513,-0.19793534,-0.0005096389,-0.0019262178,-5.885635,-0.9613189
0.08755266,0.030339183,-0.00019328739,-0.07086577,-5.885635,0.2959798
-0.22908767,-0.14577475,-0.0005096389,-0.0006493473,-5.885635,-1.0125139
-0.058642235,-0.34598956,-0.00039972086,-0.06291722,7.5801353,0.14169168
-0.025025897,-0.078709155,-0.0014506625,-0.010119097,7.5801353,0.3094921
-0.028077621,-0.14052275,-0.00039972086,-0.013974864,7.5801353,0.21297413
-0.22081931,-0.20466554,-0.0005096389,-0.0051946915,-5.885635,-0.9573461
0.11790829,-0.044448208,-0.0014506625,5.826226e-05,-5.885635,0.31941184
-0.2304328,-0.18054685,-0.0005096389,-0.0050756573,-5.885635,-0.9719703
-0.22908767,-0.14577475,-0.0005096389,-0.0006493473,-5.885635,-1.0125139
-0.119248025,0.27586105,0.0008519813,0.0068083974,-5.885635,0.0022500772
-0.00735214,0.24873435,0.00066663034,-0.086498484,7.5801353,0.117579915
-0.21124224,-0.21438795,-0.0005096389,-0.017515315,-5.885635,-0.9448801
0.13076669,-0.26204613,-0.0014506625,-0.07272352,-5.885635,0.28919834
-0.22908767,-0.14577475,-0.0005096389,-0.0006493473,-5.885635,-1.0125139
0.09438698,0.26262712,0.00091238297,-0.013802061,7.5801353,0.32182604
-0.016935155,0.04608329,-0.00025368907,0.0016142541,-5.885635,0.15024236
-0.2312857,-0.2714244,-0.0005096389,-0.01138631,-5.885635,-0.4201678
-0.104360804,0.101966746,-0.00036360713,-0.031101404,-5.885635,-0.4652278
0.09017424,0.2774599,0.00091238297,-0.017332358,7.5801353,0.3241646
-0.22703375,-0.19538516,-0.0005096389,-0.006253627,-5.885635,-0.9593531
0.002400243,0.07824694,-0.00019328739,-0.034837015,7.5801353,0.3069366
-0.23946626,-0.35792795,-0.00039972086,-0.068492636,-5.885635,0.0888493
0.09438698,0.26262712,0.00091238297,-0.013802061,7.5801353,0.32182604
-0.04978782,-0.16562495,-0.0005096389,0.030075476,-5.885635,-0.96964973
-0.22729172,-0.2007828,-0.0005096389,-0.0015645378,-5.885635,-0.9583866
-0.2270151,-0.19523665,-0.0005096389,-0.0006493473,-5.885635,-0.96512455
0.09420384,0.07675616,-0.0014506625,0.014200877,-5.885635,0.31647065
-0.19718009,-0.2966232,-0.0005096389,-0.032233488,-5.885635,-0.32142413
0.08762572,0.23059696,0.00091238297,-0.015804853,7.5801353,0.3217999
-0.069690816,-0.19583741,-0.0005096389,-0.02539139,-5.885635,-0.9598693
-0.22908767,-0.18054685,-0.0005096389,-0.0006493473,-5.885635,-0.9777418
-0.18977492,-0.053596284,-0.00025368907,0.0073185796,-5.885635,0.13827789
-0.22729172,-0.2007828,-0.0005096389,-0.0015645378,-5.885635,-0.9583866
-0.12847088,-0.08861515,-0.00039972086,0.019365922,-5.885635,0.17590615
-0.22836022,-0.19523665,-0.0005096389,-0.0050756573,-5.885635,-0.9593531
0.05348776,-0.036288235,-0.00019328739,-0.09533192,-5.885635,0.3069323
-0.22089121,-0.17350917,-0.0005096389,0.00048024033,-5.885635,-0.9941055
-0.0010592719,-0.33086368,2.3832195e-05,-0.020135978,-5.885635,0.15622035
-0.21616225,-0.20826364,-0.0005096389,-0.006253627,-5.885635,-0.9573461
-0.07679963,0.09556889,-0.00039972086,-0.052128233,-5.885635,0.084406696
0.08359309,0.18035978,-0.00019328739,-0.02405812,-5.885635,0.31876752
-0.20620258,-0.20931424,-0.0005096389,-0.018481903,-5.885635,-0.9540269
0.100048766,-0.38650414,-0.002112294,-0.12849526,-5.885635,0.27803242
0.08747843,0.20606628,0.00091238297,0.011400035,7.5801353,0.32378832
0.096329935,0.07430293,-0.00019328739,0.026577625,7.5801353,0.31988242
-0.21528237,-0.20810306,-0.0005096389,-0.006253627,-5.885635,-0.9583866
-0.08590598,0.016852444,-0.00036360713,0.038994256,-5.885635,-0.22207633
-0.22836022,-0.19523665,-0.0005096389,-0.0050756573,-5.885635,-0.9593531
-0.22908767,-0.14577475,-0.0005096389,-0.0006493473,-5.885635,-1.0125139
-0.22908767,-0.18054685,-0.0005096389,-0.0006493473,-5.885635,-0.9777418
-0.11672121,-0.03391391,-0.0005096389,-0.017491829,-5.885635,-1.0434333
-0.21162523,-0.20790297,-0.0005096389,-0.01320769,-5.885635,-0.9552898
-0.22908767,-0.14577475,-0.0005096389,-0.0006493473,-5.885635,-1.0125139
-0.0488712,-0.3293729,-0.00039972086,-0.01721227,7.5801353,0.16406941
-0.21162523,-0.2116465,-0.0005096389,-0.010789357,-5.885635,-0.9539646
-0.20580415,-0.20931424,-0.0005096389,-0.008646159,-5.885635,-0.9642611
-0.21065195,-0.29930225,-0.0005096389,-0.0362816,-5.885635,-0.41235006
0.09661226,0.22622669,-0.00034499215,0.013325136,7.5801353,0.32322407
-0.2192256,-0.20343494,-0.0005096389,-0.011474475,-5.885635,-0.9538906
0.081207074,-0.108696975,-0.0014506625,-0.0040432336,-5.885635,0.29832494
0.06641611,-0.00023345964,-0.0014506625,-0.012100065,-5.885635,0.31535015
-0.010681075,-0.20297341,-0.00036360713,-0.05121741,-5.885635,-0.9718731
-0.22908767,-0.18054685,-0.0005096389,-0.0006493473,-5.885635,-0.9777418
0.117421284,-0.07421963,-0.002112294,-0.080793485,-5.885635,0.30192232
0.09669065,0.05739308,-0.0014506625,0.009637186,-5.885635,0.31187838
-0.2120505,-0.005319095,-0.00039972086,-0.03388664,-5.885635,0.100601934
-0.067878366,-0.16958204,-0.0005096389,0.013705035,-5.885635,-0.9767894
0.09126778,0.2594219,0.00044951076,-0.05550661,7.5801353,0.32053104
-0.009966226,0.11964474,-8.608587e-05,0.0055125505,-5.885635,-1.1348993
0.09859434,-0.07914073,-0.00019328739,0.0129961595,7.5801353,0.32102928
0.0925919,0.085199766,-0.00019328739,0.00022919907,-5.885635,0.31641772
-0.13972417,0.13897789,2.3832195e-05,0.002026962,-5.885635,-0.015690876
-0.22836022,-0.19523665,-0.0005096389,-0.0050756573,-5.885635,-0.9593531
0.00028635608,0.23138982,0.0011295025,0.0018330859,-5.885635,0.1946809
-0.22908767,-0.14577475,-0.0005096389,-0.0006493473,-5.885635,-1.0125139
0.0102416035,-0.28092772,-0.00039972086,0.020517124,7.5801353,0.19010237
0.09438698,0.26262712,0.00091238297,-0.013802061,-5.885635,0.32182604
-0.077141136,-0.19378966,-0.0005096389,-0.017874163,-5.885635,-0.96198404
-0.2304328,-0.18054685,-0.0005096389,-0.0050756573,-5.885635,-0.9719703
-0.009489997,-0.036645293,-0.0005096389,-0.05206501,-5.885635,-0.4001283
-0.16368511,0.24024995,0.0008519813,-0.005555708,7.5801353,0.18840969
-0.029545665,-0.11742184,-0.00025368907,-0.012834402,-5.885635,0.08513072
0.08359309,0.18165872,-0.00019328739,-0.01942395,7.5801353,0.3191174
-0.033429448,-0.0054023727,-8.608587e-05,-0.0019583167,-5.885635,-1.0749735
-0.014438069,0.24923728,0.00044951076,-0.06566743,-5.885635,0.3120887
-0.040210336,-0.12073369,-0.00039972086,-0.058689274,-5.885635,0.15758348
0.08359309,0.18165872,-0.00019328739,-0.01942395,-5.885635,0.3191174
-0.19108915,-0.2175362,-0.0005096389,-0.041115455,-5.885635,-0.9382849
0.085662425,0.21004997,0.00044951076,-0.10659777,-5.885635,0.30242234
0.09266496,0.22042662,0.00091238297,0.0136009045,-5.885635,0.32378832
-0.21162523,-0.20790297,-0.0005096389,-0.01320769,-5.885635,-0.9552898
0.09296771,0.27801946,0.00091238297,-0.013802061,-5.885635,0.32463625
-0.22908767,-0.14577475,-0.0005096389,-0.0006493473,-5.885635,-1.0125139
-0.13827683,0.07560803,-8.608587e-05,-0.023517443,-5.885635,-1.1000711
0.09693087,0.14419004,-0.00019328739,-0.06941142,-5.885635,0.31114048
-0.22908767,-0.14577475,-0.0005096389,-0.0006493473,-5.885635,-1.0125139
0.08755266,0.04159996,-0.00019328739,-0.075499944,-5.885635,0.2965951
-0.11819184,-0.0821117,-0.00039972086,-0.029552009,-5.885635,-0.07187119
0.09107057,0.16074045,-0.0014506625,0.0076045077,-5.885635,0.31805384
-0.15860535,0.20585342,-0.00036360713,-0.009996716,-5.885635,-1.1039503
0.07489298,-0.13607365,-0.00019328739,-0.11580257,-5.885635,0.29221967
-0.25554386,-0.3073933,-0.00039972086,-0.021041343,-5.885635,-0.08406733
-0.21528237,-0.20810306,-0.0005096389,-0.006253627,-5.885635,-0.9583866
-0.0015200088,0.23355691,0.00091238297,-0.015899679,7.5801353,0.32129478
0.036622778,-0.36412552,-0.00039972086,-0.042505607,-5.885635,0.16650885
0.09275475,0.26087952,0.00091238297,0.011400035,7.5801353,0.32659853
0.035265967,-0.3636127,-0.00039972086,-0.0028601699,7.5801353,0.15723246
-0.12050477,-0.034099482,-0.0005096389,-0.05278236,-5.885635,-0.39948678
-0.012716705,0.17293134,2.3832195e-05,0.013805032,-5.885635,-0.04006447
-0.06799719,0.10364803,-0.00025368907,0.058211494,-5.885635,0.01604158
0.085662425,0.256987,0.00044951076,-0.07278454,7.5801353,0.32053104
-0.15579008,0.20768586,0.0008519813,-0.011548625,-5.885635,0.11512465
-0.2511058,-0.29074135,-0.00039972086,-0.05059567,-5.885635,0.09505776
-0.22729172,-0.2007828,-0.0005096389,-0.0015645378,-5.885635,-0.9583866
-0.005281944,-0.19436531,-0.00039972086,0.04538058,7.5801353,-0.032559548
-0.13460386,0.05751306,-0.0005096389,-0.034333147,-5.885635,-1.0100805
0.08755266,0.029040249,-0.00019328739,-0.075499944,-5.885635,0.2956299
-0.22596525,-0.19777477,-0.0005096389,-0.0019262178,-5.885635,-0.96235937
-0.15845428,0.23702145,0.0011295025,-0.039513864,-5.885635,0.17249182
-0.26767167,-0.3130673,-0.00039972086,-0.03338824,-5.885635,0.116083376
0.09126778,0.2594219,0.00044951076,-0.05550661,7.5801353,0.32053104
-0.2270151,-0.19523665,-0.0005096389,-0.0006493473,-5.885635,-0.96512455
-0.21748872,-0.20811513,-0.0005096389,-0.0050756573,-5.885635,-0.9573461
-0.23233555,-0.26888633,-0.0005096389,-0.010109439,-5.885635,-0.42293295
0.08936948,0.16097614,-0.00019328739,0.030599251,-5.885635,0.32449317
-0.22908767,-0.14577475,-0.0005096389,-0.0006493473,-5.885635,-1.0125139
0.10059198,-0.075349204,-0.0014506625,0.0035819835,7.5801353,0.3176175
-0.02008979,-0.03351531,-0.00036360713,-0.006551831,-5.885635,-1.0430046
-0.22836022,-0.19523665,-0.0005096389,-0.0050756573,-5.885635,-0.9593531
-0.017996967,0.22557302,-6.8505644e-05,0.0351959,-5.885635,-0.45214564
-0.22836022,-0.19523665,-0.0005096389,-0.0050756573,-5.885635,-0.9593531
-0.013831401,-0.07952736,-0.00039972086,-0.042623363,-5.885635,0.12905544
-0.06438035,-0.34376094,-0.00039972086,-0.047462054,-5.885635,0.13100809
0.011002039,-0.22578451,-0.00039972086,-0.027798356,-5.885635,0.16668132
-0.21250512,-0.20548266,-0.0005096389,-0.0090074325,-5.885635,-0.9610303
0.05348776,-0.04512787,-0.00019328739,-0.0873869,-5.885635,0.3078269
0.086386554,0.17698249,-0.00019328739,-0.030201368,-5.885635,0.3174939
0.028482515,-0.33904287,-0.00039972086,-0.0266025,-5.885635,-0.0118910745
0.101970114,0.15985689,-0.00019328739,0.008352872,-5.885635,0.32102844
-0.01759604,0.10927643,-0.00010909248,-0.05417662,-5.885635,-1.1141067
-0.22908767,-0.14577475,-0.0005096389,-0.0006493473,-5.885635,-1.0125139
-0.114715725,-0.06577989,-0.00039972086,-0.05181673,7.5801353,-0.016203402
-0.22836022,-0.19523665,-0.0005096389,-0.0050756573,-5.885635,-0.9593531
-0.0034287432,-0.32455307,-0.00039972086,-0.062384177,-5.885635,0.20713216
0.09107057,0.16074045,-0.0014506625,0.017084226,7.5801353,0.3210814
-0.1644823,0.14901534,-0.00036360713,0.018467404,-5.885635,-1.1005244
0.09316735,0.08724094,-0.0014506625,0.010200676,7.5801353,0.31032464
0.014077242,-0.24650809,-0.0005096389,0.008942816,-5.885635,-0.23679152
-0.22108544,-0.20783517,-0.0005096389,-0.0051404727,-5.885635,-0.9539646
-0.11433331,-0.036705844,-0.0005096389,-0.043528263,-5.885635,-1.0169928
0.093579255,-0.12660362,-0.00019328739,-0.06483686,-5.885635,0.2944806
0.010277073,0.102786526,-0.0014506625,0.015017323,-5.885635,0.30679095
-0.19020925,-0.22053216,-0.0005096389,-0.041931745,-5.885635,-0.93535256
0.09158971,-0.38546643,-0.002112294,-0.120996386,-5.885635,0.2779549
0.095904924,0.060537122,-0.0014506625,0.007278879,7.5801353,0.31187838
0.10332877,-0.3477439,-0.002112294,-0.015379947,-5.885635,0.29362845
0.095904924,0.076520465,-0.0014506625,0.003255756,7.5801353,0.3134431
0.090419196,0.23054585,0.00091238297,-0.018621912,7.5801353,0.32182604
0.08769139,0.22320624,0.00091238297,-0.013802061,7.5801353,0.32182604
-0.004686705,-0.3328184,-0.00025368907,-0.057538293,-5.885635,0.12499734
0.04844,-0.33205906,-0.002112294,-0.027682185,-5.885635,0.32010597
0.09835997,-0.078453586,-0.002112294,-0.07825604,-5.885635,0.27778378
-0.22908767,-0.14577475,-0.0005096389,-0.0006493473,-5.885635,-1.0125139
-0.021776268,-0.00022778165,-0.00036360713,0.07993413,7.5801353,-0.17481515
-0.20927905,-0.12131136,-0.0005096389,-0.0024684113,-5.885635,-1.0022978
-0.20998855,-0.214975,-0.0005096389,-0.017141497,-5.885635,-0.94592065
-0.21162523,-0.20532209,-0.0005096389,-0.0090074325,-5.885635,-0.9620709
0.060860578,-0.021133607,-0.0014506625,0.004492923,-5.885635,0.31757006
-0.2292401,-0.19539726,-0.0005096389,-0.0050756573,-5.885635,-0.95831263
0.006096082,-0.39442506,-0.00039972086,-0.015224148,-5.885635,0.11755418
-0.022493066,-0.091749564,-0.00025368907,-0.0036444739,-5.885635,0.1686925
-0.2270151,-0.19523665,-0.0005096389,-0.0006493473,-5.885635,-0.96512455
0.101970114,0.15985689,-0.00019328739,0.008352872,-5.885635,0.32102844
-0.117683925,0.13580409,-0.00025368907,0.03774821,-5.885635,0.147302
-0.22908767,-0.1452798,0.0035314327,0.0014842901,-5.885635,-1.0191836
0.028864924,-0.22026429,0.00038731797,-0.003227632,-5.885635,-0.96675664
-0.21796276,-0.2060158,-0.0005096389,-0.018200433,-5.885635,-0.9458467
-0.014810927,0.17711534,-8.608587e-05,0.041706223,-5.885635,-0.48423702
-0.20621139,-0.2187337,-0.0005096389,-0.018200433,-5.885635,-0.9448801
0.09038836,-0.28405812,-0.00039972086,0.08064459,-5.885635,0.13568884
0.028566252,-0.25412455,-0.002112294,-0.0013559256,7.5801353,0.31846914
0.027043756,-0.29155812,-0.0005096389,-0.01842103,-5.885635,-0.4280108
0.117421284,-0.07421963,-0.002112294,-0.080793485,-5.885635,0.30192232
0.08821559,0.1870415,0.00091238297,0.026840163,7.5801353,0.32663584
0.101970114,0.15985689,-0.00019328739,0.008352872,-5.885635,0.32102844
-0.042063456,-0.25626972,0.0035314327,0.026371507,-5.885635,-0.29687145
-0.16485544,0.026047356,0.0035314327,-0.012667931,-5.885635,-1.0377498
0.09661226,0.22128423,0.0039327117,0.007282545,7.5801353,0.32260388
0.04853205,-0.21039881,0.0035314327,0.04072975,-5.885635,-0.97599435
0.0926459,-0.33864722,0.01391923,-0.0020121275,7.5801353,0.29894924
-0.22908767,-0.1452798,0.0035314327,0.0014842901,-5.885635,-1.0191836
-0.07220508,-0.2465351,0.0029836325,0.022758722,-5.885635,0.14802715
-0.22908767,-0.18054685,-0.0005096389,-0.0006493473,-5.885635,-0.9777418
0.09126778,0.26507002,0.00044951076,-0.041364707,-5.885635,0.32181382
-0.0011859706,0.08427409,2.3832195e-05,0.019713912,-5.885635,0.1844525
-0.20580415,-0.20931424,-0.0005096389,-0.008646159,-5.885635,-0.9642611
0.10440835,0.14740267,-0.0014506625,0.0076045077,-5.885635,0.31805384
0.10152245,-0.078439884,-0.00019328739,0.017791796,-5.885635,0.32102928
-0.22908767,-0.18054685,-0.0005096389,-0.0006493473,-5.885635,-0.9777418
0.07085783,-0.0088612195,-0.00019328739,0.0038088742,-5.885635,0.3210602
0.08923572,0.16839153,-0.00019328739,0.02489164,-5.885635,0.32291916
0.085662425,0.256987,0.00044951076,-0.07278454,7.5801353,0.32053104
-0.14568552,0.11798683,-0.00025368907,-0.0003497228,-5.885635,0.16500089
-0.21226409,-0.18093064,-0.0005096389,-0.03642031,-5.885635,-0.95841056
-0.035797328,0.0034124872,-8.608587e-05,-0.005546504,-5.885635,-0.26709637
-0.22908767,-0.14577475,-0.0005096389,-0.0006493473,-5.885635,-1.0125139
0.09296771,0.27801946,0.00091238297,-0.013802061,7.5801353,0.32463625
-0.21572302,-0.29573604,-0.0005096389,-0.02673276,-5.885635,-0.42039403
0.09982413,0.16759461,-0.00019328739,0.0027611176,7.5801353,0.32102844
-0.010493593,-0.069538735,-0.0014506625,-0.015187137,-5.885635,0.31431404
0.08755266,0.074910805,-0.00019328739,-0.049635876,-5.885635,0.30610162
0.10473091,0.12883258,-0.0014506625,-0.022314085,-5.885635,0.30910555
0.099724345,0.143803,-0.00019328739,-0.07181785,-5.885635,0.31114048
-0.15701021,0.053580593,-0.0005096389,-0.018940069,-5.885635,-1.0325108
-0.07180593,-0.34252614,-0.002112294,-0.030321658,-5.885635,0.26046032
0.09296771,0.27801946,0.00091238297,-0.013802061,-5.885635,0.32463625
-0.10079273,-0.061268035,-0.00039972086,0.0007396304,-5.885635,0.0433799
0.09126778,0.2594219,0.00044951076,-0.05550661,-5.885635,0.32053104
0.09888949,-0.12995134,-0.00019328739,-0.031821586,-5.885635,0.30589342
-0.1252589,0.13335142,-0.0005096389,-0.04857937,-5.885635,-1.0386903
-0.24264447,-0.16545299,-0.0005096389,-0.0013542934,-5.885635,-0.97857386
0.08871926,0.21759644,0.00044951076,-0.046184562,7.5801353,0.3190036
-0.0093332995,0.21263905,0.00020901562,0.016355444,-5.885635,-0.27892038
-0.022638509,-0.046371873,-8.608587e-05,0.010808192,7.5801353,-0.22299504
-0.01069645,0.10016834,-0.00036360713,-0.0055426527,-5.885635,-1.1380202
0.10440835,0.14740267,-0.0014506625,0.017084226,7.5801353,0.3210814
-0.014685691,0.124364205,-8.608587e-05,0.0055125505,-5.885635,-1.1348993
-0.057242885,-0.33659554,-0.00025368907,-0.045901988,-5.885635,-0.070374444
-0.02564424,-0.10381975,-0.00025368907,0.0011061694,-5.885635,0.1780749
0.06725132,0.00031095662,-0.0014506625,0.0052354513,-5.885635,0.31202358
-0.22684513,-0.20109189,-0.0005096389,-0.002742506,-5.885635,-0.9573461
0.10602168,-0.35750058,-0.002112294,-0.028326878,-5.885635,0.3065502
-0.22908767,-0.14577475,-0.0005096389,-0.0006493473,-5.885635,-1.0125139
0.0927438,-0.10257939,-0.0014506625,0.0070971325,-5.885635,0.30506888
0.09159351,0.27090716,0.00091238297,-0.025277391,-5.885635,0.3204598
-0.06438035,-0.33602294,-0.00039972086,-0.016072422,-5.885635,0.103156015
0.09420384,0.07675616,-0.00019328739,0.026250497,-5.885635,0.31988242
-0.04260587,0.008912491,-0.00036360713,-0.006703304,-5.885635,-1.0750893
-0.0054094787,0.14886191,2.3832195e-05,0.01238364,-5.885635,-0.04006447
0.09159351,0.26206756,0.00091238297,-0.017332358,-5.885635,0.3213544
0.08769139,0.22320624,0.00091238297,-0.013802061,-5.885635,0.32182604
-0.10041824,0.09706507,-0.00036360713,0.027307928,-5.885635,-1.1007483
0.10441014,0.15759581,-0.00019328739,0.008173924,7.5801353,0.32102844
-0.22596525,-0.20093131,-0.0005096389,-0.002742506,-5.885635,-0.9583866
-0.23140489,-0.28424665,-0.00039972086,0.032586966,-5.885635,0.12526706
-0.22908767,-0.18054685,-0.0005096389,-0.0006493473,-5.885635,-0.9777418
-0.22596525,-0.20093131,-0.0005096389,-0.002742506,-5.885635,-0.9583866
0.095904924,0.076520465,-0.0014506625,0.003255756,-5.885635,0.3134431
-0.09019886,-0.014103275,-0.00036360713,0.018261245,-5.885635,-1.0378662
-0.22089121,-0.17350917,-0.0005096389,0.00048024033,-5.885635,-0.9941055
-0.18734226,-0.0806652,-0.00036360713,-0.021248952,-5.885635,-0.99814385
-0.027582772,-0.06618134,-0.00036360713,-0.008680083,-5.885635,-1.040285
-0.15379196,0.018576687,-0.0005096389,-0.039888922,-5.885635,-1.0100805
-0.014143001,-0.21630268,-0.00039972086,0.040956035,7.5801353,0.1726009
-0.22836022,-0.19523665,-0.0005096389,-0.0050756573,-5.885635,-0.9593531
-0.22908767,-0.18054685,-0.0005096389,-0.0006493473,-5.885635,-0.9777418
0.061150182,-0.16107218,-0.00019328739,-0.087156065,-5.885635,0.2792664
-0.10804047,-0.037865717,-0.00025368907,0.026522635,-5.885635,0.17256677
-0.11946852,0.13961554,-0.0005096389,-0.04953056,-5.885635,-1.0497936
-0.22908767,-0.14577475,-0.0005096389,-0.0006493473,-5.885635,-1.0125139
0.08359309,0.18035978,-0.00019328739,-0.02405812,-5.885635,0.31876752
0.09296771,0.27801946,0.00091238297,-0.013802061,7.5801353,0.32463625
0.114480466,-0.05340742,-0.0014506625,-0.022048026,-5.885635,0.31611997
-0.22908767,-0.18054685,-0.0005096389,-0.0006493473,-5.885635,-0.9777418
-0.0007967842,0.16459247,-0.00039972086,-0.03679073,-5.885635,0.20203167
-0.22908767,-0.18054685,-0.0005096389,-0.0006493473,-5.885635,-0.9777418
0.07227626,-0.0065474347,-0.0014506625,-0.04563563,7.5801353,0.30552992
-0.15723896,0.1445512,-0.00036360713,0.016005196,-5.885635,-1.1008414
0.08769139,0.22320624,0.00091238297,-0.013802061,7.5801353,0.32182604
-0.052436095,-0.31026798,-0.00039972086,0.022294648,-5.885635,0.13939938
-0.045386877,-0.3203525,-0.00039972086,-0.009784129,-5.885635,-0.06533682
0.092028044,0.25322488,0.00091238297,0.00580828,7.5801353,0.32378832
-0.056417905,-0.20705535,-0.0005096389,-0.051561672,-5.885635,-0.93575406
-0.00763529,0.08067936,2.3832195e-05,0.01949351,-5.885635,0.13134319
0.073291674,-0.31307843,-0.00039972086,0.039833404,7.5801353,0.12367415
-0.21528237,-0.20810306,-0.0005096389,-0.006253627,-5.885635,-0.9583866
-0.21162523,-0.20532209,-0.0005096389,-0.0090074325,-5.885635,-0.9620709
-0.11494996,0.019718464,-0.00019328739,0.020961264,-5.885635,0.2859586
-0.22908767,-0.14577475,-0.0005096389,-0.0006493473,-5.885635,-1.0125139
-0.20509186,-0.21579923,-0.0005096389,-0.0075591207,-5.885635,-0.9595755
0.08991668,0.18680581,-0.00034499215,0.0038454176,7.5801353,0.3201965
-0.22789498,-0.19539726,-0.0005096389,-0.0006493473,-5.885635,-0.964084
0.116833806,-0.03575307,-0.002112294,0.010662718,-5.885635,0.31695586
-0.067878366,-0.17590645,-0.0005096389,0.01192311,-5.885635,-0.9686832
-0.004688137,-0.038355634,-0.00036360713,-0.024546664,-5.885635,-1.0355711
0.12808537,-0.25389406,-0.002112294,-0.007911021,-5.885635,0.3039298
0.09296771,0.2749157,0.00091238297,-0.02155785,7.5801353,0.3236935
-0.009705056,-0.004621106,-0.0005096389,0.0036048004,-5.885635,-0.4220951
-0.098117955,-0.21976228,-0.0005096389,-0.016557902,-5.885635,-0.4501954
0.10713442,-0.06475821,-0.002112294,-0.079968035,-5.885635,0.30192232
0.09867536,-0.061440703,-0.002112294,-0.074826494,-5.885635,0.30192232
0.10194727,-0.36400378,-0.002112294,-0.028595494,-5.885635,0.29729572
-0.22908767,-0.14577475,-0.0005096389,-0.0006493473,-5.885635,-1.0125139
-0.15828581,0.0045608683,-0.00039972086,0.020708505,7.5801353,-0.024555916
-0.1644823,0.14901534,-0.00036360713,0.018467404,-5.885635,-1.1005244
0.09126778,0.2594219,0.00044951076,-0.05550661,7.5801353,0.32053104
0.12635219,-0.29484686,-0.00019328739,-0.003234901,7.5801353,0.3069534
-0.0020999154,-0.19271621,-0.00039972086,-0.013346186,-5.885635,0.13394406
-0.2534713,-0.3005648,-0.00039972086,-0.01852664,-5.885635,0.024726272
0.07249526,0.058310978,-0.0014506625,-0.0039964593,7.5801353,0.3133965
0.10640351,-0.055867452,-0.0014506625,0.00446325,-5.885635,0.31447428
-0.008841744,0.16533822,-0.00025368907,-0.02561139,7.5801353,0.21533015
-0.22908767,-0.14577475,-0.0005096389,-0.0006493473,-5.885635,-1.0125139
-0.2472323,-0.34721264,-0.00039972086,-0.055045832,-5.885635,0.10503518
0.08648635,0.1809324,-0.00019328739,0.0027611176,-5.885635,0.32102844
0.0925919,0.08177612,-0.00019328739,0.0042523206,-5.885635,0.31581822
-0.07563265,0.16793892,-0.002112294,-0.002482648,7.5801353,0.30274194
0.105542995,-0.06976206,-0.0014506625,0.007293307,-5.885635,0.31458995
-0.09496604,0.26848468,0.0007059495,0.02976611,7.5801353,0.1980614
-0.03565854,-0.0048500625,-0.00036360713,-0.0015863195,-5.885635,-1.0733912
-0.008687228,-0.09539099,-0.00039972086,-0.03726562,-5.885635,0.19334444
0.031079099,-0.35456374,-0.00039972086,-0.00012834545,7.5801353,0.18389392
-0.25724933,-0.3211587,-0.00039972086,-0.014899973,-5.885635,0.06765104
-0.2192256,-0.20343494,-0.0005096389,-0.011474475,-5.885635,-0.9538906
-0.17441152,0.17278987,-0.00025368907,0.04622238,7.5801353,0.17298615
-0.25526556,-0.27835628,0.0029836325,-0.045828037,-5.885635,0.1129368
0.10164643,0.13077122,-0.0014506625,-0.020249253,7.5801353,0.30818656
-0.12009722,0.1131187,-0.0005096389,-0.013437537,-5.885635,-1.0587611
-0.067878366,-0.1727499,-0.0005096389,0.012739399,-5.885635,-0.97265595
-0.014143001,-0.2386888,-0.00039972086,0.050702523,-5.885635,0.15098515
-0.2304328,-0.18054685,-0.0005096389,-0.0050756573,-5.885635,-0.9719703
0.103231356,0.055108197,-0.0014506625,-0.036740847,-5.885635,0.29842573
-0.21694566,-0.26589626,-0.0005096389,-0.026448006,-5.885635,-0.47554567
-0.22303383,-0.19662935,-0.0005096389,-0.0003386879,-5.885635,-0.9680238
0.11915563,-0.3545367,-0.00019328739,-0.046960667,-5.885635,0.30339792
0.09266496,0.22042662,0.00091238297,0.0136009045,7.5801353,0.32378832
0.10059198,-0.075349204,-0.0014506625,-0.005897736,-5.885635,0.31458995
-0.046989225,0.055918418,-0.00036360713,-0.0120732905,-5.885635,-1.0980314
-0.07473819,-0.2289722,-0.0005096389,0.00096834626,-5.885635,-0.48156682
0.035454206,-0.19802736,-0.0005096389,0.039774083,-5.885635,-0.9702912
-0.034331385,-0.0033867077,-8.608587e-05,-0.014205597,-5.885635,-0.39275736
-0.22908767,-0.14577475,-0.0005096389,-0.0006493473,-5.885635,-1.0125139
0.08673728,-0.110605575,-0.0014506625,0.007807427,-5.885635,0.30658185
-0.23807219,-0.29278946,-0.0005096389,-0.032233488,-5.885635,-0.29504165
-0.2270151,-0.19523665,-0.0005096389,-0.0006493473,-5.885635,-0.96512455
0.09803102,0.074067235,-0.0014506625,0.013062602,-5.885635,0.31647065
-0.20509186,-0.20947482,-0.0005096389,-0.005777199,-5.885635,-0.9676817
-0.077280454,-0.2669973,-0.0005096389,-0.026913019,-5.885635,-0.43000287
-0.21162523,-0.2116465,-0.0005096389,-0.010789357,-5.885635,-0.9539646
0.09296771,0.27801946,0.00091238297,-0.013802061,7.5801353,0.32463625
-0.23946626,-0.36471885,-0.00039972086,-0.074442044,-5.885635,0.11264659
-0.019642308,0.074466564,2.3832195e-05,-0.014131755,7.5801353,0.20964769
-0.22836022,-0.19523665,-0.0005096389,-0.0050756573,-5.885635,-0.9593531
0.10640351,-0.055867452,-0.0014506625,0.00446325,-5.885635,0.31447428
0.10441014,0.15759581,-0.00019328739,0.008173924,7.5801353,0.32102844
-0.22908767,-0.18054685,-0.0005096389,-0.0006493473,-5.885635,-0.9777418
-0.21124224,-0.21438795,-0.0005096389,-0.017515315,-5.885635,-0.9448801
0.025861649,-0.35260454,-0.00039972086,-0.014323446,-5.885635,-0.06795926
0.11790829,-0.044448208,-0.0014506625,5.826226e-05,7.5801353,0.31941184
0.093195304,0.07413572,-0.00019328739,0.02145486,-5.885635,0.31988242
0.10164643,0.13077122,-0.0014506625,-0.020249253,-5.885635,0.30818656
-0.22908767,-0.14577475,-0.0005096389,-0.0006493473,-5.885635,-1.0125139
-0.20526738,-0.24531241,-0.0005096389,-0.010109439,-5.885635,-0.40832978
0.09803102,0.074067235,-0.0014506625,0.013062602,-5.885635,0.31647065
0.09266496,0.22042662,0.00091238297,0.0136009045,-5.885635,0.32378832
-0.06925651,-0.3392071,-0.00039972086,-0.011008639,-5.885635,0.14790758
-0.039405227,-0.12405626,-0.0005096389,0.0084119905,-5.885635,-0.98226696
0.098816745,0.070923194,-0.0014506625,0.005941187,-5.885635,0.3134431
-0.22908767,-0.14577475,-0.0005096389,-0.0006493473,-5.885635,-1.0125139
0.09159351,0.27090716,0.00091238297,-0.025277391,7.5801353,0.3204598
-0.0078747105,0.1279485,-8.608587e-05,0.025553359,-5.885635,-0.3964212
-0.11780943,-0.036131896,-0.0005096389,-0.021263544,-5.885635,-1.0363554
0.09316735,0.07468123,-0.0014506625,0.010200676,7.5801353,0.30935946
0.08489793,0.23148629,0.00091238297,-0.025277391,7.5801353,0.3204598
0.08769139,0.22010249,0.00091238297,-0.02155785,-5.885635,0.3208833
0.11223785,-0.03295445,-0.002112294,0.0032056016,7.5801353,0.32621032
-0.22791363,-0.19554576,-0.0005096389,-0.006253627,-5.885635,-0.95831263
0.099724345,0.1636447,-0.00019328739,-0.030201368,7.5801353,0.3174939
0.0904735,-0.2061967,-0.00019328739,-0.05995261,-5.885635,0.28901798
0.085662425,0.256987,0.00044951076,-0.07278454,7.5801353,0.32053104
-0.2292401,-0.19539726,-0.0005096389,-0.0050756573,-5.885635,-0.95831263
0.09126778,0.2594219,0.00044951076,-0.05550661,7.5801353,0.32053104
-0.077592865,-0.16729324,-0.0005096389,-0.046050243,-5.885635,-0.9598525
-0.0147598535,-0.07730499,-0.00025368907,-0.005115904,-5.885635,0.15078959
-0.04904937,0.10685116,-0.00036360713,0.0065016146,-5.885635,-0.24201003
0.10037876,-0.4054947,-0.00019328739,-0.02027051,-5.885635,0.3027385
-0.035433065,0.06915343,-0.00036360713,0.005954674,-5.885635,-0.14452651
-0.2270151,-0.19523665,-0.0005096389,-0.0006493473,-5.885635,-0.96512455
-0.22908767,-0.14577475,-0.0005096389,-0.0006493473,-5.885635,-1.0125139
-0.07042063,-0.20216182,-0.0005096389,-0.017189046,-5.885635,-0.9610175
0.10164643,0.13077122,-0.0014506625,-0.020249253,-5.885635,0.30818656
-0.22908767,-0.14577475,-0.0005096389,-0.0006493473,-5.885635,-1.0125139
0.119269066,-0.2908611,-0.002112294,-0.012147848,-5.885635,0.30520085
-0.09352912,-0.13800065,-0.0005096389,-0.008868101,-5.885635,-1.0103911
-0.0013818876,0.20823343,2.3832195e-05,-0.011899399,-5.885635,0.20519665
-0.16485544,0.025552407,-0.0005096389,-0.014801571,-5.885635,-1.0310801
-0.23300111,-0.30228955,-0.0005096389,-0.04957786,-5.885635,-0.2947932
-0.22703375,-0.19538516,-0.0005096389,-0.006253627,-5.885635,-0.9593531
0.08079716,-0.1173638,-0.0014506625,0.0062562944,7.5801353,0.3096094
-0.01618021,-0.1466305,-0.00039972086,-0.042805098,-5.885635,0.14201126
-0.15776315,0.136347,-0.00036360713,0.01799496,-5.885635,-1.0941027
-0.19081573,0.0123285055,-0.0005096389,-0.010575377,-5.885635,-1.0512457
0.07227626,-0.0065474347,-0.0014506625,0.0059663,7.5801353,0.32201013
-0.018954592,0.0047339182,-0.0005096389,-0.0025137109,-5.885635,-1.0724299
0.09126778,0.26507002,0.00044951076,-0.041364707,7.5801353,0.32181382
-0.020639293,-0.091516726,-0.0014506625,-0.003867494,7.5801353,0.2897876
-0.22703375,-0.19538516,-0.0005096389,-0.006253627,-5.885635,-0.9593531
-0.073180005,0.036150955,-0.00039972086,-0.042213246,-5.885635,0.19154412
0.09126778,0.2594219,0.00044951076,-0.05550661,-5.885635,0.32053104
-0.22908767,-0.18054685,-0.0005096389,-0.0006493473,-5.885635,-0.9777418
0.09349191,0.21810633,0.00091238297,0.026840163,-5.885635,0.32663584
-0.22703375,-0.19538516,-0.0005096389,-0.006253627,-5.885635,-0.9593531
0.09597872,0.238475,-0.00034499215,0.0062037236,7.5801353,0.32300672
0.10738424,-0.061516654,-0.0014506625,-6.631715e-05,7.5801353,0.32488215
-0.013533179,0.0055617285,-0.00039972086,-0.045037553,7.5801353,0.17912358
-0.0027379096,0.15298511,-0.0014506625,0.017585985,7.5801353,0.3151429
0.07780648,-0.00019911618,-0.0014506625,0.0083372425,7.5801353,0.31898257
0.09159351,0.27090716,0.00091238297,-0.025277391,7.5801353,0.3204598
-0.21124224,-0.21123141,-0.0005096389,-0.016699027,-5.885635,-0.94885296
-0.22996755,-0.18070742,-0.0005096389,-0.0006493473,-5.885635,-0.97670126
-0.025132455,-0.06790591,-0.0014506625,-0.019215839,7.5801353,0.30789217
0.015769372,-0.38896856,-0.00025368907,-0.050824866,-5.885635,0.099670544
0.08967877,0.07375649,-0.00019328739,-0.04467458,7.5801353,0.3064515
-0.21513774,-0.27854586,-0.0005096389,-0.015012127,7.5801353,-0.18820724
0.08079716,-0.109106876,-0.0014506625,0.0062562944,7.5801353,0.30135247
-0.20747425,-0.21615285,-0.0005096389,-0.011474475,-5.885635,-0.9529241
-0.07820891,-0.30567172,-0.0005096389,-0.03509766,-5.885635,-0.22900555
0.036622778,-0.36834043,-0.00039972086,-0.0414517,-5.885635,0.17695779
-0.22791363,-0.19554576,-0.0005096389,-0.006253627,-5.885635,-0.95831263
-0.22703375,-0.19538516,-0.0005096389,-0.006253627,-5.885635,-0.9593531
0.09420384,0.07675616,-0.0014506625,0.014200877,-5.885635,0.31647065
-0.039724633,-0.16423064,-0.00036360713,-0.05803457,-5.885635,-0.4867576
-0.034823585,-0.27501565,-0.00039972086,0.04538058,-5.885635,-0.054288633
-0.0431051,-0.052603737,-0.00025368907,-0.0025369376,7.5801353,0.037797518
0.095904924,0.060537122,-0.0014506625,0.007278879,-5.885635,0.31187838
-0.22908767,-0.18054685,-0.0005096389,-0.0006493473,-5.885635,-0.9777418
-0.22908767,-0.14577475,-0.0005096389,-0.0006493473,-5.885635,-1.0125139
-0.0060253255,-0.32230976,-0.00039972086,-0.07544461,-5.885635,-0.06343612
-0.2009586,-0.33259493,-0.00039972086,-0.0037533697,-5.885635,-0.028212976
0.08407917,-0.11490661,-0.00019328739,0.012399051,-5.885635,0.30476424
0.122621626,-0.2488559,-0.002112294,-0.007059833,-5.885635,0.30350423
0.08599146,0.21025683,0.00044951076,-0.041364707,-5.885635,0.3190036
0.09349191,0.21810633,-0.00034499215,0.014790539,7.5801353,0.32322407
0.012541002,0.1788376,-0.00025368907,-0.0076937783,-5.885635,0.2170729
-0.22596525,-0.20093131,-0.0005096389,-0.002742506,-5.885635,-0.9583866
0.07285396,-0.1817407,-0.00019328739,-0.08879281,-5.885635,0.270923
0.09159351,0.26267824,0.00091238297,-0.010985002,7.5801353,0.3217999
0.08762572,0.2388259,0.00091238297,-0.030097242,-5.885635,0.3204598
0.08673728,-0.10234865,-0.0014506625,0.007807427,-5.885635,0.29832494
0.073291674,-0.3105242,-0.00039972086,0.030294094,-5.885635,0.16491461
0.09296771,0.27801946,0.00091238297,-0.013802061,7.5801353,0.32463625
-0.24188352,-0.28435224,-0.0005096389,-0.017703325,-5.885635,-0.28987607
0.09597872,0.238475,-0.00034499215,0.0062037236,-5.885635,0.32300672
-0.22836022,-0.19523665,-0.0005096389,-0.0050756573,-5.885635,-0.9593531
-0.22836022,-0.19523665,-0.0005096389,-0.0050756573,-5.885635,-0.9593531
-0.014906803,-0.12204638,-0.00039972086,-0.041595332,-5.885635,0.11620455
0.015769372,-0.38992342,-0.00039972086,-0.0868469,-5.885635,0.10840596
0.13580485,-0.2670843,-0.0014506625,-0.020239782,-5.885635,0.30596018
0.08769139,0.22320624,0.00091238297,-0.013802061,-5.885635,0.32182604
0.06918224,0.06699027,-0.00019328739,-0.0070230155,-5.885635,0.31637114
0.093195304,0.08039661,-0.00019328739,0.016767966,7.5801353,0.31830844
0.09767257,0.020234033,-0.00019328739,-0.08354072,-5.885635,0.29435626
-0.22836022,-0.19523665,-0.0005096389,-0.0050756573,-5.885635,-0.9593531
0.08747843,0.20606628,0.00091238297,0.011400035,-5.885635,0.32378832
-0.052143857,-0.14640443,-0.00025368907,-0.020507818,-5.885635,0.16922519
-0.2281716,-0.20094338,-0.0005096389,-0.0015645378,-5.885635,-0.9573461
-0.06538977,-0.20650756,-0.0005096389,-0.017874163,-5.885635,-0.9610175
-0.22908767,-0.14577475,-0.0005096389,-0.0006493473,-5.885635,-1.0125139
-0.22908767,-0.19316408,-0.0005096389,-0.0006493473,-5.885635,-0.96512455
0.08489793,0.22325735,0.00091238297,-0.010985002,7.5801353,0.3217999
-0.2270151,-0.19523665,-0.0005096389,-0.0006493473,-5.885635,-0.96512455
-0.11110382,-0.0787579,-0.00039972086,-0.022676159,-5.885635,0.18854645
-0.22908767,-0.18054685,-0.0005096389,-0.0006493473,-5.885635,-0.9777418
-0.22908767,-0.18054685,-0.0005096389,-0.0006493473,-5.885635,-0.9777418
0.106982715,-0.05510628,-0.0014506625,0.0031228685,-5.885635,0.31447428
-0.22908767,-0.18054685,-0.0005096389,-0.0006493473,-5.885635,-0.9777418
0.0985169,-0.08356184,-0.0014506625,0.0018314576,7.5801353,0.3090005
-0.1531248,0.20877023,-0.0005096389,-0.025482899,-5.885635,-1.0967155
-0.058642235,-0.3550385,-0.00039972086,-0.06291722,-5.885635,0.11648529
0.090608776,0.26861724,0.00091238297,0.00580828,-5.885635,0.32659853
0.09420384,0.07333251,-0.00019328739,0.03027362,7.5801353,0.31928295
-0.22908767,-0.14577475,-0.0005096389,-0.0006493473,-5.885635,-1.0125139
-0.22089121,-0.17350917,-0.0005096389,0.00048024033,-5.885635,-0.9941055
0.085662425,0.256987,0.00044951076,-0.07278454,-5.885635,0.32053104
0.101932354,-0.07802998,-0.0014506625,0.0049223653,7.5801353,0.3176175
0.016488254,-0.40231875,-0.00025368907,-0.04921117,-5.885635,0.15064877
0.08762572,0.2388259,0.00091238297,-0.030097242,7.5801353,0.3204598
0.10037876,-0.4054947,-0.00019328739,-0.02027051,-5.885635,0.3027385
0.09044592,0.08951385,-0.00019328739,-0.0013394314,7.5801353,0.31581822
0.091659665,-0.12468404,-0.00019328739,-0.06483686,-5.885635,0.2944806
-0.04978782,-0.16562495,-0.0005096389,0.030075476,-5.885635,-0.96964973
0.117421284,-0.07421963,-0.002112294,-0.080793485,-5.885635,0.30192232
0.05348776,-0.036288235,-0.00019328739,-0.09533192,-5.885635,0.3069323
0.10648041,-0.10652438,-0.00019328739,0.016576191,7.5801353,0.32312465
0.08648635,0.1809324,-0.00019328739,0.0027611176,-5.885635,0.32102844
-0.09164055,-0.2585149,-0.00039972086,-0.004371087,-5.885635,-0.079824395
0.0012667598,-0.39068002,-0.00039972086,-0.069586635,-5.885635,0.122869544
-0.21239452,-0.27659437,0.008686075,0.00024032698,7.5801353,0.32573482
0.114914216,-0.03383348,-0.002112294,0.010662718,7.5801353,0.31695586
-0.098862424,-0.040760066,-0.00025368907,0.008166509,-5.885635,0.10378119
0.09159351,0.26206756,0.00091238297,-0.017332358,-5.885635,0.3213544
-0.034302603,-0.0908519,-0.00036360713,-0.026107263,-5.885635,-1.041404
0.0926459,-0.34057215,-0.002112294,-0.011868823,-5.885635,0.29362845
0.09143662,-0.10561154,-0.0014506625,0.007832636,-5.885635,0.2968633
0.09661226,0.22622669,-0.00034499215,0.0038454176,-5.885635,0.3201965
-0.11106021,0.20842862,-0.00025368907,-0.0019698562,-5.885635,0.20777702
0.097398,0.22308266,-0.00034499215,0.0062037236,-5.885635,0.3201965
0.101970114,0.15985689,-0.00019328739,0.008352872,7.5801353,0.32102844
0.09982413,0.17286013,-0.00019328739,-0.0014649169,7.5801353,0.31998897
0.09159351,0.27090716,0.00091238297,-0.025277391,-5.885635,0.3204598
-0.030693503,-0.11648116,-0.00025368907,-0.009731913,-5.885635,0.126831
0.08769139,0.22320624,0.00091238297,-0.013802061,7.5801353,0.32182604
-0.22596525,-0.19777477,-0.0005096389,-0.0019262178,-5.885635,-0.96235937
-0.004210508,-0.07408193,-0.00039972086,-0.02673648,7.5801353,0.16364047
0.0018997481,0.2639096,0.0011295025,0.014287716,-5.885635,0.18005013
-0.22836022,-0.19523665,-0.0005096389,-0.0050756573,-5.885635,-0.9593531
-0.22908767,-0.14577475,-0.0005096389,-0.0006493473,-5.885635,-1.0125139
0.07769992,0.010604125,-0.0014506625,-0.0007594954,-5.885635,0.31738263
0.105542995,-0.06976206,-0.0014506625,0.007293307,7.5801353,0.31458995
0.10440835,0.14740267,-0.0014506625,0.017084226,7.5801353,0.3210814
0.0052773138,-0.2606751,-0.0005096389,-0.0070225387,-5.885635,-0.31700224
-0.21660884,-0.20795456,-0.0005096389,-0.0050756573,-5.885635,-0.9583866
0.015532045,-0.24474646,-0.00036360713,-0.04038312,-5.885635,-0.9671475
-0.21616225,-0.20826364,-0.0005096389,-0.006253627,-5.885635,-0.9573461
0.07769992,-0.0010112989,-0.0014506625,-0.000649326,-5.885635,0.31680164
-0.22729172,-0.2007828,-0.0005096389,-0.0015645378,-5.885635,-0.9583866
0.11955003,-0.2763198,-0.002112294,-0.015379947,-5.885635,0.2936107
-0.24309106,-0.1651439,-0.0005096389,-0.000176323,-5.885635,-0.9796143
0.09693087,0.16641133,-0.00019328739,-0.030405477,-5.885635,0.318322
-0.07320605,-0.2604941,-0.0005096389,-0.031084394,-5.885635,-0.42518842
-0.22908767,-0.18054685,-0.0005096389,-0.0006493473,-5.885635,-0.9777418
-0.19082409,0.008549612,-0.0005096389,-0.018956013,-5.885635,-1.0267532
0.012074954,0.10995274,-0.00025368907,0.02453396,7.5801353,0.19135019
-0.22908767,-0.14577475,-0.0005096389,-0.0006493473,-5.885635,-1.0125139
0.015532045,-0.24404131,-0.0005096389,-0.06259782,-5.885635,-0.94549185
0.09420384,0.060772806,-0.0014506625,0.018223997,-5.885635,0.31490597
0.10780525,-0.093286306,-0.0014506625,0.0014624145,7.5801353,0.31943604
0.090419196,0.2256034,-0.0040962296,-0.024471102,7.5801353,0.32109597
0.11154442,-0.0854611,-0.0014506625,0.0011989233,-5.885635,0.31994456
-0.22303383,-0.20244962,-0.0005096389,-0.008651592,-5.885635,-0.9538906
-0.0026589995,0.09557528,-8.608587e-05,0.0040911576,-5.885635,-1.1348993
-0.2281716,-0.20094338,-0.0005096389,-0.0015645378,-5.885635,-0.9573461
0.09296771,0.2749157,0.00091238297,-0.02155785,7.5801353,0.3236935
0.08923572,0.16839153,-0.00019328739,0.02489164,-5.885635,0.32291916
0.09126778,0.2594219,0.00044951076,-0.05550661,7.5801353,0.32053104
0.051464405,-0.36443457,-0.00039972086,-0.01259169,-5.885635,0.13829905
-0.06925651,-0.34790984,-0.00039972086,-0.026534293,-5.885635,0.15718672
-0.15823252,-0.0210909,-0.0005096389,-0.05735856,-5.885635,-0.5083743
0.017746214,-0.3977431,-0.00025368907,-0.061998796,-5.885635,0.16952562
0.095904924,0.076520465,-0.0014506625,0.003255756,7.5801353,0.3134431
-0.0225145,-0.04502798,-0.00036360713,-0.006275941,-5.885635,-1.0416677
-0.22089121,-0.17350917,-0.0005096389,0.00048024033,-5.885635,-0.9941055
0.08863232,0.17319468,-0.00019328739,0.008352872,7.5801353,0.32102844
-0.20319481,-0.2600022,-0.0005096389,-0.010109439,-5.885635,-0.39571255
-0.24334282,-0.2499065,-0.0005096389,-0.014830145,-5.885635,-0.23582429
0.08359309,0.18035978,-0.00019328739,-0.02405812,-5.885635,0.31876752
-0.06052354,0.022336083,-0.0005096389,-0.023789022,-5.885635,-1.0115225
0.13614163,-0.2667475,-0.0014506625,-0.020869885,7.5801353,0.30591676
-0.22996755,-0.19332466,-0.0005096389,-0.0006493473,-5.885635,-0.964084
0.09229714,-0.091716945,-0.0014506625,0.0050025797,-5.885635,0.29674765
0.05416089,-0.043508135,-0.00019328739,-0.08279644,-5.885635,0.30829856
-0.22089121,-0.17350917,-0.0005096389,0.00048024033,-5.885635,-0.9941055
-0.014688685,0.25699386,0.00044951076,-0.06566743,7.5801353,0.32136604
0.08311391,0.20951341,0.00044951076,-0.0776044,-5.885635,0.31772083
0.008969325,-0.30461404,-0.0014506625,-0.043617547,7.5801353,0.315479
-0.21250512,-0.20548266,-0.0005096389,-0.0090074325,-5.885635,-0.9610303
-0.054609317,-0.343348,-0.00039972086,0.020834621,-5.885635,0.123152114
0.08871926,0.18100245,-0.00024686634,-0.062760025,-5.885635,0.31504062
-0.030712515,-0.1339236,-0.00025368907,-0.0012241113,-5.885635,0.16596594
0.08489793,0.22264667,0.00091238297,-0.017332358,-5.885635,0.3213544
-0.005148818,-0.3397752,-0.00025368907,-0.05320285,7.5801353,0.1539819
-0.20509186,-0.20947482,-0.0005096389,-0.005777199,-5.885635,-0.9676817
0.08769139,0.23109926,0.00091238297,-0.027683824,-5.885635,0.3204598
-0.07042063,-0.19583741,-0.0005096389,-0.015407123,-5.885635,-0.9691238
0.092028044,0.25849038,0.00091238297,0.0015822455,7.5801353,0.32274884
0.08489793,0.23148629,0.00091238297,-0.025277391,-5.885635,0.3204598
-0.12020939,0.12459028,-0.00036360713,0.02677908,-5.885635,-0.16334945
0.07865546,0.14166562,-0.0014506625,-0.038516883,7.5801353,0.3108483
-0.2270151,-0.19523665,-0.0005096389,-0.0006493473,-5.885635,-0.96512455
0.051464405,-0.3579398,-0.00039972086,-0.003052386,-5.885635,0.14087817
0.08769139,0.22320624,0.00091238297,-0.013802061,7.5801353,0.32182604
0.09159351,0.27090716,0.00091238297,-0.025277391,7.5801353,0.3204598
0.078667,0.0032817018,-0.0014506625,0.006818997,7.5801353,0.31588268
-0.07042063,-0.20216182,-0.0005096389,-0.017189046,-5.885635,-0.9610175
0.10573159,-0.08352462,-0.0014506625,-0.0018749428,-5.885635,0.31508538
-0.089983195,-0.0061690803,-0.00036360713,0.0025958344,-5.885635,-1.0387539
-0.18780492,-0.2679067,-0.0005096389,-0.03036521,-5.885635,-0.44478914
0.09159351,0.26267824,0.00091238297,-0.010985002,7.5801353,0.3217999
-0.061719667,-0.34752688,-0.00025368907,-0.030421868,7.5801353,0.14423251
0.101970114,0.15985689,-0.00019328739,0.008352872,7.5801353,0.32102844
0.0948791,0.0007793821,-0.00019328739,-0.12275075,-5.885635,0.28800285
0.08648635,0.1809324,-0.00019328739,0.0027611176,7.5801353,0.32102844
-0.11302397,0.10320957,2.3832195e-05,0.010250315,-5.885635,0.18775427
0.086386554,0.17698249,-0.00019328739,-0.030201368,-5.885635,0.3174939
0.114914216,-0.03383348,-0.002112294,0.010662718,7.5801353,0.31695586
-0.2270151,-0.19523665,-0.0005096389,-0.0006493473,-5.885635,-0.96512455
0.0695033,-0.08802844,-0.0014506625,0.007073219,-5.885635,0.30969587
-0.112114295,-0.07215811,-0.00025368907,-0.008103102,-5.885635,-0.06370327
-0.01517052,0.06954681,-0.0014506625,-0.013539337,-5.885635,0.30899495
0.0043841936,0.114536434,-0.00025368907,0.008955749,-5.885635,0.19161308
0.088044465,-0.09612907,-0.0014506625,0.005433102,-5.885635,0.3049819
0.081207074,-0.11695389,-0.0014506625,-0.0040432336,-5.885635,0.30658185
-0.2657233,-0.3249991,-0.00039972086,-0.014181217,-5.885635,0.09580281
0.10735602,-0.060878396,-0.0014506625,-0.0018034312,-5.885635,0.31299
0.045726288,-0.345419,-0.00039972086,0.0342531,-5.885635,0.12496977
0.116833806,-0.028078029,0.008686075,0.020519411,-5.885635,0.3217597
-0.22908767,-0.14577475,-0.0005096389,-0.0006493473,-5.885635,-1.0125139
-0.15757371,0.008734789,2.3832195e-05,0.01942692,-5.885635,0.16077024
-0.25744012,-0.30007532,-0.00039972086,-0.0012204968,-5.885635,0.13251433
-0.04978782,-0.16562495,-0.0005096389,0.030075476,-5.885635,-0.96964973
0.09268705,0.2440296,0.00044951076,-0.05550661,-5.885635,0.31772083
-0.07014295,-0.24052386,-0.0005096389,-0.031945076,-5.885635,-0.636428
-0.23984069,-0.3094659,-0.00039972086,0.009741255,-5.885635,-0.063482486
-0.008466902,-0.32856387,-0.00039972086,-0.06579539,-5.885635,0.15943593
-0.24264447,-0.16545299,-0.0005096389,-0.0013542934,-5.885635,-0.97857386
0.030438568,-0.37119463,-0.00039972086,-0.060711756,-5.885635,0.12897024
0.032939337,-0.20950368,-0.0005096389,-0.0033107311,-5.885635,-0.9605108
-0.22908767,-0.14577475,-0.0005096389,-0.0006493473,-5.885635,-1.0125139
-0.23530649,-0.3593392,-0.00039972086,-0.071241155,-5.885635,0.0888493
-0.22908767,-0.14577475,-0.0005096389,-0.0006493473,-5.885635,-1.0125139
0.09438698,0.26262712,0.00091238297,-0.013802061,7.5801353,0.32182604
0.085662425,0.256987,0.00044951076,-0.07278454,-5.885635,0.32053104
-0.25744012,-0.27768922,-0.00039972086,-0.0014276826,-5.885635,0.14459077
-0.0721618,-0.34755608,-0.00039972086,-0.020562138,-5.885635,0.08366173
0.09799782,0.072042875,-0.0014506625,0.00890168,-5.885635,0.30846635
-0.16044764,0.01642175,-0.00039972086,0.041045517,7.5801353,0.1476103
0.09275475,0.21394245,0.00091238297,0.011400035,7.5801353,0.31928882
-0.16342509,0.046973616,-0.00039972086,0.03438015,-5.885635,0.18808457
-0.025772803,0.13513339,0.00020901562,-0.030302364,-5.885635,-1.1455405
-0.22908767,-0.14577475,-0.0005096389,-0.0006493473,-5.885635,-1.0125139
-0.22908767,-0.19316408,-0.0005096389,-0.0006493473,-5.885635,-0.96512455
-0.15452658,0.24006797,0.00044951076,-0.06345277,-5.885635,0.3058445
0.092238866,-0.12392286,-0.00019328739,-0.06617724,7.5801353,0.2944806
-0.22703375,-0.19538516,-0.0005096389,-0.006253627,-5.885635,-0.9593531
0.101932354,-0.07802998,-0.0014506625,-0.046679564,-5.885635,0.30113727
-0.2270151,-0.19523665,-0.0005096389,-0.0006493473,-5.885635,-0.96512455
0.013168355,-0.4026168,-0.00025368907,-0.039410204,-5.885635,0.14761275
0.105194084,0.14425863,-0.0014506625,0.009962814,-5.885635,0.31805384
0.09532805,0.22466727,-0.00034499215,-0.027503993,-5.885635,0.31405845
-0.096332386,-0.055898644,-0.0005096389,-0.045055963,-5.885635,-1.0142733
-0.018445924,0.28105676,0.00091238297,-0.043301813,-5.885635,0.324105
-0.22729172,-0.2007828,-0.0005096389,-0.0015645378,-5.885635,-0.9583866
0.08863232,0.17319468,-0.00019328739,0.008352872,7.5801353,0.32102844
-0.22908767,-0.18054685,-0.0005096389,-0.0006493473,-5.885635,-0.9777418
-0.22196533,-0.20799574,-0.0005096389,-0.0051404727,-5.885635,-0.9529241
0.060354754,-0.35043168,-0.00039972086,0.04932196,-5.885635,0.14078906
-0.24264447,-0.16545299,-0.0005096389,-0.0013542934,-5.885635,-0.97857386
-0.11457994,-0.07818395,-0.00039972086,-0.024163466,-5.885635,0.19293591
-0.17729051,0.24741909,-0.00036360713,0.060370788,-5.885635,-0.09621865
0.09296771,0.27801946,0.00091238297,-0.013802061,-5.885635,0.32463625
0.11775805,-0.083120175,-0.0014506625,-0.02332991,-5.885635,0.32159024
0.06703626,0.074728,-0.00019328739,-0.012614768,-5.885635,0.31637114
0.08599146,0.20460872,0.00044951076,-0.05550661,-5.885635,0.31772083
0.09438698,0.26262712,0.00091238297,-0.013802061,7.5801353,0.32182604
-0.22908767,-0.18054685,-0.0005096389,-0.0006493473,-5.885635,-0.9777418
-0.0035779194,0.05951434,-8.608587e-05,0.011216536,-5.885635,-1.1050448
-0.22908767,-0.14577475,-0.0005096389,-0.0006493473,-5.885635,-1.0125139
-0.067878366,-0.1727499,-0.0005096389,0.012739399,-5.885635,-0.97265595
-0.17302558,0.03242723,-0.00036360713,-0.010187898,-5.885635,-1.0447907
0.06628423,-0.0039820457,-0.0014506625,-0.002232872,-5.885635,0.31294256
0.08599146,0.20460872,0.00044951076,-0.05550661,7.5801353,0.31772083
0.107698694,-0.08248306,-0.0014506625,-0.0076343245,-5.885635,0.31783608
0.092028044,0.25322488,0.00091238297,0.00580828,7.5801353,0.32378832
-0.22908767,-0.14577475,-0.0005096389,-0.0006493473,-5.885635,-1.0125139
0.07025444,-0.015097745,-0.00019328739,-0.0126197245,-5.885635,0.31801277
0.06769797,-0.0001355008,-0.0014506625,0.006128362,-5.885635,0.31113046
-0.14532854,0.057665758,-0.0005096389,-0.04037195,-5.885635,-1.0268458
0.09296771,0.27801946,0.00091238297,-0.013802061,7.5801353,0.32463625
-0.2192256,-0.20343494,-0.0005096389,-0.011474475,-5.885635,-0.9538906
-0.0016904874,0.23235303,0.0011295025,-0.012507326,-5.885635,0.1884844
0.05348776,-0.032901775,-0.00019328739,-0.081149705,-5.885635,0.30885342
-0.1014365,-0.18989737,-0.00039972086,-0.027992621,-5.885635,0.20048916
-0.21250512,-0.20548266,-0.0005096389,-0.0090074325,-5.885635,-0.9610303
-0.22908767,-0.19316408,-0.0005096389,-0.0006493473,-5.885635,-0.96512455
-0.15994897,0.032403074,-0.00039972086,-0.018610042,-5.885635,0.20511433
-0.22836022,-0.19523665,-0.0005096389,-0.0050756573,-5.885635,-0.9593531
-0.008687228,-0.092399254,-0.00025368907,-0.0044759866,-5.885635,0.1686925
-0.18309689,0.015564437,-0.0005096389,-0.044900436,-5.885635,-1.0155509
0.10927622,-0.05528696,-0.002112294,0.012787843,-5.885635,0.31967545
-0.12203944,0.23492274,0.00020901562,0.0093370015,-5.885635,-0.16861868
0.08769139,0.22320624,0.00091238297,-0.013802061,-5.885635,0.32182604
-0.024034234,0.11350612,-0.00036360713,-0.0055426527,-5.885635,-1.1380202
-0.15899199,0.054029185,-0.0005096389,-0.008455287,-5.885635,-1.0414624
-0.052064493,0.019018577,-0.0005096389,-0.028930567,-5.885635,-1.0115225
-0.18320636,-0.043335814,-0.00039972086,-0.039868694,-5.885635,-0.046550944
0.10876976,-0.05720513,-0.0014506625,0.0049189823,-5.885635,0.31299
-0.19081573,0.0123285055,-0.0005096389,-0.010575377,-5.885635,-1.0512457
-0.06157044,0.043399584,-0.00025368907,0.026280263,7.5801353,0.17342678
0.10001277,-0.07611039,-0.0014506625,-0.0045573534,-5.885635,0.31458995
0.08489793,0.22155105,0.00091238297,-0.009356068,-5.885635,0.32187727
-0.22684513,-0.20109189,-0.0005096389,-0.002742506,-5.885635,-0.9573461
-0.22830443,-0.16951704,-0.0005096389,-0.0027499949,-5.885635,-0.9874541
0.08590641,-0.11195987,-0.0014506625,0.0054616937,-5.885635,0.29989085
0.0925919,0.06921641,-0.00019328739,0.0042523206,-5.885635,0.314853
0.008672218,-0.32258463,-0.0005096389,-0.08470262,-5.885635,-0.41062582
-0.22908767,-0.14577475,-0.0005096389,-0.0006493473,-5.885635,-1.0125139
-0.2053315,-0.21857312,-0.0005096389,-0.018200433,-5.885635,-0.94592065
0.08311391,0.20951341,0.00044951076,-0.0776044,-5.885635,0.31772083
0.09777236,0.07152522,-0.00019328739,-0.0032369453,-5.885635,0.314853
-0.14566733,0.06448878,-0.0005096389,-0.009245803,-5.885635,-1.0310801
-0.22729172,-0.2007828,-0.0005096389,-0.0015645378,-5.885635,-0.9583866
0.06939521,0.0627553,-0.00019328739,-0.05825209,7.5801353,0.3046123
-0.23126899,-0.35802826,-0.00039972086,-0.010330295,-5.885635,0.15756091
0.105013534,0.15279266,-0.00019328739,0.024712691,7.5801353,0.32291916
0.08769139,0.22320624,0.00091238297,-0.013802061,-5.885635,0.32182604
-0.24176459,-0.16529241,-0.0005096389,-0.0013542934,-5.885635,-0.9796143
-0.0016904874,0.24978809,0.0011295025,-0.00066050515,-5.885635,0.1666061
-0.22908767,-0.14577475,-0.0005096389,-0.0006493473,-5.885635,-1.0125139
-0.1595933,-0.021080285,-0.00039972086,-0.006389881,-5.885635,0.20232978
0.10440835,0.14740267,-0.0014506625,0.017084226,-5.885635,0.3210814
-0.0748422,-0.18344615,-0.0005096389,0.00599441,-5.885635,-0.9783943
-0.23379882,-0.28615442,-0.00039972086,0.0021714224,-5.885635,0.10752426
-0.2270151,-0.19523665,-0.0005096389,-0.0006493473,-5.885635,-0.96512455
0.10257351,0.14879283,-0.00019328739,0.029578533,-5.885635,0.32449317
-0.17896363,-0.032262176,-0.00025368907,-0.0070790607,-5.885635,-0.07120289
-0.24814492,-0.33021715,-0.00039972086,-0.041054003,-5.885635,-0.09504155
0.015532045,-0.248666,-0.0005096389,-0.0670695,-5.885635,-0.9363956
-0.22836022,-0.19523665,-0.0005096389,-0.0050756573,-5.885635,-0.9593531
0.028912334,-0.3072633,-0.0005096389,-0.02734687,-5.885635,-0.2903397
-0.22908767,-0.19316408,-0.0005096389,-0.0006493473,-5.885635,-0.96512455
0.09266496,0.22042662,0.00091238297,0.0136009045,-5.885635,0.32378832
-0.0053877085,-0.04480005,-0.0005096389,-0.041539565,-5.885635,-1.0236127
0.101970114,0.15985689,-0.00019328739,0.008352872,-5.885635,0.32102844
0.10746258,-0.07168165,-0.0014506625,0.007293307,-5.885635,0.31458995
-0.22908767,-0.14577475,-0.0005096389,-0.0006493473,-5.885635,-1.0125139
-0.22791363,-0.19554576,-0.0005096389,-0.006253627,-5.885635,-0.95831263
-0.07512164,-0.00048050785,-0.00039972086,-0.040511377,7.5801353,0.22871324
-0.23140489,-0.29568902,-0.00039972086,-0.014089841,-5.885635,0.19648781
0.09835997,-0.08371878,-0.0014506625,0.002145335,-5.885635,0.3090005
-0.07004982,-0.008252084,-0.00036360713,0.0063173664,-5.885635,-1.0395979
-0.011556335,-0.014756158,-0.00025368907,-0.028703135,7.5801353,0.18072158
0.0132637,0.11217367,-0.00039972086,0.007189485,7.5801353,0.18686768
-0.08263103,-0.1622551,-0.0005096389,-0.041660774,-5.885635,-0.96424204
0.07249526,0.058310978,-0.0014506625,-0.046118673,-5.885635,0.29994383
0.006096082,-0.39442506,-0.00039972086,-0.015224148,-5.885635,0.11755418
0.00826476,-0.28680095,-0.00039972086,0.007599084,-5.885635,0.09634414
0.12016463,-0.04603103,-0.0014506625,-0.00057184324,7.5801353,0.31936842
-0.18309689,0.015564437,-0.0005096389,-0.044900436,-5.885635,-1.0155509
0.085662425,0.256987,0.00044951076,-0.10659777,-5.885635,0.30973205
-0.08260561,0.19926539,-0.0005096389,-0.013853372,7.5801353,-0.35858336
0.08936948,0.16097614,-0.00019328739,0.030599251,-5.885635,0.32449317
-0.21528237,-0.20810306,-0.0005096389,-0.006253627,-5.885635,-0.9583866
-0.03524343,-0.010611964,2.3832195e-05,0.010300145,7.5801353,0.19108886
0.086386554,0.17698249,-0.00019328739,-0.030201368,-5.885635,0.3174939
0.103231356,0.055108197,-0.0014506625,0.0053813644,-5.885635,0.31187838
0.053015027,-0.33567637,-0.00039972086,0.039758734,-5.885635,0.14934725
0.07085783,-0.020617463,-0.00019328739,0.014150266,-5.885635,0.32426518
0.09268705,0.2440296,0.00044951076,-0.05550661,7.5801353,0.31772083
-0.18309689,0.015564437,-0.0005096389,-0.044900436,-5.885635,-1.0155509
0.08762572,0.22998628,0.00091238297,-0.02215221,7.5801353,0.3213544
-0.22836022,-0.19523665,-0.0005096389,-0.0050756573,-5.885635,-0.9593531
-0.2292401,-0.19539726,-0.0005096389,-0.0050756573,-5.885635,-0.95831263
-0.23368065,-0.26888633,-0.0005096389,-0.01453575,-5.885635,-0.4171615
-0.07819109,-0.17141691,-0.00036360713,-0.0116877025,-5.885635,-0.98963934
-0.021273244,-0.11932089,-0.0005096389,0.0321296,-5.885635,-0.983294
0.11982788,-0.049359526,-0.002112294,-0.08034311,-5.885635,0.29645205
0.095904924,0.076520465,-0.0014506625,0.003255756,-5.885635,0.3134431
-0.20102812,-0.3168201,-0.0005096389,-0.046483908,-5.885635,-0.2639137
-0.065381974,-0.19565862,-0.0005096389,-0.012167634,-5.885635,-0.9574801
-0.21250512,-0.21180707,-0.0005096389,-0.010789357,-5.885635,-0.9529241
0.09693087,0.167022,-0.00019328739,-0.02405812,-5.885635,0.31876752
-0.2270151,-0.19523665,-0.0005096389,-0.0006493473,-5.885635,-0.96512455
0.0014389353,0.17859538,0.00020901562,0.007862311,-5.885635,-1.1513448
-0.030316956,-0.1759718,2.3832195e-05,-0.039772384,-5.885635,0.19157529
0.09438698,0.26262712,0.00091238297,-0.013802061,7.5801353,0.32182604
0.09693087,0.167022,-0.00019328739,-0.02405812,-5.885635,0.31876752
-0.2270151,-0.19523665,-0.0005096389,-0.0006493473,-5.885635,-0.96512455
-0.029622242,0.010823466,-0.0014506625,-0.011518244,7.5801353,0.31507114
-0.21660884,-0.20795456,-0.0005096389,-0.0050756573,-5.885635,-0.9583866
0.08936948,0.16097614,-0.00019328739,0.030599251,-5.885635,0.32449317
-0.010493593,-0.07253046,-0.002112294,-0.09558851,-5.885635,0.29135424
-0.26172337,-0.33905557,-0.00039972086,-0.048711825,-5.885635,0.10503518
0.08533245,0.213804,0.00091238297,0.00580828,7.5801353,0.32378832
-0.2572468,-0.3480228,-0.00039972086,-0.03200308,-5.885635,0.10497346
0.08769139,0.22320624,0.00091238297,-0.013802061,7.5801353,0.32182604
-0.20891231,-0.036344867,-0.00039972086,0.031313956,-5.885635,0.16567034
-0.21560557,-0.3593392,-0.00039972086,0.015352717,-5.885635,0.14804316
-0.2270151,-0.19523665,-0.0005096389,-0.0006493473,-5.885635,-0.96512455
0.086386554,0.17698249,-0.00019328739,-0.030201368,7.5801353,0.3174939
-0.19959483,-0.14213648,-0.0005096389,0.00048024033,-5.885635,-0.9941055
-0.01672701,0.08943667,-0.00036360713,-0.010190122,-5.885635,-1.1347941
-0.016935155,0.07945404,-0.00025368907,0.0024804417,-5.885635,0.18787256
-0.20668404,-0.21264268,-0.0005096389,-0.009611795,-5.885635,-0.9590871
0.09438698,0.27052015,0.00091238297,-0.027683824,7.5801353,0.3204598
-0.22908767,-0.18054685,-0.0005096389,-0.0006493473,-5.885635,-0.9777418
0.09945813,-0.078125805,-0.0014506625,0.002769487,-5.885635,0.3016852
0.11199108,-0.081955194,-0.0014506625,0.0032934765,-5.885635,0.31389746
-0.21748872,-0.20811513,-0.0005096389,-0.0050756573,-5.885635,-0.9573461
0.09159351,0.26267824,0.00091238297,-0.010985002,7.5801353,0.3217999
0.0064444533,0.28047332,0.0011295025,0.016080499,7.5801353,0.21880782
0.07780648,-0.00019911618,-0.0014506625,0.0083372425,-5.885635,0.31898257
-0.22908767,-0.18054685,-0.0005096389,-0.0006493473,-5.885635,-0.9777418
0.09126778,0.2594219,0.00044951076,-0.05550661,7.5801353,0.32053104
-0.06353336,-0.3201302,-0.00039972086,-0.05829115,-5.885635,-0.09027823
-0.015994443,0.07536862,-8.608587e-05,0.023105914,7.5801353,-0.22580406
0.08489793,0.23148629,0.00091238297,-0.025277391,7.5801353,0.3204598
0.015925843,-0.07081078,-0.00039972086,0.0010478102,-5.885635,0.18160811
-0.21036236,-0.20790297,-0.0005096389,-0.015733391,-5.885635,-0.9540269
-0.22908767,-0.18054685,-0.0005096389,-0.0006493473,-5.885635,-0.9777418
0.13218576,-0.2772854,-0.0014506625,-0.02283013,-5.885635,0.29891413
0.0993709,0.14192897,-0.00019328739,-0.06959037,-5.885635,0.31114048
-0.10898916,0.23429006,-0.0005096389,-0.03879666,-5.885635,-0.24241325
0.079081275,0.16509594,-0.00024686634,-0.113851175,-5.885635,0.30424163
-0.16401125,0.025998157,-0.0005096389,-0.0058573275,-5.885635,-1.0413142
0.08755266,0.07620974,-0.00019328739,-0.045001708,-5.885635,0.3064515
-0.1013174,-0.21863455,-0.0005096389,-0.01856873,-5.885635,-0.3312043
0.08769139,0.22320624,0.00091238297,-0.020500438,-5.885635,0.32116944
-0.014143001,-0.12579189,-0.00039972086,0.040956035,7.5801353,0.21094295
-0.22836022,-0.19523665,-0.0005096389,-0.0050756573,-5.885635,-0.9593531
-0.22836022,-0.19523665,-0.0005096389,-0.0050756573,-5.885635,-0.9593531
0.09802441,0.15419307,-0.00024686634,-0.062760025,7.5801353,0.31504062
-0.071909964,0.13717106,-0.00036360713,0.016572198,-5.885635,-1.0952358
-0.22836022,-0.19523665,-0.0005096389,-0.0050756573,-5.885635,-0.9593531
-0.07525319,0.2083428,-0.00036360713,-0.02598476,-5.885635,-0.4551496
-0.011063485,-0.3003658,-0.00039972086,-0.07544461,-5.885635,-0.027130874
0.090608776,0.24486883,0.00091238297,0.00580828,-5.885635,0.32378832
-0.114775,0.24096535,0.0011295025,0.008325523,7.5801353,0.0034062807
-0.015176302,-0.08135326,-0.00025368907,-0.016317587,-5.885635,0.11704988
0.0002356302,-0.04657875,-0.00039972086,0.023048036,-5.885635,0.17915893
-0.22712053,-0.24017973,-0.0005096389,-0.00071723026,-5.885635,-0.635213
0.09420384,0.07333251,-0.0014506625,0.018223997,-5.885635,0.31587118
-0.07512164,0.015848385,-0.00025368907,-0.00792893,-5.885635,0.19093132
-0.22908767,-0.14577475,-0.0005096389,-0.0006493473,-5.885635,-1.0125139
0.11982788,-0.046367798,-0.0014506625,-0.05242549,-5.885635,0.30264997
0.09266496,0.22042662,0.00091238297,0.0136009045,-5.885635,0.32378832
0.08769139,0.22010249,0.00091238297,-0.02155785,7.5801353,0.3208833
0.101970114,0.15985689,-0.00019328739,0.008352872,-5.885635,0.32102844
-0.17102121,-0.025536763,-0.00039972086,0.015252596,7.5801353,0.047932442
-0.06618808,0.17523846,-0.00036360713,0.07716559,7.5801353,-0.31646425
-0.10994394,0.080483645,-0.00036360713,-0.0062581096,-5.885635,-1.0867305
-0.032208543,-0.31107876,-0.00039972086,0.03792995,-5.885635,0.14990523
0.057547558,-0.017998645,-0.00019328739,-0.01355768,-5.885635,0.31472942
-0.2292401,-0.19539726,-0.0005096389,-0.0050756573,-5.885635,-0.95831263
-0.014143001,-0.2386888,-0.00039972086,0.04116322,-5.885635,0.16052446
-0.08505585,-0.27060926,-0.00039972086,0.009636828,-5.885635,0.13550287
0.10227503,-0.099634625,-0.0014506625,-0.010388246,7.5801353,0.31943604
0.08648635,0.1809324,-0.00019328739,0.0027611176,-5.885635,0.32102844
0.06880054,-0.24400896,-0.0005096389,0.060149916,-5.885635,-0.2948161
-0.08621997,-0.15987179,-0.0005096389,-0.009149685,-5.885635,-0.9955475
0.100048766,-0.38886833,-0.0014506625,-0.05344978,-5.885635,0.30042863
-0.22729172,-0.2007828,-0.0005096389,-0.0015645378,-5.885635,-0.9583866
-0.2281716,-0.20094338,-0.0005096389,-0.0015645378,-5.885635,-0.9573461
-0.07042063,-0.20216182,-0.0005096389,-0.017189046,-5.885635,-0.9610175
-0.0037009534,-0.08523146,-0.00039972086,-0.051099386,-5.885635,-0.05315017
-0.06925651,-0.34570184,-0.00039972086,-0.0075974204,-5.885635,0.15827897
0.09532805,0.17773022,-0.00034499215,-0.027503993,-5.885635,0.30674875
0.10612219,-0.069000885,-0.0014506625,0.0059529254,-5.885635,0.31458995
-0.22908767,-0.18054685,-0.0005096389,-0.0006493473,-5.885635,-0.9777418
-0.22908767,-0.18054685,-0.0005096389,-0.0006493473,-5.885635,-0.9777418
-0.07042063,-0.19659342,-0.0005096389,-0.043313984,-5.885635,-0.94046086
-0.06908716,-0.040806822,-0.00039972086,0.0322094,-5.885635,0.10423652
-0.25536755,-0.3353049,-0.00039972086,-0.0012204968,7.5801353,0.12459179
-0.15280393,0.052119035,-0.00036360713,0.042665597,-5.885635,-1.038767
-0.21250512,-0.21180707,-0.0005096389,-0.010789357,-5.885635,-0.9529241
-0.21660884,-0.20795456,-0.0005096389,-0.0050756573,-5.885635,-0.9583866
-0.22684513,-0.20109189,-0.0005096389,-0.002742506,-5.885635,-0.9573461
0.051464405,-0.35061476,-0.00039972086,-0.0090987645,7.5801353,0.14127293
-0.26767167,-0.32895866,-0.00039972086,-0.023641746,-5.885635,0.1065861
-0.22791363,-0.19554576,-0.0005096389,-0.006253627,-5.885635,-0.95831263
-0.22791363,-0.19554576,-0.0005096389,-0.006253627,-5.885635,-0.95831263
0.09982413,0.16759461,-0.00019328739,0.0027611176,7.5801353,0.32102844
-0.03357728,0.08348483,-0.00025368907,-0.020808535,-5.885635,0.12787989
-0.003597566,-0.062276073,-0.0005096389,7.597369e-05,-5.885635,-1.0506097
0.085662425,0.21004997,0.00044951076,-0.10659777,7.5801353,0.30242234
0.07766466,0.017530357,-0.0014506625,-0.020286465,-5.885635,0.31412563
-0.071905375,-0.26310065,-0.0005096389,0.0111098485,-5.885635,-0.21478683
-0.22596525,-0.20093131,-0.0005096389,-0.002742506,-5.885635,-0.9583866
0.016883716,-0.4013342,-0.00025368907,-0.065412045,-5.885635,0.1395686
0.117578216,-0.07107097,-0.0014506625,-0.00070598535,-5.885635,0.32488215
-0.06538977,-0.20556386,-0.0005096389,-0.044081315,-5.885635,-0.93575406
0.13156049,-0.21744566,-0.002112294,-0.03570791,7.5801353,0.30173546
-0.2281716,-0.20094338,-0.0005096389,-0.0015645378,-5.885635,-0.9573461
-0.14323097,0.06493453,-0.0005096389,0.002567404,-5.885635,-1.0457754
0.09296771,0.27801946,0.00091238297,-0.013802061,-5.885635,0.32463625
0.09669065,0.07337643,-0.0014506625,0.005614061,-5.885635,0.3134431
-0.22908767,-0.14577475,-0.0005096389,-0.0006493473,-5.885635,-1.0125139
-0.0721618,-0.33171624,-0.00039972086,-0.008094158,-5.885635,0.12678915
-0.046353746,-0.1415746,-0.00025368907,-0.011328286,-5.885635,0.14454156
-0.21124224,-0.21438795,-0.0005096389,-0.017515315,-5.885635,-0.9448801
0.09296771,0.27801946,0.00091238297,-0.013802061,7.5801353,0.32463625
0.099724345,0.1636447,-0.00019328739,-0.030201368,-5.885635,0.3174939
-0.2270151,-0.19523665,-0.0005096389,-0.0006493473,-5.885635,-0.96512455
-0.041136194,-0.08692726,-0.00036360713,-0.022447184,-5.885635,-1.0421551
-0.013384618,-0.09169794,2.3832195e-05,0.016147483,-5.885635,-0.025969077
-0.0026886603,0.24119267,0.00091238297,-0.015899679,7.5801353,0.31482768
0.099724345,0.1636447,-0.00019328739,-0.030201368,-5.885635,0.3174939
-0.22594659,-0.2007828,-0.0005096389,0.002861774,-5.885635,-0.964158
-0.18683447,-0.26780236,-0.00039972086,-0.03698663,-5.885635,-0.0568369
-0.22908767,-0.14577475,-0.0005096389,-0.0006493473,-5.885635,-1.0125139
0.10051393,-0.104363315,-0.00019328739,-0.02125462,-5.885635,0.30459046
-0.20747425,-0.21615285,-0.0005096389,-0.011474475,-5.885635,-0.9529241
-0.14235109,0.06509512,-0.0005096389,0.002567404,-5.885635,-1.0468159
-0.22908767,-0.18054685,-0.0005096389,-0.0006493473,-5.885635,-0.9777418
-0.20509186,-0.2102308,-0.0005096389,-0.014321508,-5.885635,-0.9583815
-0.021964483,0.24392232,0.00010393001,-0.033285476,-5.885635,-0.32297245
-0.22703375,-0.19538516,-0.0005096389,-0.006253627,-5.885635,-0.9593531
-0.119738154,-0.016067944,-0.0005096389,-0.009890554,-5.885635,-0.42661497
0.09982413,0.16759461,-0.00019328739,0.0027611176,-5.885635,0.32102844
-0.22908767,-0.19316408,-0.0005096389,-0.0006493473,-5.885635,-0.96512455
-0.019801985,0.014790806,-0.00019328739,-0.1334565,7.5801353,0.28980303
0.10001277,-0.07611039,-0.0014506625,-0.0045573534,-5.885635,0.31458995
-0.0052214228,0.08401955,-0.0014506625,0.014726907,-5.885635,0.31699926
-0.22908767,-0.18054685,-0.0005096389,-0.0006493473,-5.885635,-0.9777418
-0.02732369,-0.06301256,-0.00025368907,-0.017060125,-5.885635,0.12252364
0.07249526,0.058310978,-0.0014506625,0.0054832604,7.5801353,0.31642407
-0.1306423,0.08083419,-0.00025368907,0.0582821,7.5801353,0.17415306
-0.082125075,0.1470342,-0.00036360713,0.0818926,7.5801353,-0.3154419
-0.04021392,-0.047278106,-0.00025368907,-0.0018608752,-5.885635,0.13101006
-0.11094154,0.13532498,-0.00036360713,-0.005325605,-5.885635,-1.1104205
0.0993709,0.16476093,-0.00019328739,-0.024237068,-5.885635,0.31876752
0.09159351,0.26206756,0.00091238297,-0.017332358,-5.885635,0.3213544
-0.04382413,0.052465335,-0.00036360713,-0.009272897,-5.885635,-1.1005439
0.11154442,-0.0854611,-0.0014506625,0.0011989233,7.5801353,0.31994456
-0.003426105,0.04443867,2.3832195e-05,0.0071493736,7.5801353,0.111922316
0.08762572,0.23059696,0.00091238297,-0.015804853,-5.885635,0.3217999
-0.023437249,-0.007850708,-0.00019328739,-0.018410414,7.5801353,0.3200045
-0.22830443,-0.16951704,-0.0005096389,-0.0027499949,-5.885635,-0.9874541
0.085662425,0.256987,0.00044951076,-0.07278454,7.5801353,0.32053104
0.060860578,-0.021133607,-0.0014506625,-0.04710901,-5.885635,0.30108985
-0.080475226,-0.05054262,-0.00025368907,0.064081185,-5.885635,-0.029556507
-0.22908767,-0.18054685,-0.0005096389,-0.0006493473,-5.885635,-0.9777418
0.09159351,0.27090716,0.00091238297,-0.025277391,-5.885635,0.3204598
-0.24176459,-0.16529241,-0.0005096389,-0.0013542934,-5.885635,-0.9796143
-0.09125813,-0.15483361,-0.0005096389,-0.009149685,-5.885635,-0.9955475
0.08762572,0.23059696,0.00091238297,-0.015804853,-5.885635,0.3217999
-0.2053315,-0.21857312,-0.0005096389,-0.018200433,-5.885635,-0.94592065
-0.00052080886,0.08623375,2.3832195e-05,0.0044437093,-5.885635,0.18286815
-0.22108544,-0.20783517,-0.0005096389,-0.0051404727,-5.885635,-0.9539646
0.09296771,0.27801946,0.00091238297,-0.013802061,7.5801353,0.32463625
-0.009608721,0.08424893,-0.00025368907,0.010389911,7.5801353,0.18880394
-0.034839496,-0.09443944,-0.00036360713,-0.030535376,-5.885635,-1.0328515
-0.20569696,0.27749607,0.00091238297,-0.025164757,-5.885635,0.30689162
0.09420384,0.060772806,-0.0014506625,0.018223997,-5.885635,0.31490597
0.10440835,0.14740267,-0.0014506625,0.0076045077,7.5801353,0.31805384
0.086386554,0.17698249,-0.00019328739,-0.030201368,7.5801353,0.3174939
0.09051898,0.22816435,0.00091238297,0.008009149,7.5801353,0.32378832
0.105194084,0.14425863,-0.0014506625,0.009962814,-5.885635,0.31805384
-0.2304328,-0.18054685,-0.0005096389,-0.0050756573,-5.885635,-0.9719703
-0.06506964,-0.3615417,-0.00039972086,-0.01627865,-5.885635,0.15541479
-0.022920774,0.16444114,-0.0014506625,-0.0061105485,7.5801353,0.31858242
0.09438698,0.26262712,0.00091238297,-0.020500438,-5.885635,0.32116944
-0.104991995,0.16165648,-0.00036360713,0.023085956,-5.885635,-1.069026
-0.22908767,-0.14577475,-0.0005096389,-0.0006493473,-5.885635,-1.0125139
0.085662425,0.256987,0.00044951076,-0.07278454,7.5801353,0.32053104
0.07227626,-0.018162858,-0.0014506625,-0.04552546,-5.885635,0.30494893
0.08991668,0.18680581,-0.00034499215,0.013325136,7.5801353,0.32322407
0.08489793,0.22325735,0.00091238297,-0.010985002,7.5801353,0.3217999
0.0926459,-0.34057215,-0.002112294,-0.011868823,-5.885635,0.29362845
0.015279763,-0.2885201,-0.00039972086,0.017105905,-5.885635,0.1359114
-0.017255468,-0.07663918,-0.00025368907,-0.0014996282,-5.885635,0.1916013
-0.22684513,-0.19793534,-0.0005096389,-0.0019262178,-5.885635,-0.9613189
-0.0075612757,-0.04733357,-0.0005096389,-0.042810917,-5.885635,-1.0176344
-0.16241908,0.024476858,-0.0005096389,-0.034411263,-5.885635,-1.0128312
-0.22596525,-0.20093131,-0.0005096389,-0.002742506,-5.885635,-0.9583866
-0.22908767,-0.19316408,-0.0005096389,-0.0006493473,-5.885635,-0.96512455
0.06628423,-0.0039820457,-0.0014506625,-0.002232872,-5.885635,0.31294256
0.09296771,0.2749157,0.00091238297,-0.02155785,-5.885635,0.3236935
-0.03401073,-0.11362711,-0.00025368907,-0.010351965,-5.885635,0.08331862
-0.14323097,0.06066251,-0.0005096389,-0.028855495,-5.885635,-1.0100805
-0.04382413,0.052465335,-0.00036360713,-0.009272897,-5.885635,-1.1005439
-0.11463346,0.20493487,-0.0005096389,-0.022900974,-5.885635,-0.38951498
0.08936948,0.16097614,-0.00019328739,0.030599251,7.5801353,0.32449317
-0.2270151,-0.19523665,-0.0005096389,-0.0006493473,-5.885635,-0.96512455
0.08936948,0.16097614,-0.00019328739,0.030599251,7.5801353,0.32449317
-0.22908767,-0.18054685,-0.0005096389,-0.0006493473,-5.885635,-0.9777418
0.0695033,-0.07864538,-0.0014506625,-0.0025399947,-5.885635,0.30820942
-0.021353714,-0.07549716,-0.00025368907,-5.058362e-06,-5.885635,0.19306296
0.01784745,-0.39690825,-0.00039972086,-0.013358664,-5.885635,0.15599751
0.10237286,-0.37984362,-0.002112294,-0.035396088,-5.885635,0.2963122
-0.05381483,-0.2440468,-0.0005096389,0.02423787,-5.885635,-0.29116833
-0.2270151,-0.19523665,-0.0005096389,-0.0006493473,-5.885635,-0.96512455
-0.21250512,-0.21180707,-0.0005096389,-0.010789357,-5.885635,-0.9529241
-0.22836022,-0.19523665,-0.0005096389,-0.0050756573,-5.885635,-0.9593531
0.027533272,-0.37959516,-0.00039972086,-0.06100131,-5.885635,0.08540399
0.05608728,-0.193741,-0.00019328739,-0.1461059,-5.885635,0.26821652
-0.21834572,-0.20327437,-0.0005096389,-0.011474475,-5.885635,-0.9549311
0.08755266,0.05207885,-0.00019328739,-0.09498917,-5.885635,0.29847458
-0.024443172,-0.06103856,-0.0005096389,-0.01876156,-5.885635,-1.012164
0.085662425,0.256987,0.00044951076,-0.07278454,-5.885635,0.32053104
-0.27019083,-0.326577,-0.00039972086,-0.022463772,-5.885635,0.08693244
0.09669065,0.06995279,-0.0014506625,0.009637186,-5.885635,0.3128436
-0.1742746,0.0068164896,-0.0005096389,-0.01095898,-5.885635,-1.0495666
-0.22789498,-0.19539726,-0.0005096389,-0.0006493473,-5.885635,-0.964084
-0.01613674,-0.1365086,-0.002112294,0.019306332,-5.885635,0.30585948
-0.2292401,-0.19539726,-0.0005096389,-0.0050756573,-5.885635,-0.95831263
-0.1448926,0.050383337,-0.00036360713,-0.009748057,-5.885635,-1.0507692
0.09268705,0.2496777,0.00044951076,-0.041364707,7.5801353,0.3190036
-0.24295199,-0.27880612,-0.0005096389,-0.021214444,-5.885635,-0.345412
-0.10326094,0.012794928,-0.00036360713,0.11266475,-5.885635,-0.33247423
-0.18243976,-0.020683365,-0.00039972086,0.013121495,-5.885635,-0.06358072
-0.07719975,0.1435507,-0.00025368907,0.018442526,7.5801353,0.08470116
-0.22908767,-0.19316408,-0.0005096389,-0.0006493473,-5.885635,-0.96512455
-0.050417744,-0.30710566,-0.00039972086,-0.0065843095,-5.885635,0.043456797
-0.22908767,-0.14577475,-0.0005096389,-0.0006493473,-5.885635,-1.0125139
-0.09555151,-0.025898071,-0.0005096389,-0.037512474,-5.885635,-1.0200454
-0.05525378,-0.36412874,-0.00039972086,-0.05796472,-5.885635,0.15300936
-0.22108544,-0.20151076,-0.0005096389,-0.003358549,-5.885635,-0.9620709
0.09051898,0.19440399,-0.00019328739,0.0027611176,-5.885635,0.32102844
-0.022601774,0.09956527,-0.00025368907,0.0039120843,-5.885635,-0.02183432
-0.2270151,-0.19523665,-0.0005096389,-0.0006493473,-5.885635,-0.96512455
-0.090094015,-0.27206582,-0.00039972086,0.013048047,-5.885635,0.16448742
0.09835997,-0.08371878,-0.0014506625,0.002145335,7.5801353,0.3090005
-0.11433331,-0.036705844,-0.0005096389,-0.043528263,-5.885635,-1.0169928
0.09680057,-0.1539656,-0.00019328739,-0.06778909,-5.885635,0.2993267
0.10543644,-0.05895881,-0.0014506625,-0.0018034312,-5.885635,0.31299
0.061150182,-0.12766953,-0.00019328739,-0.06327002,-5.885635,0.29288456
-0.19918111,-0.2199844,-0.0005096389,-0.008244239,-5.885635,-0.96061593
-0.22908767,-0.14577475,-0.0005096389,-0.0006493473,-5.885635,-1.0125139
0.08590641,-0.11195987,-0.0014506625,0.0054616937,7.5801353,0.29989085
-0.04202268,-0.17229247,-0.00036360713,-0.04778099,-5.885635,-0.27199936
-0.22908767,-0.18054685,-0.0005096389,-0.0006493473,-5.885635,-0.9777418
-0.057499647,0.048511267,-0.00025368907,0.027832646,7.5801353,-0.026805852
0.008672218,-0.32258463,-0.0005096389,-0.08470262,-5.885635,-0.41062582
-0.06711032,-0.013184378,-0.00039972086,0.03653911,7.5801353,0.20658281
-0.051737495,0.06816948,-0.00036360713,0.017984996,-5.885635,-1.0478196
-0.065381974,-0.18933421,-0.0005096389,-0.010385712,-5.885635,-0.96558636
-0.04368464,-0.2831465,-0.00039972086,0.040956035,-5.885635,0.16467836
-0.21124224,-0.21123141,-0.0005096389,-0.016699027,-5.885635,-0.94885296
-0.22072315,-0.17761314,-0.0005096389,-0.03127877,-5.885635,-0.95841056
-0.21694566,-0.29237562,-0.0005096389,-0.02887053,-5.885635,-0.42039403
0.0054221163,0.16459723,-0.00019328739,0.010508599,7.5801353,0.3218634
-0.06925651,-0.35504696,-0.00039972086,-0.016958047,-5.885635,0.12788528
0.061050933,-0.19530055,-0.00019328739,-0.14262666,-5.885635,0.26868817
0.08590641,-0.11195987,-0.0014506625,-0.0040180245,-5.885635,0.2968633
0.037244808,-0.35579625,-0.00039972086,-0.0022304342,-5.885635,0.16253895
0.11520936,-0.072707966,-0.002112294,-0.07734251,-5.885635,0.2991716
0.09296771,0.27801946,0.00091238297,-0.013802061,7.5801353,0.32463625
0.11790829,-0.047439937,-0.002112294,-0.08034311,-5.885635,0.29645205
-0.22729172,-0.2007828,-0.0005096389,-0.0015645378,-5.885635,-0.9583866
-0.21162523,-0.20532209,-0.0005096389,-0.0090074325,-5.885635,-0.9620709
-0.21124224,-0.21438795,-0.0005096389,-0.017515315,-5.885635,-0.9448801
0.081207074,-0.108696975,-0.0014506625,0.0054364847,7.5801353,0.30135247
0.07227626,-0.0065474347,-0.0014506625,-0.0035134181,7.5801353,0.31898257
-0.26172337,-0.33905557,-0.00039972086,-0.048711825,-5.885635,0.10503518
-0.031220693,-0.14590462,-0.002112294,0.014783416,-5.885635,0.28562364
0.095904924,0.076520465,-0.0014506625,0.012735475,-5.885635,0.31647065
0.0936567,0.12787086,-0.0014506625,-0.039723355,7.5801353,0.3108483
0.08769139,0.22320624,0.00091238297,-0.013802061,7.5801353,0.32182604
-0.22836022,-0.19523665,-0.0005096389,-0.0050756573,-5.885635,-0.9593531
0.09126778,0.2594219,0.00044951076,-0.05550661,7.5801353,0.32053104
-0.054609317,-0.35358274,-0.00039972086,-0.009319573,-5.885635,0.11396402
0.0045201527,0.107455544,-8.608587e-05,0.003215365,-5.885635,-1.1348993
-0.2292401,-0.19539726,-0.0005096389,-0.0050756573,-5.885635,-0.95831263
0.03390358,-0.21582809,-0.0005096389,-0.00033986045,-5.885635,-0.9581216
0.06628423,-0.0039820457,-0.0014506625,-0.002232872,7.5801353,0.31294256
-0.20509186,-0.20947482,-0.0005096389,-0.005777199,-5.885635,-0.9676817
-0.22288181,-0.17350917,-0.0005096389,-0.012224465,-5.885635,-0.9794101
0.003911377,0.06249525,-0.00025368907,0.017881425,-5.885635,0.16381803
-0.070803046,-0.3223382,-0.00039972086,-0.041723177,-5.885635,-0.075104386
0.085662425,0.256987,0.00044951076,-0.10659777,-5.885635,0.30973205
-0.20509186,-0.20947482,-0.0005096389,-0.005777199,-5.885635,-0.9676817
0.10153027,0.05534388,-0.0014506625,0.016326487,7.5801353,0.31490597
0.08762572,0.23059696,0.00091238297,-0.015804853,7.5801353,0.3217999
-0.22596525,-0.1946069,-0.0005096389,-0.0009605824,-5.885635,-0.96649283
-0.058924317,-0.05101376,-0.0005096389,-0.04490553,-5.885635,-0.4747371
0.10602168,-0.37334043,-0.002112294,-0.034276288,-5.885635,0.3051411
-0.051367592,-0.3067652,-0.00039972086,0.016266463,-5.885635,0.17511165
-0.22742455,-0.16935644,-0.0005096389,-0.0027499949,-5.885635,-0.9884946
0.08923572,0.16839153,-0.00019328739,0.02489164,-5.885635,0.32291916
0.10001277,-0.07611039,-0.0014506625,0.0049223653,7.5801353,0.3176175
0.09438698,0.26262712,0.00091238297,-0.013802061,-5.885635,0.32182604
-0.21379262,-0.26977348,-0.0005096389,-0.015610166,-5.885635,-0.26939365
0.10194727,-0.36621177,-0.002112294,-0.047532365,-5.885635,0.29620346
0.017746214,-0.38641435,-0.00025368907,-0.046495147,7.5801353,0.17694864
-0.065381974,-0.19250208,-0.0005096389,-0.011351347,-5.885635,-0.9614529
-0.18980475,-0.22168766,-8.608587e-05,-0.017653098,-5.885635,-0.95930374
0.08755266,0.05207885,-0.00019328739,-0.09498917,7.5801353,0.29847458
0.09296771,0.27801946,0.00091238297,-0.013802061,-5.885635,0.32463625
-0.21993943,-0.20450494,-0.0005096389,-0.0051946915,-5.885635,-0.9583866
0.09835997,-0.08371878,-0.0014506625,0.002145335,7.5801353,0.3090005
0.101970114,0.15985689,-0.00019328739,0.008352872,7.5801353,0.32102844
-0.04021392,-0.039744277,-0.00025368907,0.0016605143,-5.885635,0.16529292
-0.1980545,-0.33287755,-0.002112294,-0.033220444,-5.885635,0.3253175
0.02107665,-0.30287197,-0.0005096389,-0.01737765,-5.885635,-0.2968097
-0.18986893,-0.22313316,-0.0005096389,-0.040711533,-5.885635,-0.93431205
0.09420384,0.07333251,-0.00019328739,0.03027362,-5.885635,0.31928295
0.08747843,0.20606628,0.00091238297,0.011400035,7.5801353,0.32378832
0.10257351,0.15505373,-0.00019328739,0.02489164,7.5801353,0.32291916
-0.22996755,-0.19332466,-0.0005096389,-0.0006493473,-5.885635,-0.964084
0.11982788,-0.049359526,-0.002112294,-0.08034311,-5.885635,0.29645205
-0.22684513,-0.20109189,-0.0005096389,-0.002742506,-5.885635,-0.9573461
-0.22504796,-0.2422523,-0.0005096389,-0.00071723026,-5.885635,-0.635213
-0.22908767,-0.14577475,-0.0005096389,-0.0006493473,-5.885635,-1.0125139
-0.010811525,-0.07102537,-0.00036360713,-0.01673754,-5.885635,-1.0441548
0.078885995,0.07975554,-0.0014506625,0.006225788,7.5801353,0.3108776
-0.052064493,0.019018577,-0.0005096389,-0.028930567,-5.885635,-1.0115225
-0.11626203,-0.04457932,-0.00036360713,-0.050657228,-5.885635,-0.49752012
0.015532045,-0.24550946,-0.0005096389,-0.066253215,-5.885635,-0.9403684
0.08266486,-0.0065447926,-0.0014506625,-0.01940747,-5.885635,0.31822056
0.10978841,-0.07982852,-0.0014506625,-0.018651925,7.5801353,0.32159024
-0.22729172,-0.2007828,-0.0005096389,-0.0015645378,-5.885635,-0.9583866
0.09017424,0.2774599,0.00091238297,-0.017332358,7.5801353,0.3241646
-0.22908767,-0.18054685,-0.0005096389,-0.0006493473,-5.885635,-0.9777418
-0.07767133,-0.07831575,-0.00039972086,-0.024582345,-5.885635,0.19840622
0.0695033,-0.08802844,-0.0014506625,-0.0024064989,-5.885635,0.3066683
0.09268705,0.2440296,0.00044951076,-0.05550661,7.5801353,0.31772083
-0.013477344,-0.09195658,2.3832195e-05,0.023892837,-5.885635,-0.03336307
-0.21616225,-0.20826364,-0.0005096389,-0.006253627,-5.885635,-0.9573461
0.0926459,-0.3247323,-0.002112294,-0.005919416,7.5801353,0.29503757
-0.21616225,-0.20826364,-0.0005096389,-0.006253627,-5.885635,-0.9573461
-0.2270151,-0.19523665,-0.0005096389,-0.0006493473,-5.885635,-0.96512455
-0.12075204,-0.095103785,-0.00039972086,-0.033624273,-5.885635,0.19293591
0.07227626,-0.017587118,-0.0014506625,-0.0034032487,7.5801353,0.31782585
0.01784745,-0.39690825,-0.00039972086,-0.013358664,-5.885635,0.15599751
-0.22908767,-0.18054685,-0.0005096389,-0.0006493473,-5.885635,-0.9777418
0.085662425,0.256987,0.00044951076,-0.07278454,7.5801353,0.32053104
0.008299047,0.14077313,-0.00039972086,0.022311902,7.5801353,-0.025928447
-0.06908716,-0.054803412,-0.00039972086,0.0014839267,-5.885635,0.10190375
-0.2270151,-0.19523665,-0.0005096389,-0.0006493473,-5.885635,-0.96512455
-0.26767167,-0.33545342,-0.00039972086,-0.033181053,-5.885635,0.10400694
-0.22703375,-0.19538516,-0.0005096389,-0.006253627,-5.885635,-0.9593531
0.09126778,0.2594219,0.00044951076,-0.05550661,-5.885635,0.32053104
-0.2206595,-0.34950066,-0.00039972086,-0.06622881,-5.885635,-0.09959362
-0.25138327,-0.34925258,-0.00039972086,-0.048204124,-5.885635,0.09332741
-0.07123335,-0.3392071,-0.00039972086,-0.011927132,-5.885635,0.10620728
-0.21675794,-0.28202903,-0.00039972086,0.018579049,-5.885635,-0.07386668
0.095103204,0.20116615,-0.00034499215,0.015526006,-5.885635,0.32322407
0.08762572,0.22889066,0.00091238297,-0.01417592,-5.885635,0.32187727
0.09051898,0.22816435,0.00091238297,0.008009149,-5.885635,0.32378832
-0.24191326,-0.20875192,-0.00039972086,0.009741255,-5.885635,-0.040220235
0.105147295,0.14537728,-0.00019328739,0.030420303,-5.885635,0.32449317
-0.22996755,-0.14593533,-0.0005096389,-0.0006493473,-5.885635,-1.0114734
0.09107057,0.16074045,-0.0014506625,-0.034517705,-5.885635,0.30460116
-0.23973873,-0.28045717,-0.00039972086,-0.041147865,-5.885635,-0.10998254
-0.015825104,-0.037948422,-0.00036360713,-0.019221481,-5.885635,-1.0424911
-0.22908767,-0.18054685,-0.0005096389,-0.0006493473,-5.885635,-0.9777418
-0.22908767,-0.14577475,-0.0005096389,-0.0006493473,-5.885635,-1.0125139
-0.20509186,-0.21579923,-0.0005096389,-0.0075591207,-5.885635,-0.9595755
0.008377074,0.18897958,2.3832195e-05,0.010077948,-5.885635,0.21604794
0.09051898,0.22816435,0.00091238297,0.008009149,-5.885635,0.32378832
-0.22908767,-0.18054685,-0.0005096389,-0.0006493473,-5.885635,-0.9777418
0.07216133,-0.002812245,-0.00019328739,0.018835735,7.5801353,0.32098183
0.105194084,0.14425863,-0.0014506625,0.009962814,-5.885635,0.31805384
0.0052773138,-0.2606751,-0.0005096389,-0.0070225387,-5.885635,-0.31700224
-0.26767167,-0.3130673,-0.00039972086,-0.03338824,-5.885635,0.116083376
0.095904924,0.076520465,-0.0014506625,0.003255756,7.5801353,0.3134431
-0.14185242,0.057984114,-0.00036360713,-0.015072495,-5.885635,-1.0560857
0.060860578,-0.021133607,-0.0014506625,-0.0049867965,-5.885635,0.3145425
-0.20813082,-0.29917502,-0.00039972086,-0.03698663,-5.885635,-0.0568369
-0.14519985,0.05266741,-0.00036360713,-0.019865703,-5.885635,-1.0426284
0.105194084,0.14425863,-0.0014506625,0.009962814,-5.885635,0.31805384
-0.0033185435,-0.039251663,-0.0005096389,-0.042810917,-5.885635,-1.0176344
-0.24427846,-0.28743,-0.0005096389,-0.015012127,-5.885635,-0.21542764
-0.22908767,-0.14577475,-0.0005096389,-0.0006493473,-5.885635,-1.0125139
0.09350928,0.0712772,-0.0014506625,-0.016541703,-5.885635,0.31146148
-0.02052734,-0.030227961,-0.0005096389,-0.043809917,-5.885635,-1.0207748
0.08489793,0.23148629,0.00091238297,-0.025277391,-5.885635,0.3204598
-0.08629843,-0.038783588,-0.00039972086,0.030776152,-5.885635,0.19345286
0.08863232,0.17319468,-0.00019328739,0.008352872,-5.885635,0.32102844
0.0953659,-0.073104054,-0.002112294,0.012749789,7.5801353,0.30654454
-0.0114939315,0.22984508,0.0011295025,0.024751162,7.5801353,0.19624749
-0.22908767,-0.19316408,-0.0005096389,-0.0006493473,-5.885635,-0.96512455
-0.07042063,-0.19900528,-0.0005096389,-0.016372759,-5.885635,-0.9649903
0.11460022,-0.046697926,-0.002112294,-0.07777706,7.5801353,0.29645205
-0.20621139,-0.2187337,-0.0005096389,-0.018200433,-5.885635,-0.9448801
-0.22248338,-0.17350917,-0.0005096389,-0.0023887218,-5.885635,-0.98964435
-0.11302397,0.12120666,2.3832195e-05,0.0028159698,7.5801353,0.16990364
0.09340212,0.20140184,0.00091238297,0.029041033,7.5801353,0.32663584
-0.00072972476,-0.07394719,-0.00039972086,0.012580888,-5.885635,-0.07017995
-0.009945193,-0.11967557,-0.00025368907,-0.032419737,7.5801353,0.12996098
-0.22533175,-0.24327639,-0.0005096389,-0.0069279815,-5.885635,-0.44633412
-0.10529946,0.08090911,-0.00036360713,-0.0013182486,-5.885635,-1.0966933
-0.186573,0.020410411,-0.0005096389,-0.010575377,-5.885635,-1.0512457
0.09658409,0.08417968,-0.0014506625,-0.003482678,-5.885635,0.31184313
-0.0514927,-0.0073338994,-0.00025368907,0.0066157263,-5.885635,-0.045748018
0.042607434,-0.33567637,-0.00039972086,0.046503127,-5.885635,0.15301046
-0.22836022,-0.19523665,-0.0005096389,-0.0050756573,-5.885635,-0.9593531
-0.2270151,-0.19523665,-0.0005096389,-0.0006493473,-5.885635,-0.96512455
-0.023091253,0.17207688,-0.00025368907,0.0034598715,-5.885635,0.19900057
0.05170384,-0.26972696,-0.0005096389,0.026338082,7.5801353,-0.29504237
-0.060351115,-0.1974235,-0.0005096389,-0.008652499,-5.885635,-0.9642612
0.09034613,0.071533516,-0.00019328739,-0.05577912,-5.885635,0.30482796
0.09159351,0.27090716,0.00091238297,-0.025277391,-5.885635,0.3204598
-0.2312857,-0.25899616,-0.0005096389,-0.013697273,-5.885635,-0.46781045
-0.03774274,0.043525957,-0.00025368907,-0.00412838,7.5801353,0.1558522
0.031902432,-0.22551467,-0.0005096389,0.04176032,-5.885635,-0.6564433
-0.22836022,-0.19523665,-0.0005096389,-0.0050756573,-5.885635,-0.9593531
0.100048766,-0.38650414,-0.002112294,-0.12849526,7.5801353,0.27803242
0.085662425,0.21004997,0.00044951076,-0.07278454,-5.885635,0.31322134
-0.23440813,-0.25419652,-0.0005096389,-0.010109439,-5.885635,-0.43555015
0.116833806,-0.03575307,-0.002112294,0.010662718,-5.885635,0.31695586
-0.18733962,0.0074825305,-0.0005096389,-0.044900436,-5.885635,-1.0155509
-0.22908767,-0.18054685,-0.0005096389,-0.0006493473,-5.885635,-0.9777418
-0.15740593,-0.031802777,-0.00039972086,0.020708505,-5.885635,-0.07601866
0.009857747,-0.29271173,-0.002112294,-0.12179084,-5.885635,0.2979653
0.10602168,-0.35750058,-0.002112294,-0.028326878,7.5801353,0.3065502
-0.20747425,-0.21615285,-0.0005096389,-0.011474475,-5.885635,-0.9529241
0.07780648,-0.00019911618,-0.0014506625,0.0083372425,-5.885635,0.31898257
0.103231356,0.08131536,-0.0014506625,0.011165224,7.5801353,0.31437448
0.11824504,-0.04411144,-0.0014506625,-0.00057184324,7.5801353,0.31936842
0.10927622,-0.07203427,-0.002112294,-0.07483378,-5.885635,0.30192232
0.08132413,0.1408859,-0.0014506625,-0.04026347,-5.885635,0.31070593
-0.06818633,-0.29717067,-0.0005096389,-0.023079613,-5.885635,-0.22680154
0.0926459,-0.34057215,-0.002112294,-0.011868823,-5.885635,0.29362845
0.08359309,0.1797491,-0.00019328739,-0.030405477,7.5801353,0.318322
-0.22791363,-0.19554576,-0.0005096389,-0.006253627,-5.885635,-0.95831263
0.01330292,-0.3058357,-0.00039972086,-0.04248894,-5.885635,0.113373935
0.07614533,-0.1343034,-0.00019328739,-0.11889985,-5.885635,0.2922458
0.093195304,0.07413572,-0.00019328739,0.02145486,-5.885635,0.31988242
-0.22729172,-0.2007828,-0.0005096389,-0.0015645378,-5.885635,-0.9583866
-0.25226316,-0.3737678,-0.00039972086,-0.066149324,-5.885635,0.09194436
0.06978565,0.05592623,-0.00019328739,0.014202647,7.5801353,0.31983584
-0.12655047,0.145559,-0.00036360713,-0.01112423,-5.885635,-0.25969478
0.099918336,0.06378749,-0.00019328739,0.002354805,-5.885635,0.314853
-0.021273244,-0.11932089,-0.0005096389,0.0321296,-5.885635,-0.983294
0.081207074,-0.11695389,-0.0014506625,-0.0040432336,-5.885635,0.30658185
-0.18595459,-0.24774429,-0.00025368907,-0.022057952,7.5801353,-0.028363122
-0.23131268,-0.14593533,-0.0005096389,-0.0050756573,-5.885635,-1.005702
-0.013334471,-0.3004386,-0.00039972086,-0.07516304,-5.885635,-0.07827968
-0.038233496,-0.16406098,-0.00025368907,-0.017476574,-5.885635,0.13597247
-0.00052080886,0.0702504,2.3832195e-05,0.0050556124,-5.885635,0.15881363
0.09417402,0.24548715,0.00091238297,0.011400035,7.5801353,0.32378832
-0.22836022,-0.19523665,-0.0005096389,-0.0050756573,-5.885635,-0.9593531
-0.0722418,-0.26880777,-0.0005096389,-0.026048554,-5.885635,-0.4341504
0.07249526,0.058310978,-0.0014506625,0.0054832604,-5.885635,0.31642407
0.097398,0.22308266,-0.00034499215,0.0062037236,7.5801353,0.3201965
0.031079099,-0.36485595,-0.00039972086,-0.0066404794,-5.885635,0.12926629
-0.1915861,0.13986237,0.0025989495,0.002415604,-5.885635,-1.1147093
-0.036524482,-0.059951957,-0.00025368907,-0.0011556353,-5.885635,0.10858979
0.08533245,0.213804,0.00091238297,0.00580828,7.5801353,0.32378832
-0.09008985,-0.0067855143,-0.00025368907,0.03139671,-5.885635,0.19046983
-0.10545036,0.08401587,-0.00036360713,0.0036581038,-5.885635,-1.1046255
-0.22594659,-0.1944584,-0.0005096389,0.0046436978,-5.885635,-0.97226423
-0.22908767,-0.18054685,-0.0005096389,-0.0006493473,-5.885635,-0.9777418
-0.17904246,0.12976156,2.3832195e-05,-0.01066727,-5.885635,0.20860511
-0.22596525,-0.20093131,-0.0005096389,-0.002742506,-5.885635,-0.9583866
-0.22908767,-0.14577475,-0.0005096389,-0.0006493473,-5.885635,-1.0125139
0.090419196,0.23843887,0.00091238297,-0.032503676,-5.885635,0.3204598
0.09051898,0.22816435,0.00091238297,0.008009149,-5.885635,0.32378832
0.09126778,0.2594219,0.00044951076,-0.05550661,7.5801353,0.32053104
0.13064136,-0.2744005,-0.0014506625,-0.04225336,-5.885635,0.3026683
-0.23235418,-0.26903483,-0.0005096389,-0.015713718,-5.885635,-0.4171615
-0.19279535,0.099863134,-0.00025368907,0.029592328,-5.885635,0.13200393
-0.01874152,0.07614242,-0.0014506625,0.002063437,-5.885635,0.31639978
0.09126778,0.26507002,0.00044951076,-0.041364707,-5.885635,0.32181382
0.11060153,-0.03729944,-0.0014506625,0.00025967194,-5.885635,0.31936842
-0.0034501106,-0.09459831,-0.00039972086,0.022084936,-5.885635,0.09917477
-0.21162523,-0.2116465,-0.0005096389,-0.010789357,-5.885635,-0.9539646
0.085662425,0.256987,0.00044951076,-0.07278454,7.5801353,0.32053104
-0.22288181,-0.17350917,-0.0005096389,-0.012224465,-5.885635,-0.9794101
0.08762572,0.2388259,0.00091238297,-0.030097242,7.5801353,0.3204598
-0.0329068,-0.068413705,-0.00025368907,-0.00770695,-5.885635,0.18979466
-0.2270151,-0.19523665,-0.0005096389,-0.0006493473,-5.885635,-0.96512455
-0.0167822,0.14800744,-0.0014506625,-0.0075319423,-5.885635,0.31211534
-0.1517038,0.23975493,0.0011295025,-0.0062950305,7.5801353,0.20328626
-0.07913605,0.07319473,-0.0005096389,-0.057438362,-5.885635,-0.37527788
-0.23235418,-0.25345,-0.0005096389,-0.017208397,-5.885635,-0.46877697
-0.22703375,-0.19538516,-0.0005096389,-0.006253627,-5.885635,-0.9593531
-0.25656024,-0.33307174,-0.00039972086,-0.0012204968,-5.885635,0.1235513
-0.18051563,-0.022675214,-0.00039972086,0.03890097,-5.885635,0.17114061
-0.20119344,-0.042833503,-0.00039972086,-0.021676235,-5.885635,0.18270013
0.08769139,0.22320624,0.00091238297,-0.013802061,-5.885635,0.32182604
-0.005770119,-0.05635072,-0.00039972086,-0.04982803,-5.885635,-0.024699474
-0.23688479,-0.166376,-0.0005096389,0.004560647,-5.885635,-0.98932546
0.081207074,-0.11695389,-0.0014506625,0.0054364847,-5.885635,0.3096094
0.028864924,-0.21676289,-0.0005096389,-0.03148621,-5.885635,-0.94110245
-0.030852325,-0.110476054,-0.00025368907,-0.008497464,-5.885635,0.097522974
-0.07101916,-0.25926843,-0.0005096389,-0.0069767977,-5.885635,-0.4396625
-0.23761618,-0.33719486,-0.00039972086,-0.05127035,-5.885635,-0.09862562
-0.011415088,0.058153797,-0.0014506625,-0.009313798,-5.885635,0.312407
-0.045770966,0.007580234,-0.00036360713,-0.007830571,-5.885635,-1.0694648
0.028104082,-0.36817497,-0.002112294,-0.025102312,-5.885635,0.26000664
0.119562805,-0.34259194,-0.002112294,-0.12776622,7.5801353,0.28958187
-0.08640042,-0.007843947,-0.00025368907,0.028765699,7.5801353,0.19046983
-0.26899815,-0.3353049,-0.00039972086,-0.03200308,-5.885635,0.10400694
0.1216226,-0.2910096,-0.002112294,-0.015379947,-5.885635,0.3062279
-0.012952062,-0.18703274,-0.0005096389,-0.05688703,-5.885635,-0.9797271
-0.01826392,-0.015034782,-0.00036360713,-0.02386985,-5.885635,-0.42420688
-0.09721429,-0.026569748,-0.00036360713,-0.023930885,-5.885635,-1.0314386
-0.024385504,0.05518931,-8.608587e-05,0.01063091,-5.885635,-1.1082276
0.09126778,0.2594219,0.00044951076,-0.05550661,7.5801353,0.32053104
-0.2192256,-0.20343494,-0.0005096389,-0.011474475,-5.885635,-0.9538906
0.06703626,0.074728,-0.00019328739,-0.012614768,7.5801353,0.31637114
-0.2270151,-0.19523665,-0.0005096389,-0.0006493473,-5.885635,-0.96512455
-0.2251064,-0.18193954,-0.0005096389,-0.0003386879,-5.885635,-0.980641
-0.22303383,-0.20244962,-0.0005096389,-0.008651592,-5.885635,-0.9538906
0.09038836,-0.28400657,-0.00039972086,0.06494869,-5.885635,0.1623902
-0.020453334,-0.037742708,-0.00036360713,-0.0057720407,-5.885635,-1.0515181
0.093195304,0.070712075,-0.00019328739,0.025477983,-5.885635,0.31928295
-0.22908767,-0.14577475,-0.0005096389,-0.0006493473,-5.885635,-1.0125139
0.006563318,0.15592423,2.3832195e-05,0.025982102,7.5801353,0.1773755
0.08359309,0.18035978,-0.00019328739,-0.02405812,7.5801353,0.31876752
0.10391053,0.06276741,-0.0014506625,-0.0013570683,-5.885635,0.31027845
0.0012315915,0.08527203,-0.00019328739,-0.041184373,7.5801353,0.30002397
0.08359309,0.15752782,-0.00019328739,-0.06941142,-5.885635,0.31114048
-0.21528237,-0.20810306,-0.0005096389,-0.006253627,-5.885635,-0.9583866
-0.22791363,-0.19554576,-0.0005096389,-0.006253627,-5.885635,-0.95831263
0.0045201527,0.107455544,-8.608587e-05,0.003215365,-5.885635,-1.1348993
0.08769139,0.22320624,0.00091238297,-0.013802061,-5.885635,0.32182604
0.10441014,0.15759581,-0.00019328739,0.008173924,-5.885635,0.32102844
-0.02049648,0.1766673,0.00020901562,-0.030302364,-5.885635,-1.1560097
0.09044592,0.08074892,-0.00019328739,-0.027042672,-5.885635,0.30732307
-0.06925651,-0.3392071,-0.00039972086,-0.011008639,-5.885635,0.14790758
-0.098756075,-0.01109853,-0.00036360713,-0.03544321,-5.885635,-0.41684422
-0.14235109,0.06509512,-0.0005096389,0.002567404,-5.885635,-1.0468159
-0.22908767,-0.14577475,-0.0005096389,-0.0006493473,-5.885635,-1.0125139
0.07227626,-0.018162858,-0.0014506625,-0.04552546,-5.885635,0.30494893
0.090419196,0.23054585,0.00091238297,-0.018621912,7.5801353,0.32182604
0.06978565,0.05592623,-0.00019328739,0.014202647,7.5801353,0.31983584
-0.22703375,-0.19538516,-0.0005096389,-0.006253627,-5.885635,-0.9593531
0.004828782,0.0777925,2.3832195e-05,0.0028343392,7.5801353,0.18198305
0.09335815,0.24927008,0.00091238297,0.02113255,-5.885635,0.32787204
0.08923572,0.16213062,-0.00019328739,0.029578533,-5.885635,0.32449317
-0.058483224,-0.027338684,-0.00025368907,0.013763063,7.5801353,0.19896066
0.08407917,-0.1382096,-0.00019328739,-0.021851728,-5.885635,0.2883255
0.08359309,0.18035978,-0.00019328739,-0.02405812,-5.885635,0.31876752
-0.22108544,-0.20783517,-0.0005096389,-0.0051404727,-5.885635,-0.9539646
-0.21996237,-0.22472526,-0.00039972086,-0.0130349295,-5.885635,0.18824491
-0.22789498,-0.19539726,-0.0005096389,-0.0006493473,-5.885635,-0.964084
-0.019327104,0.060491543,-0.00036360713,-0.009243012,-5.885635,-1.104196
-0.052064493,0.019910881,-0.00036360713,-0.0007289436,-5.885635,-1.0407625
-0.15379196,0.018576687,-0.0005096389,-0.039888922,-5.885635,-1.0100805
0.08863232,0.17319468,-0.00019328739,0.008352872,-5.885635,0.32102844
0.032354563,-0.14856544,-0.0005096389,0.041828208,-5.885635,-1.0187078
0.07025444,-0.004058064,-0.00019328739,-0.012729894,-5.885635,0.3191695
0.09159351,0.26267824,0.00091238297,-0.010985002,7.5801353,0.3217999
-0.008687228,-0.09539099,-0.00039972086,-0.03726562,7.5801353,0.19334444
0.07079417,0.05854667,-0.00019328739,0.018998286,-5.885635,0.31983584
0.08863232,0.17319468,-0.00019328739,0.008352872,-5.885635,0.32102844
-0.0087714065,0.21718964,0.00066663034,-0.09800559,-5.885635,0.12458754
-0.22596525,-0.20093131,-0.0005096389,-0.002742506,-5.885635,-0.9583866
-0.21748872,-0.20811513,-0.0005096389,-0.0050756573,-5.885635,-0.9573461
0.09982413,0.16759461,-0.00019328739,0.0027611176,7.5801353,0.32102844
-0.22908767,-0.19316408,-0.0005096389,-0.0006493473,-5.885635,-0.96512455
-0.06925651,-0.35829148,-0.00039972086,-0.04638803,-5.885635,0.1754992
0.08769139,0.22320624,0.00091238297,-0.013802061,-5.885635,0.32182604
-0.120439224,0.17838474,0.00020901562,-0.018244773,-5.885635,-1.131636
-0.2119148,-0.29672137,-0.0005096389,-0.029555645,-5.885635,-0.42039403
-0.060188767,-0.31562045,-0.00039972086,-0.050203588,-5.885635,-0.026782494
-0.22596525,-0.20093131,-0.0005096389,-0.002742506,-5.885635,-0.9583866
0.09126778,0.2594219,0.00044951076,-0.05550661,-5.885635,0.32053104
-0.14185242,0.057984114,-0.00036360713,-0.015072495,-5.885635,-1.0560857
-0.21226409,-0.18093064,-0.0005096389,-0.03642031,-5.885635,-0.95841056
0.101970114,0.15985689,-0.00019328739,0.008352872,7.5801353,0.32102844
-0.12098202,0.13289152,-0.00036360713,0.029140566,-5.885635,-0.38789153
-0.25107634,-0.31516054,-0.00039972086,-0.018708186,-5.885635,-0.08310081
-0.18851186,-0.0067934715,-0.00036360713,-0.044399016,-5.885635,-0.49806243
-0.22836022,-0.19523665,-0.0005096389,-0.0050756573,-5.885635,-0.9593531
-0.060881324,0.057284586,-0.00025368907,0.022146598,-5.885635,0.10657766
-0.013300297,0.17443395,-0.00019328739,0.0304657,-5.885635,0.32502174
0.09522696,-0.1314433,-0.002112294,-0.07612555,-5.885635,0.28557283
0.075327516,-0.14252178,-0.00019328739,-0.09600408,-5.885635,0.2944806
0.09296771,0.27801946,0.00091238297,-0.013802061,7.5801353,0.32463625
-0.04340902,0.07265282,-0.00025368907,-0.011651039,-5.885635,0.1270723
0.07227626,-0.018162858,-0.0014506625,-0.0034032487,-5.885635,0.31840158
-0.063935466,-0.3415013,-0.00025368907,-0.026314333,-5.885635,0.115408964
0.13076669,-0.26503786,-0.002112294,-0.10064116,-5.885635,0.28300038
-0.20747425,-0.21615285,-0.0005096389,-0.011474475,-5.885635,-0.9529241
0.10194727,-0.36621177,-0.002112294,-0.047532365,7.5801353,0.29620346
-0.11433331,-0.036705844,-0.0005096389,-0.043528263,-5.885635,-1.0169928
-0.057195496,-0.18307821,-0.0005096389,0.0084119905,-5.885635,-0.9686832
-0.2270151,-0.19523665,-0.0005096389,-0.0006493473,-5.885635,-0.96512455
-0.014688685,0.23889358,0.00044951076,-0.051525526,-5.885635,0.31983858
-0.010227447,0.15926328,-0.0014506625,-0.0071589346,7.5801353,0.31211534
-0.16675179,0.190158,-0.00036360713,0.0024088663,-5.885635,-1.1104364
-0.21250512,-0.20548266,-0.0005096389,-0.0090074325,-5.885635,-0.9610303
0.13741143,-0.2839419,-0.0014506625,-0.021399314,-5.885635,0.29891413
0.09158971,-0.38318664,-0.002112294,-0.12335369,-5.885635,0.27803242
-0.014859163,0.2646296,0.00066663034,-0.0702201,-5.885635,0.18766108
0.08991668,0.18680581,-0.00034499215,0.0038454176,7.5801353,0.3201965
0.09266496,0.22042662,0.00091238297,0.0136009045,7.5801353,0.32378832
-0.079879686,-0.01249633,-0.0005096389,0.002414219,-5.885635,-1.0472175
-0.18051563,-0.041248716,-0.00039972086,0.03548975,-5.885635,0.11708783
-0.22684513,-0.20109189,-0.0005096389,-0.002742506,-5.885635,-0.9573461
0.08599146,0.21025683,0.00044951076,-0.041364707,-5.885635,0.3190036
0.08762572,0.2388259,0.00091238297,-0.030097242,7.5801353,0.3204598
-0.02008979,-0.03351531,-0.00036360713,-0.006551831,-5.885635,-1.0430046
-0.0041080564,0.14032312,0.00020901562,0.0055651255,-5.885635,-1.1513448
-0.09307979,-0.22480045,-0.0005096389,-0.016557902,7.5801353,-0.4501954
-0.22908767,-0.14577475,-0.0005096389,-0.0006493473,-5.885635,-1.0125139
-0.22908767,-0.14577475,-0.0005096389,-0.0006493473,-5.885635,-1.0125139
0.08923572,0.16839153,-0.00019328739,0.02489164,-5.885635,0.32291916
0.08863232,0.17319468,-0.00019328739,0.008352872,-5.885635,0.32102844
0.0925919,0.08177612,-0.00019328739,0.0042523206,-5.885635,0.31581822
0.10012393,0.08539971,-0.0014506625,0.0035668616,7.5801353,0.31184313
-0.21036236,-0.21422738,-0.0005096389,-0.017515315,-5.885635,-0.94592065
-0.050814882,-0.16562495,-0.0005096389,0.0321296,-5.885635,-0.9706768
-0.06506964,-0.34570184,-0.00039972086,-0.010329243,-5.885635,0.15682393
0.11790829,-0.044448208,-0.0014506625,5.826226e-05,-5.885635,0.31941184
0.09869672,-0.09561105,-0.0014506625,-0.020792466,-5.885635,0.30570862
-0.20700808,-0.13814433,-0.0005096389,-0.0027499949,-5.885635,-0.9874541
0.09296771,0.25427106,0.00091238297,-0.013802061,-5.885635,0.32182604
0.09661226,0.22622669,-0.00034499215,-0.038276795,-5.885635,0.30674383
0.015279763,-0.30901143,-0.00039972086,-0.0295709,7.5801353,0.18192574
-0.22908767,-0.18054685,-0.0005096389,-0.0006493473,-5.885635,-0.9777418
-0.2292401,-0.19539726,-0.0005096389,-0.0050756573,-5.885635,-0.95831263
-0.07042063,-0.20216182,-0.0005096389,-0.017189046,-5.885635,-0.9610175
-0.041371934,0.041936222,-0.00025368907,0.003984719,7.5801353,-0.0040046256
-0.22908767,-0.14577475,-0.0005096389,-0.0006493473,-5.885635,-1.0125139
-0.079879686,-0.016768347,-0.0005096389,-0.009646126,-5.885635,-1.0308851
-0.0011859706,0.08085045,2.3832195e-05,0.02373704,-5.885635,0.183853
-0.2270151,-0.19523665,-0.0005096389,-0.0006493473,-5.885635,-0.96512455
-0.009679763,0.17045557,2.3832195e-05,0.01583242,-5.885635,0.1474587
-0.22908767,-0.14577475,-0.0005096389,-0.0006493473,-5.885635,-1.0125139
0.013065591,-0.18431325,-0.0005096389,-0.009382249,-5.885635,-0.97985667
-0.03947532,-0.065631814,-0.00025368907,-0.0018733437,-5.885635,0.17564243
0.122621626,-0.2488559,-0.002112294,-0.007059833,-5.885635,0.30350423
0.09017424,0.2537115,0.00091238297,-0.017332358,7.5801353,0.3213544
-0.18309689,0.016456744,-0.00036360713,-0.016698815,-5.885635,-1.0447907
0.027620018,-0.35317817,-0.00039972086,-0.012029271,7.5801353,-0.07111745
0.090419196,0.23054585,0.00091238297,-0.018621912,-5.885635,0.32182604
-0.22908767,-0.19316408,-0.0005096389,-0.0006493473,-5.885635,-0.96512455
-0.07210249,-0.1847056,-0.0005096389,-0.008652499,-5.885635,-0.9652277
-0.08660238,-0.26355308,-0.00039972086,-0.004371087,-5.885635,-0.079824395
-0.0033185435,-0.039251663,-0.0005096389,-0.042810917,-5.885635,-1.0176344
0.110577345,-0.08824037,-0.0014506625,-0.0047556674,-5.885635,0.31783608
0.099724345,0.16054095,-0.00019328739,-0.037957154,7.5801353,0.31655115
0.09420384,0.060772806,-0.00019328739,0.03027362,-5.885635,0.31831774
0.08863232,0.17319468,-0.00019328739,0.008352872,7.5801353,0.32102844
0.0220051,-0.28716677,-0.0005096389,-0.015085238,-5.885635,-0.4306444
0.09542576,0.18259606,-0.00034499215,-0.023872305,7.5801353,0.3112482
0.09417402,0.24548715,0.00091238297,0.011400035,7.5801353,0.32378832
-0.10692242,-0.042180292,-0.00025368907,0.028913813,-5.885635,0.18569672
0.090608776,0.26861724,0.00091238297,0.00580828,-5.885635,0.32659853
-0.22908767,-0.18054685,-0.0005096389,-0.0006493473,-5.885635,-0.9777418
-0.11094154,0.13532498,-0.00036360713,-0.002099529,-5.885635,-1.1136466
0.08489793,0.22325735,0.00091238297,-0.010985002,-5.885635,0.3217999
0.10001277,-0.07611039,-0.0014506625,-0.0045573534,-5.885635,0.31458995
-0.014685691,0.1389193,0.00020901562,0.0071077887,-5.885635,-1.1513448
0.09003156,0.08358425,-0.00024686634,-0.066835396,-5.885635,0.30420166
0.09438698,0.26262712,0.00091238297,-0.020500438,7.5801353,0.32116944
-0.19918111,-0.21904065,-0.0005096389,-0.015088837,-5.885635,-0.9547151
0.101970114,0.15985689,-0.00019328739,0.008352872,-5.885635,0.32102844
0.11027541,-0.05304883,-0.0014506625,-0.018201556,-5.885635,0.31611997
-0.014438677,-0.32983837,-0.00025368907,-0.049594782,-5.885635,0.0837844
-0.22908767,-0.18054685,-0.0005096389,-0.0006493473,-5.885635,-0.9777418
-0.22908767,-0.18054685,-0.0005096389,-0.0006493473,-5.885635,-0.9777418
0.08599146,0.20460872,0.00044951076,-0.05550661,7.5801353,0.31772083
0.09296771,0.25427106,0.00091238297,-0.013802061,7.5801353,0.32182604
-0.22704159,-0.17209789,-0.0005096389,-0.009475951,-5.885635,-0.9794101
0.1141437,-0.041515138,-0.0014506625,0.00088977686,-5.885635,0.31941184
0.078667,0.014897127,-0.0014506625,0.006708828,7.5801353,0.31646368
-0.0204722,-0.07464278,-0.00025368907,-0.0044644456,-5.885635,-0.06814453
0.08762572,0.2388259,0.00091238297,-0.030097242,7.5801353,0.3204598
-0.2292401,-0.19539726,-0.0005096389,-0.0050756573,-5.885635,-0.95831263
0.101970114,0.15985689,-0.00019328739,0.008352872,7.5801353,0.32102844
-0.009958272,0.14066407,0.00020901562,-0.004953655,-5.885635,-1.1457555
-0.19081573,0.008056486,-0.0005096389,-0.022635724,-5.885635,-1.0349133
0.09296771,0.27801946,0.00091238297,-0.013802061,7.5801353,0.32463625
0.007336307,-0.3020084,-0.00039972086,-0.03881646,-5.885635,0.09669689
0.095904924,0.060537122,-0.0014506625,0.0167586,7.5801353,0.31490597
-0.22908767,-0.18054685,-0.0005096389,-0.0006493473,-5.885635,-0.9777418
0.09420384,0.060772806,-0.0014506625,0.018223997,-5.885635,0.31490597
-0.2292401,-0.19539726,-0.0005096389,-0.0050756573,-5.885635,-0.95831263
-0.015021609,-0.3412966,-0.00025368907,-0.033281602,-5.885635,0.12747183
-0.21660884,-0.20795456,-0.0005096389,-0.0050756573,-5.885635,-0.9583866
-0.00016294746,0.2588734,0.0011295025,0.01896644,7.5801353,-0.011267571
-0.21124224,-0.21438795,-0.0005096389,-0.017515315,-5.885635,-0.9448801
-0.22703375,-0.19538516,-0.0005096389,-0.006253627,-5.885635,-0.9593531
-0.08214556,-0.15336859,-0.0005096389,-0.008881069,-5.885635,-0.986293
0.07285396,-0.18999763,-0.00019328739,-0.08879281,-5.885635,0.27917993
-0.010681075,-0.20386572,-0.0005096389,-0.06155808,-5.885635,-0.9604941
0.0875978,-0.0872524,-0.0014506625,0.0061790124,7.5801353,0.29580602
0.031079099,-0.36970758,-0.00039972086,-0.022967618,-5.885635,0.12756065
0.008377074,0.19547431,2.3832195e-05,0.0066667264,-5.885635,0.1870634
0.08448797,-0.13829319,-0.00019328739,-0.02071529,-5.885635,0.28686383
0.10669867,-0.080745354,-0.0014506625,0.0040796483,-5.885635,0.31719387
-0.22908767,-0.18054685,-0.0005096389,-0.0006493473,-5.885635,-0.9777418
0.041693375,-0.3648475,-0.00039972086,-0.052599654,-5.885635,0.1178663
-0.1453157,0.05075872,-0.00036360713,-0.009700338,-5.885635,-1.0507692
-0.22908767,-0.18054685,-0.0005096389,-0.0006493473,-5.885635,-0.9777418
-0.22908767,-0.14577475,-0.0005096389,-0.0006493473,-5.885635,-1.0125139
-0.200061,-0.22014497,-0.0005096389,-0.008244239,-5.885635,-0.9595755
0.09296771,0.27801946,0.00091238297,-0.013802061,7.5801353,0.32463625
0.08708169,0.24159467,0.00044951076,-0.07278454,7.5801353,0.31772083
-0.21124224,-0.20806354,-0.0005096389,-0.015733391,-5.885635,-0.9529864
0.08769139,0.22320624,0.00091238297,-0.013802061,7.5801353,0.32182604
0.05416089,-0.043508135,-0.00019328739,-0.08279644,-5.885635,0.30829856
-0.032707974,0.0019841183,-0.00036360713,-0.018855516,-5.885635,-1.0659066
-0.14670952,0.04881617,-8.608587e-05,0.050240368,-5.885635,-1.0494108
-0.0488712,-0.3465237,-0.00039972086,-0.020060763,-5.885635,0.13789052
-0.22908767,-0.18054685,-0.0005096389,-0.0006493473,-5.885635,-0.9777418
-0.052914128,-0.28529716,-0.00039972086,0.027228214,-5.885635,-0.053322114
-0.22908767,-0.18054685,-0.0005096389,-0.0006493473,-5.885635,-0.9777418
-0.0011859706,0.083236456,2.3832195e-05,0.018377962,-5.885635,0.16092503
-0.22684513,-0.19476748,-0.0005096389,-0.0009605824,-5.885635,-0.9654524
-0.22908767,-0.18054685,-0.0005096389,-0.0006493473,-5.885635,-0.9777418
0.09296771,0.27801946,0.00091238297,-0.013802061,7.5801353,0.32463625
0.08762572,0.23059696,0.00091238297,-0.015804853,-5.885635,0.3217999
-0.20321345,-0.2601507,-0.0005096389,-0.015713718,-5.885635,-0.38994113
-0.20450154,-0.2851287,-0.0005096389,-0.02338009,-5.885635,-0.47422087
-0.22908767,-0.14577475,-0.0005096389,-0.0006493473,-5.885635,-1.0125139
-0.045254815,-0.13810839,-0.0014506625,-0.015361618,-5.885635,0.3173658
-0.2270151,-0.19523665,-0.0005096389,-0.0006493473,-5.885635,-0.96512455
-0.23946626,-0.3737678,-0.00039972086,-0.074442044,-5.885635,0.08744017
-0.026194546,-0.07107342,-0.0014506625,-0.010119097,-5.885635,0.30302504
0.00062108086,0.15959357,2.3832195e-05,0.013805032,-5.885635,-0.04006447
0.01964249,0.16858283,-0.00039972086,-0.046951104,7.5801353,0.18550456
-0.046989225,0.056091696,-0.00036360713,-0.01043447,-5.885635,-1.0998435
-0.18401454,0.2020476,-0.00039972086,0.012722818,-5.885635,0.18988618
0.09296771,0.27801946,0.00091238297,-0.013802061,7.5801353,0.32463625
0.08465025,-0.29989797,-0.00039972086,0.07565734,7.5801353,0.11307323
-0.22908767,-0.14577475,-0.0005096389,-0.0006493473,-5.885635,-1.0125139
-0.22908767,-0.14577475,-0.0005096389,-0.0006493473,-5.885635,-1.0125139
-0.22908767,-0.14577475,-0.0005096389,-0.0006493473,-5.885635,-1.0125139
-0.0985403,-0.053351346,-0.00025368907,-0.004965442,-5.885635,0.17542139
0.09945813,-0.09273517,-0.002112294,-0.07763189,-5.885635,0.29034305
-0.22682647,-0.20094338,-0.0005096389,0.002861774,-5.885635,-0.96311754
-0.22836022,-0.19523665,-0.0005096389,-0.0050756573,-5.885635,-0.9593531
-0.22684513,-0.20109189,-0.0005096389,-0.002742506,-5.885635,-0.9573461
-0.2270151,-0.19523665,-0.0005096389,-0.0006493473,-5.885635,-0.96512455
-0.22908767,-0.14577475,-0.0005096389,-0.0006493473,-5.885635,-1.0125139
-0.061986826,-0.32331574,-0.00039972086,-0.06742789,7.5801353,0.12997085
0.100245,-0.4043402,-0.00019328739,-0.021291228,-5.885635,0.3027385
0.00039196154,0.1812774,-0.00039972086,-0.007486801,7.5801353,0.20082015
-0.2270151,-0.19523665,-0.0005096389,-0.0006493473,-5.885635,-0.96512455
0.117421284,-0.07122791,-0.0014506625,-0.0003921087,7.5801353,0.32488215
-0.22703375,-0.19538516,-0.0005096389,-0.006253627,-5.885635,-0.9593531
0.08755266,0.05207885,-0.00019328739,-0.09498917,-5.885635,0.29847458
0.093195304,0.07697296,-0.00019328739,0.020791087,7.5801353,0.31770894
-0.22908767,-0.14577475,-0.0005096389,-0.0006493473,-5.885635,-1.0125139
-0.041648127,-0.11439556,-0.00025368907,-0.027808245,-5.885635,0.1329315
-0.1746694,-0.0025732135,-0.00039972086,-0.015117597,7.5801353,0.18246034
-0.21250512,-0.21180707,-0.0005096389,-0.010789357,-5.885635,-0.9529241
0.0925919,0.08177612,-0.00019328739,0.0042523206,7.5801353,0.31581822
-0.20509186,-0.20947482,-0.0005096389,-0.005777199,-5.885635,-0.9676817
-0.22908767,-0.14577475,-0.0005096389,-0.0006493473,-5.885635,-1.0125139
-0.056044087,-0.207803,-0.0005096389,-0.051187854,-5.885635,-0.93575406
0.11982788,-0.046367798,-0.0014506625,5.826226e-05,-5.885635,0.31941184
-0.12075204,-0.095103785,-0.00039972086,-0.029234797,-5.885635,0.18854645
-0.2292401,-0.19539726,-0.0005096389,-0.0050756573,-5.885635,-0.95831263
0.10224325,-0.06512195,-0.0014506625,0.0059529254,-5.885635,0.31458995
0.085662425,0.21004997,0.00044951076,-0.10659777,7.5801353,0.30242234
0.09420384,0.07333251,-0.0014506625,0.018223997,-5.885635,0.31587118
0.09551556,0.17611189,-0.00034499215,-0.026073175,-5.885635,0.30674875
-0.2304328,-0.19316408,-0.0005096389,-0.0050756573,-5.885635,-0.9593531
-0.19713989,-0.30177757,-0.0005096389,-0.04889274,-5.885635,-0.2666063
-0.22908767,-0.14577475,-0.0005096389,-0.0006493473,-5.885635,-1.0125139
-0.22908767,-0.14577475,-0.0005096389,-0.0006493473,-5.885635,-1.0125139
0.031079099,-0.35932595,-0.00039972086,-0.022476438,-5.885635,0.14722383
-0.22196533,-0.20799574,-0.0005096389,-0.0051404727,-5.885635,-0.9529241
-0.109154515,0.21967942,-0.00036360713,-0.032657508,-5.885635,-0.45298678
0.10332877,-0.3477439,-0.002112294,-0.015379947,-5.885635,0.29362845
0.08533245,0.213804,0.00091238297,0.00580828,7.5801353,0.32378832
0.0925919,0.085199766,-0.00019328739,0.00022919907,-5.885635,0.31641772
0.11955003,-0.19914718,-0.002112294,-0.015379947,7.5801353,0.3012391
-0.06415933,-0.19643816,-0.0005096389,-0.0058296164,-5.885635,-0.9642612
0.08863232,0.17319468,-0.00019328739,0.008352872,7.5801353,0.32102844
0.09438698,0.25952336,0.00091238297,-0.02155785,7.5801353,0.3208833
0.07249526,0.058310978,-0.0014506625,-0.0039964593,-5.885635,0.3133965
-0.07123335,-0.35496888,-0.00039972086,-0.049986817,-5.885635,0.1377916
0.09960287,-0.076520294,-0.0014506625,0.0057421746,-5.885635,0.3176175
-0.08102627,-0.24311063,-0.00039972086,-0.02787117,-5.885635,-0.03613095
0.11982788,-0.046367798,-0.0014506625,5.826226e-05,7.5801353,0.31941184
-0.2534713,-0.3094659,-0.00039972086,-0.021041343,-5.885635,-0.08406733
0.085662425,0.256987,0.00044951076,-0.10659777,7.5801353,0.30973205
0.032640662,-0.24762136,-0.002112294,-0.0010873115,7.5801353,0.3277236
-0.22908767,-0.14577475,-0.0005096389,-0.0006493473,-5.885635,-1.0125139
-0.117397025,0.07268986,-0.00036360713,0.012409369,-5.885635,-1.1016414
0.09661226,0.22622669,-0.00034499215,0.0038454176,7.5801353,0.3201965
-0.13303769,0.032846622,-0.0005096389,-0.03454845,-5.885635,-0.98676485
-0.2292401,-0.19539726,-0.0005096389,-0.0050756573,-5.885635,-0.95831263
0.08755266,0.040989287,-0.00019328739,-0.0818473,-5.885635,0.29614958
-0.20543617,-0.0285293,-0.00039972086,-0.02188342,-5.885635,0.19477654
-0.15802072,0.066988826,-0.0005096389,-0.005429625,-5.885635,-1.0250429
0.081207074,-0.11695389,-0.0014506625,-0.0040432336,-5.885635,0.30658185
-0.009553441,0.20806676,0.00020901562,0.021065246,-5.885635,-0.42784432
-0.0033256595,0.067546204,-8.608587e-05,0.0031301682,-5.885635,-1.1052426
-0.22908767,-0.14577475,-0.0005096389,-0.0006493473,-5.885635,-1.0125139
-0.03181493,-0.024777887,-0.00036360713,0.0100783305,-5.885635,-0.23440525
0.08936948,0.16097614,-0.00019328739,0.030599251,7.5801353,0.32449317
-0.22729172,-0.19762626,-0.0005096389,-0.0007482491,-5.885635,-0.96235937
0.09296771,0.2749157,0.00091238297,-0.02155785,-5.885635,0.3236935
-0.007943686,-0.09032163,-0.00025368907,-0.018309752,-5.885635,-0.077802114
0.09126778,0.2594219,0.00044951076,-0.05550661,-5.885635,0.32053104
-0.2608435,-0.3354278,-0.00039972086,-0.014215689,-5.885635,0.078187816
-0.22596525,-0.20093131,-0.0005096389,-0.002742506,-5.885635,-0.9583866
-0.018445924,0.27316374,0.00091238297,-0.02942005,7.5801353,0.32547125
0.101970114,0.15985689,-0.00019328739,0.008352872,-5.885635,0.32102844
-0.18654208,-0.28607237,-0.0005096389,-0.035596482,-5.885635,-0.38512966
0.07780648,-0.0112387985,-0.0014506625,0.0084474115,7.5801353,0.31782585
0.09420384,0.07675616,-0.00019328739,0.026250497,-5.885635,0.31988242
0.1317342,-0.24739087,-0.002112294,-0.0067912196,-5.885635,0.31275868
-0.28240252,-0.25629747,-0.00039972086,-0.025403978,-5.885635,0.12249919
0.0695033,-0.08802844,-0.0014506625,0.007073219,-5.885635,0.30969587
-0.060722403,0.053671874,-0.00036360713,-0.012467437,-5.885635,-1.039493
-0.017713223,-0.2503823,-0.00036360713,0.019153718,-5.885635,-0.43376547
-0.17896363,-0.03525391,-0.00039972086,-0.039868694,-5.885635,-0.046550944
-0.06353336,-0.33102474,-0.00039972086,-0.06220835,-5.885635,-0.08674205
-0.012347186,0.11993429,-8.608587e-05,0.02551213,-5.885635,-0.3953836
-0.20509186,-0.20947482,-0.0005096389,-0.005777199,-5.885635,-0.9676817
0.08936948,0.16097614,-0.00019328739,0.030599251,7.5801353,0.32449317
-0.01170171,-0.33109927,-0.00025368907,-0.06704512,-5.885635,0.08543007
0.09693482,0.20782988,-0.00034499215,-0.02443435,7.5801353,0.30943614
-0.22703375,-0.19538516,-0.0005096389,-0.006253627,-5.885635,-0.9593531
-0.22908767,-0.18054685,-0.0005096389,-0.0006493473,-5.885635,-0.9777418
-0.11728134,0.07804817,-0.00036360713,0.03337634,-5.885635,-1.0503789
-0.22596525,-0.20093131,-0.0005096389,-0.002742506,-5.885635,-0.9583866
-0.22908767,-0.18054685,-0.0005096389,-0.0006493473,-5.885635,-0.9777418
0.1083231,-0.057787042,-0.0014506625,0.00446325,-5.885635,0.31447428
0.10440835,0.14740267,-0.0014506625,0.0076045077,7.5801353,0.31805384
-0.054657795,-0.014920488,-0.00025368907,0.0039255004,-5.885635,-0.044392355
0.012851236,-0.29755107,-0.00039972086,-0.042967442,-5.885635,-0.06343612
0.103231356,0.055108197,-0.0014506625,-0.036740847,-5.885635,0.29842573
-0.023892723,0.22598629,0.0011295025,-0.044666283,-5.885635,0.12168511
0.08762572,0.22889066,0.00091238297,-0.01417592,-5.885635,0.32187727
0.081207074,-0.108696975,-0.0014506625,0.0054364847,-5.885635,0.30135247
-0.15927091,0.28074908,0.0011295025,-0.022523059,7.5801353,0.19559509
-0.14482315,0.06493453,-0.0005096389,-0.00030155887,-5.885635,-1.0413142
0.105542995,-0.06976206,-0.0014506625,0.007293307,7.5801353,0.31458995
-0.003570565,0.14243998,0.00020901562,-0.002678468,-5.885635,-1.1457555
-0.00052080886,0.0702504,2.3832195e-05,0.008466832,-5.885635,0.18130344
-0.2270151,-0.19523665,-0.0005096389,-0.0006493473,-5.885635,-0.96512455
0.012074954,0.10529764,-0.00025368907,0.020510836,7.5801353,0.20002839
-0.22908767,-0.14577475,-0.0005096389,-0.0006493473,-5.885635,-1.0125139
-0.22910632,-0.18069535,-0.0005096389,-0.006253627,-5.885635,-0.9719703
-0.06634623,-0.19250208,-0.0005096389,-0.016104145,-5.885635,-0.95573586
-0.22908767,-0.14577475,-0.0005096389,-0.0006493473,-5.885635,-1.0125139
0.09982413,0.16759461,-0.00019328739,0.0027611176,-5.885635,0.32102844
0.09159351,0.26267824,0.00091238297,-0.010985002,-5.885635,0.3217999
0.093195304,0.07745478,-0.00019328739,0.0062725064,-5.885635,0.317516
0.09296771,0.27801946,0.00091238297,-0.013802061,7.5801353,0.32463625
0.081207074,-0.11695389,-0.0014506625,0.0054364847,7.5801353,0.3096094
-0.096885584,-0.025798928,-0.00025368907,0.0056660213,-5.885635,0.2048046
-0.030998047,0.20757626,0.00020901562,-0.02100312,-5.885635,-0.271752
-0.018911999,0.07121845,-0.00025368907,-0.005313337,-5.885635,0.12232811
0.085662425,0.256987,0.00044951076,-0.07278454,-5.885635,0.32053104
0.095103204,0.20116615,-0.00034499215,0.006046287,7.5801353,0.3201965
0.014840919,-0.38949516,-0.00039972086,-0.08143537,-5.885635,0.10269963
0.011955899,0.15784314,2.3832195e-05,-0.01649877,-5.885635,0.1748657
-0.044008143,-0.09216822,-0.00036360713,-0.018955152,-5.885635,-1.0375344
-0.14889099,0.21977276,0.0011295025,-0.013119757,-5.885635,0.1753968
-0.2009586,-0.3239084,-0.00039972086,-0.018773044,-5.885635,-0.03284143
-0.22836022,-0.19523665,-0.0005096389,-0.0050756573,-5.885635,-0.9593531
-0.05525378,-0.33136097,-0.00039972086,-0.054269508,-5.885635,0.1886257
-0.22908767,-0.14577475,-0.0005096389,-0.0006493473,-5.885635,-1.0125139
-0.21616225,-0.20826364,-0.0005096389,-0.006253627,-5.885635,-0.9573461
-0.19508949,-0.07824747,-0.0005096389,-0.006749412,-5.885635,-1.0071679
0.085662425,0.256987,0.00044951076,-0.10659777,-5.885635,0.30973205
-0.20786297,-0.2862949,-0.0005096389,-0.027906083,-5.885635,-0.27082756
0.101467825,-0.3974256,-0.0014506625,-0.0493581,-5.885635,0.2946992
-0.071252584,-0.0199178,-0.0005096389,-0.034486335,-5.885635,-1.0115225
-0.014263016,0.17880048,-8.608587e-05,0.03189467,7.5801353,-0.47665852
-0.029375188,-0.07598782,-0.0014506625,-0.019215839,-5.885635,0.30789217
-0.10923214,0.08119545,-0.00036360713,0.0054170615,-5.885635,-1.0998293
0.0948791,0.023611331,-0.00019328739,-0.077397466,-5.885635,0.2956299
-0.052914128,-0.28529716,-0.00039972086,0.027228214,7.5801353,-0.053322114
-0.14185242,0.057091802,-0.0005096389,-0.043274116,-5.885635,-1.0268458
-0.06983573,0.24591048,-0.00036360713,0.07160223,-5.885635,-0.318821
0.08769139,0.22320624,0.00091238297,-0.020500438,7.5801353,0.32116944
0.09051898,0.23342985,0.00091238297,0.0037831147,-5.885635,0.32274884
0.0026538512,0.2549608,0.0011295025,0.009728875,7.5801353,0.124614514
-0.07207058,-0.01405729,-0.00036360713,0.009284123,-5.885635,-1.0347387
-0.2261617,-0.17193732,-0.0005096389,-0.009475951,-5.885635,-0.9804507
-0.06925651,-0.3615417,-0.00039972086,-0.016958047,-5.885635,0.13438001
0.0926459,-0.3247323,-0.002112294,-0.005919416,-5.885635,0.29503757
0.0695033,-0.08802844,-0.0014506625,-0.0024064989,-5.885635,0.3066683
-0.2270151,-0.19523665,-0.0005096389,-0.0006493473,-5.885635,-0.96512455
-0.2270151,-0.19523665,-0.0005096389,-0.0006493473,-5.885635,-0.96512455
-0.10255017,0.14016095,-0.00036360713,-0.014011395,-5.885635,-0.20551616
-0.14879182,0.04309475,-0.0005096389,-0.0035769017,-5.885635,-1.0456065
0.10227503,-0.099634625,-0.0014506625,-0.010388246,-5.885635,0.31943604
-0.2608435,-0.35223216,-0.00039972086,-0.04850464,-5.885635,0.1171247
-0.21660884,-0.20795456,-0.0005096389,-0.0050756573,-5.885635,-0.9583866
0.09438698,0.26262712,0.00091238297,-0.013802061,7.5801353,0.32182604
0.08359309,0.18035978,-0.00019328739,-0.02405812,-5.885635,0.31876752
-0.17800376,0.15651053,-0.00036360713,0.0011212835,-5.885635,-1.1227605
-0.044521272,-0.08132228,-0.00036360713,-0.02548641,-5.885635,-1.0413358
0.07780648,-0.01181454,-0.0014506625,0.0084474115,7.5801353,0.31840158
-0.20421198,-0.21248211,-0.0005096389,-0.0067428336,-5.885635,-0.9645887
-0.22836022,-0.19523665,-0.0005096389,-0.0050756573,-5.885635,-0.9593531
0.0948791,0.0007793821,-0.00019328739,-0.12275075,-5.885635,0.28800285
-0.22908767,-0.18054685,-0.0005096389,-0.0006493473,-5.885635,-0.9777418
-0.099947855,-0.23742239,-0.00039972086,-0.01662251,-5.885635,0.17911816
0.09275475,0.26087952,0.00091238297,0.011400035,7.5801353,0.32659853
-0.057706863,-0.20668726,-0.00036360713,-0.0314294,-5.885635,-0.95511144
-0.2304328,-0.19316408,-0.0005096389,-0.0050756573,-5.885635,-0.9593531
-0.22393939,-0.33102304,-0.00039972086,-0.06348029,-5.885635,-0.064328834
-0.103367396,-0.075060956,-0.00025368907,0.02641868,-5.885635,0.10722465
-0.22908767,-0.18054685,-0.0005096389,-0.0006493473,-5.885635,-0.9777418
0.09438698,0.27052015,0.00091238297,-0.027683824,-5.885635,0.3204598
-0.018493976,-0.034295067,-0.00036360713,-0.015890978,-5.885635,-1.0468061
-0.021331355,-0.08978222,-0.002112294,0.01525702,-5.885635,0.31732836
0.0925919,0.08177612,-0.00019328739,0.0042523206,-5.885635,0.31581822
-0.23131268,-0.18070742,-0.0005096389,-0.0050756573,-5.885635,-0.97092986
-0.021273244,-0.11932089,-0.0005096389,0.0321296,-5.885635,-0.983294
-0.22596525,-0.20093131,-0.0005096389,-0.002742506,-5.885635,-0.9583866
-0.104966156,0.14609951,-0.00039972086,0.026012244,7.5801353,0.18426242
-0.22908767,-0.18054685,-0.0005096389,-0.0006493473,-5.885635,-0.9777418
0.10746258,-0.07168165,-0.0014506625,0.007293307,7.5801353,0.31458995
-0.07686056,-0.24874012,-0.00036360713,0.030598802,-5.885635,-0.41845542
-0.21036236,-0.21422738,-0.0005096389,-0.017515315,-5.885635,-0.94592065
-0.06634623,-0.18933421,-0.0005096389,-0.015138509,-5.885635,-0.9598693
-0.07992655,-0.2630165,-0.0005096389,-0.03568672,-5.885635,-0.42261875
-0.007907716,0.2229414,0.00091238297,-0.010229834,-5.885635,0.32218936
0.085662425,0.256987,0.00044951076,-0.10659777,-5.885635,0.30973205
-0.21528237,-0.20810306,-0.0005096389,-0.006253627,-5.885635,-0.9583866
-0.07016332,0.12760977,-0.00036360713,0.042008985,7.5801353,-0.6418542
0.08936948,0.16097614,-0.00019328739,0.030599251,-5.885635,0.32449317
-0.017459348,0.08200093,-0.00025368907,0.00091465295,7.5801353,0.16151458
0.08769139,0.22320624,0.00091238297,-0.013802061,-5.885635,0.32182604
-0.10022829,-0.011319622,-0.00036360713,0.02784982,-5.885635,-1.040209
0.101970114,0.15985689,-0.00019328739,0.008352872,-5.885635,0.32102844
0.09296771,0.27801946,0.00091238297,-0.013802061,7.5801353,0.32463625
0.07590673,-0.13649507,-0.00019328739,-0.10157049,7.5801353,0.29344112
-0.22836022,-0.19523665,-0.0005096389,-0.0050756573,-5.885635,-0.9593531
0.09960287,-0.076520294,-0.0014506625,0.0057421746,7.5801353,0.3176175
-0.023326088,-0.068380326,-0.00025368907,-0.008711876,-5.885635,0.17434704
-0.056800317,-0.316706,-0.00039972086,-0.067710176,-5.885635,-0.015541311
0.09661226,0.22622669,-0.00034499215,0.0038454176,-5.885635,0.3201965
0.09266496,0.22042662,0.00091238297,0.0136009045,7.5801353,0.32378832
0.095904924,0.060537122,-0.0014506625,-0.034843333,-5.885635,0.29842573
-0.22596525,-0.20093131,-0.0005096389,-0.002742506,-5.885635,-0.9583866
0.031079099,-0.36485595,-0.00039972086,-0.0066404794,7.5801353,0.12926629
0.095904924,0.076520465,-0.0014506625,0.003255756,-5.885635,0.3134431
-0.22703375,-0.19538516,-0.0005096389,-0.006253627,-5.885635,-0.9593531
0.040534854,-0.2939521,-0.00039972086,0.056042433,-5.885635,0.14489895
-0.2270151,-0.19523665,-0.0005096389,-0.0006493473,-5.885635,-0.96512455
0.06403271,-0.30765253,-0.002112294,0.021414142,-5.885635,0.30859336
-0.1772088,0.02805245,-0.0005096389,-0.010985396,-5.885635,-1.0250429
0.09296771,0.27801946,0.00091238297,-0.013802061,-5.885635,0.32463625
-0.22650012,-0.34096795,-0.00039972086,-0.06691392,-5.885635,-0.10160061
0.08762572,0.23059696,0.00091238297,-0.015804853,7.5801353,0.3217999
-0.22684513,-0.20109189,-0.0005096389,-0.002742506,-5.885635,-0.9573461
-0.22742455,-0.16935644,-0.0005096389,-0.0027499949,-5.885635,-0.9884946
-0.12075204,-0.11367728,-0.00039972086,-0.03703549,7.5801353,0.13888314
-0.17013808,0.30522278,0.00020901562,0.030755388,-5.885635,-0.14997095
-0.030929958,-0.09890998,-0.00025368907,-0.0065662204,-5.885635,0.16375491
-0.22908767,-0.18054685,-0.0005096389,-0.0006493473,-5.885635,-0.9777418
-0.0748422,-0.182942,-0.0005096389,-0.00053657254,-5.885635,-0.97236747
0.051464405,-0.37294936,-0.00039972086,-0.015048172,-5.885635,0.12774536
-0.16510974,0.029224316,-0.00039972086,-0.010270514,-5.885635,0.20511433
-0.20421198,-0.20931424,-0.0005096389,-0.005777199,-5.885635,-0.96872216
0.08359309,0.18165872,-0.00019328739,-0.01942395,-5.885635,0.3191174
0.0925919,0.085199766,-0.00019328739,0.00022919907,-5.885635,0.31641772
-0.074871816,-0.0030298536,-0.00025368907,-0.011229841,-5.885635,0.17860529
-0.07297388,-0.25755453,-0.0005096389,0.007598729,-5.885635,-0.21575335
-0.22908767,-0.14577475,-0.0005096389,-0.0006493473,-5.885635,-1.0125139
0.011049527,0.08108837,-0.0005096389,0.013477488,-5.885635,-1.1050178
-0.21124224,-0.21438795,-0.0005096389,-0.017515315,-5.885635,-0.9448801
0.08468662,0.16753086,-0.00024686634,-0.062760025,-5.885635,0.31504062
-0.15618859,0.22489685,0.00066663034,-0.058393523,-5.885635,0.17441437
-0.05660814,0.093354166,-0.00036360713,0.015368787,-5.885635,-1.0655173
-0.014255063,0.20198448,0.00020901562,0.013869991,7.5801353,-0.48212087
-0.1615392,0.02615874,-0.0005096389,-0.0029883673,-5.885635,-1.0468159
-0.033247218,-0.15793815,-0.00039972086,-0.060688753,-5.885635,-0.06454763
0.099724345,0.143803,-0.00019328739,-0.07181785,-5.885635,0.31114048
-0.04780326,-0.020007754,-0.00025368907,0.0040948885,-5.885635,-0.046329014
-0.07042063,-0.19900528,-0.0005096389,-0.016372759,-5.885635,-0.9649903
-0.071252584,-0.0199178,-0.0005096389,-0.034486335,-5.885635,-1.0115225
-0.04032048,-0.029516775,-0.00025368907,-0.007436223,7.5801353,0.1642687
0.10602168,-0.35750058,-0.002112294,-0.028326878,-5.885635,0.3065502
0.09296771,0.27801946,0.00091238297,-0.013802061,-5.885635,0.32463625
0.09658409,0.08417968,-0.0014506625,-0.003482678,-5.885635,0.31184313
-0.07042063,-0.20216182,-0.0005096389,-0.017189046,-5.885635,-0.9610175
-0.20509186,-0.21579923,-0.0005096389,-0.0075591207,-5.885635,-0.9595755
-0.22081931,-0.20466554,-0.0005096389,-0.0051946915,-5.885635,-0.9573461
0.1276598,-0.25389406,-0.002112294,-0.007059833,-5.885635,0.30350423
-0.113692015,0.19066173,-0.00025368907,-0.005278113,-5.885635,0.0048389453
0.13580485,-0.270076,-0.002112294,-0.088716865,-5.885635,0.28614575
-0.08241551,-0.254652,-0.00039972086,-0.004588207,-5.885635,0.027514182
-0.09125813,-0.15483361,-0.0005096389,-0.009149685,-5.885635,-0.9955475
-0.22908767,-0.18054685,-0.0005096389,-0.0006493473,-5.885635,-0.9777418
-0.2270151,-0.19523665,-0.0005096389,-0.0006493473,-5.885635,-0.96512455
0.0925919,0.085199766,-0.00019328739,0.00022919907,7.5801353,0.31641772
0.08673728,-0.110605575,-0.0014506625,0.007807427,-5.885635,0.30658185
0.08830864,0.14410901,-0.0014506625,-0.020249253,-5.885635,0.30818656
-0.21250512,-0.21180707,-0.0005096389,-0.010789357,-5.885635,-0.9529241
-0.07037322,-0.2761993,-0.0005096389,-0.035257448,-5.885635,-0.29323438
-0.22789498,-0.19539726,-0.0005096389,-0.0006493473,-5.885635,-0.964084
0.057547558,-0.017998645,-0.00019328739,-0.01355768,7.5801353,0.31472942
-0.21379262,-0.26977348,-0.0005096389,-0.015610166,-5.885635,-0.26939365
-0.15280686,-0.0070999474,-0.00025368907,0.02457963,7.5801353,0.15885478
-0.21162523,-0.2116465,-0.0005096389,-0.010789357,-5.885635,-0.9539646
-0.12205216,-0.03994178,-0.0005096389,-0.009203198,-5.885635,-1.0526878
-0.22908767,-0.18054685,-0.0005096389,-0.0006493473,-5.885635,-0.9777418
-0.22836022,-0.19523665,-0.0005096389,-0.0050756573,-5.885635,-0.9593531
0.10257351,0.14879283,-0.00019328739,0.029578533,-5.885635,0.32449317
-0.22836022,-0.19523665,-0.0005096389,-0.0050756573,-5.885635,-0.9593531
-0.25226316,-0.35620406,-0.00039972086,-0.054153536,-5.885635,0.11816517
-0.1769248,0.03248426,-0.0005096389,-0.016077086,-5.885635,-1.0349133
-0.10816121,-0.019786013,-0.0005096389,-0.0147049045,-5.885635,-1.0363554
0.026979038,-0.36601335,-0.0014506625,-0.047174037,-5.885635,0.31099558
0.09296771,0.27801946,0.00091238297,-0.013802061,-5.885635,0.32463625
-0.0035779194,0.05951434,-8.608587e-05,0.011216536,-5.885635,-1.1050448
0.0026538512,0.2549608,0.0011295025,0.020422427,-5.885635,0.1918855
0.04853205,-0.21089377,-0.0005096389,0.038596112,-5.885635,-0.9693247
-0.065381974,-0.19307776,-0.0005096389,-0.007967381,-5.885635,-0.9642612
0.04164076,-0.29012907,-0.002112294,0.02259211,-5.885635,0.31228384
-0.22196533,-0.2021755,-0.0005096389,0.0031724335,-5.885635,-0.9670572
-0.2667918,-0.33529285,-0.00039972086,-0.033181053,-5.885635,0.102966465
-0.22684513,-0.20109189,-0.0005096389,-0.002742506,-5.885635,-0.9573461
-0.22596525,-0.20093131,-0.0005096389,-0.002742506,-5.885635,-0.9583866
-0.2270151,-0.19523665,-0.0005096389,-0.0006493473,-5.885635,-0.96512455
-0.21616225,-0.20826364,-0.0005096389,-0.006253627,-5.885635,-0.9573461
0.105013534,0.14653176,-0.00019328739,0.029399585,7.5801353,0.32449317
-0.065381974,-0.18933421,-0.0005096389,-0.010385712,-5.885635,-0.96558636
-0.186573,0.020410411,-0.0005096389,-0.010575377,-5.885635,-1.0512457
-0.19508949,-0.07190845,-0.004557478,0.0052247564,-5.885635,-1.0214334
0.044365592,-0.33856225,-0.002112294,-0.027950805,-5.885635,0.3108515
-0.24188352,-0.28435224,-0.0005096389,-0.017703325,-5.885635,-0.34444547
0.085662425,0.21004997,0.00044951076,-0.10659777,7.5801353,0.30242234
0.015149633,-0.37206587,-0.00039972086,-0.08240174,-5.885635,-0.0564609
-0.22908767,-0.14577475,-0.0005096389,-0.0006493473,-5.885635,-1.0125139
-0.20421198,-0.20931424,-0.0005096389,-0.005777199,-5.885635,-0.96872216
0.08489793,0.23148629,0.00091238297,-0.025277391,-5.885635,0.3204598
0.077553295,-0.1850036,-0.00019328739,-0.088767596,-5.885635,0.26946133
-0.122944646,0.1401895,-0.0005096389,-0.0466284,-5.885635,-1.0497936
-0.10639089,-0.049886398,-0.0005096389,-0.021647148,-5.885635,-1.0336359
0.08769139,0.22320624,0.00091238297,-0.013802061,7.5801353,0.32182604
0.0948791,0.0007793821,-0.00019328739,-0.12275075,7.5801353,0.28800285
-0.008687228,-0.092399254,-0.00025368907,-0.0044759866,-5.885635,0.1686925
0.08936948,0.16097614,-0.00019328739,0.030599251,7.5801353,0.32449317
0.09438698,0.26262712,0.00091238297,-0.013802061,-5.885635,0.32182604
0.0695033,-0.08802844,-0.0014506625,-0.044528715,-5.885635,0.29321563
0.10257351,0.15505373,-0.00019328739,0.02489164,7.5801353,0.32291916
0.077553295,-0.1850036,-0.00019328739,-0.088767596,-5.885635,0.26946133
-0.20509186,-0.21579923,-0.0005096389,-0.0075591207,-5.885635,-0.9595755
0.09159351,0.27090716,0.00091238297,-0.025277391,7.5801353,0.3204598
-0.26792964,-0.34085104,-0.00039972086,-0.028491963,-5.885635,0.10497346
-0.22908767,-0.18054685,-0.0005096389,-0.0006493473,-5.885635,-0.9777418
-0.034503136,0.20590274,-6.8505644e-05,0.0071657063,-5.885635,-0.18741444
-0.2129231,-0.2072665,-0.0005096389,-0.020948945,-5.885635,-0.94688714
0.10440835,0.14740267,-0.0014506625,0.0076045077,7.5801353,0.31805384
-0.22908767,-0.14577475,-0.0005096389,-0.0006493473,-5.885635,-1.0125139
0.10601563,-0.058197632,-0.0014506625,-0.003143813,7.5801353,0.31299
0.08586061,0.20669487,-0.00034499215,-0.043482445,7.5801353,0.312991
0.0102416035,-0.28997666,-0.00039972086,0.020517124,-5.885635,0.16489595
-0.07045152,0.06831798,-0.0005096389,-0.051392958,-5.885635,-1.0497776
-0.22684513,-0.20109189,-0.0005096389,-0.002742506,-5.885635,-0.9573461
0.09438698,0.26262712,0.00091238297,-0.013802061,-5.885635,0.32182604
-0.067166924,-0.25349817,-0.00039972086,0.020739602,7.5801353,0.15535453
0.08648635,0.1809324,-0.00019328739,0.0027611176,-5.885635,0.32102844
0.12676209,-0.29443696,-0.0014506625,-0.016104337,-5.885635,0.30354163
-0.03290917,-0.013644992,-8.608587e-05,-0.008588247,-5.885635,-0.20974863
-0.011032251,0.12204368,-0.00036360713,0.02644417,-5.885635,-0.30074477
-0.06634623,-0.19565862,-0.0005096389,-0.016920432,-5.885635,-0.95176303
-0.049195092,-0.30246142,-0.00039972086,-0.0069612446,-5.885635,-0.029031567
-0.22908767,-0.18054685,-0.0005096389,-0.0006493473,-5.885635,-0.9777418
-0.21993943,-0.20450494,-0.0005096389,-0.0051946915,-5.885635,-0.9583866
-0.0020648916,0.23113793,0.0011295025,0.026841637,-5.885635,0.21977493
-0.22836022,-0.19523665,-0.0005096389,-0.0050756573,-5.885635,-0.9593531
0.08762572,0.2388259,0.00091238297,-0.030097242,7.5801353,0.3204598
-0.0026377118,0.25099772,0.00020901562,0.018479813,-5.885635,-0.27998257
0.012683181,-0.29771912,-0.00039972086,-0.02326878,-5.885635,-0.082798675
0.0925919,0.085199766,-0.00019328739,0.00022919907,7.5801353,0.31641772
0.12635219,-0.29484686,-0.0014506625,-0.015284525,-5.885635,0.30354163
-0.22808933,-0.32218376,-0.00039972086,0.009741255,-5.885635,-0.06251597
0.09126778,0.2594219,0.00044951076,-0.05550661,7.5801353,0.32053104
-0.21250512,-0.21180707,-0.0005096389,-0.010789357,-5.885635,-0.9529241
0.09420384,0.07333251,-0.00019328739,0.03027362,7.5801353,0.31928295
-0.106613815,-0.029125748,-0.0005096389,-0.05443926,-5.885635,-0.48614112
-0.20509186,-0.2102308,-0.0005096389,-0.03368406,-5.885635,-0.9390189
-0.03317719,-0.0050505265,-8.608587e-05,-0.009103301,-5.885635,-1.0684326
-0.25448766,-0.32144594,-0.00039972086,-0.0014276826,-5.885635,0.14431548
-0.04382138,0.061492316,2.3832195e-05,-0.08811941,-5.885635,0.10398386
0.09982413,0.16759461,-0.00019328739,0.0027611176,7.5801353,0.32102844
-0.22836022,-0.19523665,-0.0005096389,-0.0050756573,-5.885635,-0.9593531
-0.03891643,0.00785406,-0.00036360713,-0.009334312,-5.885635,-1.0750893
-0.022642186,0.087635204,-0.00025368907,-0.00013092533,-5.885635,-0.019345736
-0.21528237,-0.20810306,-0.0005096389,-0.006253627,-5.885635,-0.9583866
-0.2521448,-0.3096144,-0.00039972086,-0.02221931,-5.885635,-0.08406733
-0.0061093043,0.19309005,2.3832195e-05,0.012375131,7.5801353,0.22412667
0.09028772,0.08899045,-0.002112294,-0.011331093,-5.885635,0.31112996
-0.11433331,-0.036705844,-0.0005096389,-0.043528263,-5.885635,-1.0169928
0.07085783,-0.020476643,-0.00019328739,0.0039190436,-5.885635,0.3204792
-0.23509349,-0.29342002,-0.00039972086,0.01840416,-5.885635,0.1214382
-0.26172337,-0.31719434,-0.00039972086,-0.017805588,-5.885635,0.12187786
0.10078866,-0.40989575,-0.0014506625,-0.037540205,-5.885635,0.29603064
0.092028044,0.25322488,0.00091238297,0.00580828,-5.885635,0.32378832
-0.22836022,-0.19523665,-0.0005096389,-0.0050756573,-5.885635,-0.9593531
0.10441014,0.15759581,-0.00019328739,0.008173924,7.5801353,0.32102844
-0.22836022,-0.19523665,-0.0005096389,-0.0050756573,-5.885635,-0.9593531
-0.14653365,0.0579453,-0.0005096389,-0.0035116961,-5.885635,-1.0627805
0.09296771,0.27801946,0.00091238297,-0.013802061,7.5801353,0.32463625
-0.22596525,-0.20093131,-0.0005096389,-0.002742506,-5.885635,-0.9583866
0.090419196,0.23054585,0.00091238297,-0.018621912,-5.885635,0.32182604
-0.2270151,-0.19523665,-0.0005096389,-0.0006493473,-5.885635,-0.96512455
-0.030968985,-0.1227238,-0.00025368907,-0.0044829734,-5.885635,0.08350459
0.09107057,0.16074045,-0.0014506625,0.017084226,-5.885635,0.3210814
-0.021114409,0.19289817,-0.00025368907,0.007267453,7.5801353,0.22427839
0.1106839,-0.099043615,-0.0014506625,0.004341071,7.5801353,0.31943604
-0.20421198,-0.21248211,-0.0005096389,-0.0067428336,-5.885635,-0.9645887
-0.22703375,-0.19538516,-0.0005096389,-0.006253627,-5.885635,-0.9593531
-0.0034150577,0.08390752,-0.00025368907,0.015755817,-5.885635,0.16538274
-0.25448766,-0.32609537,-0.00039972086,-0.0012204968,7.5801353,0.14875773
-0.2270151,-0.19523665,-0.0005096389,-0.0006493473,-5.885635,-0.96512455
-0.044407196,0.07265282,-0.0014506625,-0.010527907,-5.885635,0.30745804
0.09693087,0.167022,-0.00019328739,-0.02405812,-5.885635,0.31876752
0.08769139,0.23109926,0.00091238297,-0.027683824,7.5801353,0.3204598
-0.032707974,0.008925044,-0.00036360713,-0.021320807,-5.885635,-1.0703824
-0.19871494,-0.14197588,-0.0005096389,0.00048024033,-5.885635,-0.995146
-0.010045135,0.17705457,-0.00019328739,0.031057002,-5.885635,0.31855467
-0.2270151,-0.19523665,-0.0005096389,-0.0006493473,-5.885635,-0.96512455
0.10684838,0.1451416,-0.0014506625,0.0074255597,7.5801353,0.31805384
0.038348783,-0.3636127,-0.00039972086,-0.059751622,-5.885635,0.118302934
-0.22908767,-0.18054685,-0.0005096389,-0.0006493473,-5.885635,-0.9777418
0.10194727,-0.36400378,-0.002112294,-0.028595494,-5.885635,0.29729572
0.09159351,0.26206756,0.00091238297,-0.017332358,7.5801353,0.3213544
0.08923572,0.1654497,-0.00019328739,0.014396181,-5.885635,0.32212672
0.05915949,-0.02089792,-0.0014506625,0.005958326,-5.885635,0.31757006
-0.019327104,0.060491543,-0.00036360713,-0.009243012,-5.885635,-1.104196
0.08863232,0.17319468,-0.00019328739,0.008352872,7.5801353,0.32102844
-0.016935155,0.07945404,-0.00025368907,-0.00074563595,-5.885635,0.19109863
0.09017424,0.27807057,0.00091238297,-0.010985002,-5.885635,0.3246101
-0.011798329,-0.16455717,-0.00019328739,-0.075500965,-5.885635,0.27222383
-0.033429448,-0.00044375047,-8.608587e-05,-0.0019926233,-5.885635,-1.0798978
0.00337156,0.10630695,-8.608587e-05,0.0055125505,-5.885635,-1.1348993
-0.03420971,-0.08800829,-0.00036360713,-0.026293043,-5.885635,-1.0441548
-0.18900938,0.019964661,-0.0005096389,-0.022388589,-5.885635,-1.0365504
0.09126778,0.2594219,0.00044951076,-0.05550661,7.5801353,0.32053104
-0.03949146,-0.17276382,-0.00025368907,-0.042009104,-5.885635,0.11406738
-0.13007075,0.095235705,2.3832195e-05,0.015351545,-5.885635,-0.026606569
0.0021050118,0.06260727,-0.0014506625,0.016852519,-5.885635,0.31543458
-0.18695588,-0.3520877,-0.00039972086,-0.044760037,-5.885635,-0.045888852
-0.2292401,-0.19539726,-0.0005096389,-0.0050756573,-5.885635,-0.95831263
0.09438698,0.25952336,0.00091238297,-0.02155785,-5.885635,0.3208833
-0.029811855,-0.09413238,-0.00039972086,0.036871757,7.5801353,0.20699134
0.0925919,0.085199766,-0.00019328739,0.00022919907,7.5801353,0.31641772
0.08489793,0.22325735,0.00091238297,-0.010985002,-5.885635,0.3217999
-0.07580669,-0.23901089,-0.0005096389,-0.0010480974,-5.885635,-0.43091786
-0.22703375,-0.19538516,-0.0005096389,-0.006253627,-5.885635,-0.9593531
0.08359309,0.15752782,-0.00019328739,-0.06941142,-5.885635,0.31114048
-0.22001132,-0.17334859,-0.0005096389,0.00048024033,-5.885635,-0.995146
-0.21834572,-0.20327437,-0.0005096389,-0.011474475,-5.885635,-0.9549311
-0.08660238,-0.26355308,-0.00039972086,-0.004371087,-5.885635,-0.079824395
-0.051242046,-0.12166548,-0.00025368907,-0.029463448,-5.885635,0.12799394
0.08686583,0.21162014,-0.00034499215,-0.048853204,7.5801353,0.31243128
-0.21528237,-0.20810306,-0.0005096389,-0.006253627,-5.885635,-0.9583866
-0.11618081,-0.094032675,-0.00025368907,-0.026038777,-5.885635,0.10956753
0.08769139,0.22320624,0.00091238297,-0.013802061,-5.885635,0.32182604
-0.049505413,-0.14711544,-0.00025368907,-0.019982504,-5.885635,0.14054471
-0.19205628,-0.31287533,-0.0005096389,-0.055505283,-5.885635,-0.26780894
0.09693087,0.14419004,-0.00019328739,-0.06941142,-5.885635,0.31114048
-0.20708247,-0.20947482,-0.0005096389,-0.018481903,-5.885635,-0.9529864
0.101970114,0.15985689,-0.00019328739,0.008352872,7.5801353,0.32102844
-0.22908767,-0.14577475,-0.0005096389,-0.0006493473,-5.885635,-1.0125139
0.09126778,0.2594219,0.00044951076,-0.05550661,-5.885635,0.32053104
0.033041082,-0.2152312,-0.0005096389,0.006706852,-5.885635,-0.9649027
-0.11131035,-0.07836203,-0.00039972086,-0.030759133,-5.885635,0.21730575
0.12029613,-0.2908611,-0.002112294,-0.014201973,-5.885635,0.3062279
-0.22836022,-0.19523665,-0.0005096389,-0.0050756573,-5.885635,-0.9593531
-0.22908767,-0.14577475,-0.0005096389,-0.0006493473,-5.885635,-1.0125139
-0.021525674,-0.31825048,-0.00039972086,0.043958135,-5.885635,0.14036593
-0.06634623,-0.18933421,-0.0005096389,-0.015138509,-5.885635,-0.9598693
-0.008687228,-0.09539099,-0.00039972086,-0.03726562,-5.885635,0.19334444
-0.20421198,-0.21563865,-0.0005096389,-0.0075591207,-5.885635,-0.96061593
-0.20509186,-0.21579923,-0.0005096389,-0.0075591207,-5.885635,-0.9595755
0.08599146,0.20460872,0.00044951076,-0.05550661,7.5801353,0.31772083
0.0012034653,0.10566675,-0.00036360713,-0.014941458,-5.885635,-1.1185479
-0.020590216,0.19342236,-0.00025368907,0.002807848,-5.885635,0.20178857
0.09017424,0.2774599,0.00091238297,-0.017332358,-5.885635,0.3241646
0.10669867,-0.080745354,-0.0014506625,0.0040796483,-5.885635,0.31719387
-0.023489946,-0.08795925,-0.00019328739,0.013266848,7.5801353,0.30946437
-0.24295199,-0.27880612,-0.0005096389,-0.021214444,-5.885635,-0.2908426
-0.22908767,-0.18054685,-0.0005096389,-0.0006493473,-5.885635,-0.9777418
-0.0026589995,0.09557528,-8.608587e-05,0.0040911576,-5.885635,-1.1348993
-0.22908767,-0.14577475,-0.0005096389,-0.0006493473,-5.885635,-1.0125139
-0.052064493,0.019018577,-0.0005096389,-0.028930567,-5.885635,-1.0115225
0.08489793,0.22325735,0.00091238297,-0.010985002,7.5801353,0.3217999
0.08489793,0.23148629,0.00091238297,-0.025277391,-5.885635,0.3204598
-0.14807065,0.0688036,-0.00036360713,0.09051921,-5.885635,-0.3617339
-0.22836022,-0.19523665,-0.0005096389,-0.0050756573,-5.885635,-0.9593531
0.057547558,-0.017998645,-0.00019328739,-0.01355768,-5.885635,0.31472942
-0.21796276,-0.2060158,-0.0005096389,-0.018200433,-5.885635,-0.9458467
0.08871926,0.18100245,-0.00024686634,-0.062760025,-5.885635,0.31504062
-0.23946626,-0.36727306,-0.00039972086,-0.06490274,-5.885635,0.07140615
-0.085457705,0.15541762,-0.00036360713,0.0068162316,-5.885635,-1.1227446
0.048603386,-0.3293302,-0.00039972086,0.049082216,-5.885635,0.11210671
0.1120168,-0.36917138,-0.002112294,-0.018212829,-5.885635,0.30043843
0.08755266,0.029040249,-0.00019328739,-0.075499944,7.5801353,0.2956299
-0.015089355,0.14089589,-0.0014506625,-0.008580329,-5.885635,0.31858242
-0.016935155,0.07945404,-0.00025368907,-0.00074563595,7.5801353,0.19109863
0.09034613,0.025662955,-0.00019328739,-0.081643194,-5.885635,0.29435626
-0.11885326,-0.0063851075,-0.00036360713,-0.024415556,-5.885635,-0.2600713
-0.11832255,0.058725394,-0.00036360713,0.013282488,-5.885635,-1.0940096
-0.0034150577,0.08390752,2.3832195e-05,0.023347203,7.5801353,0.18341485
-0.22908767,-0.18054685,-0.0005096389,-0.0006493473,-5.885635,-0.9777418
-0.22908767,-0.14577475,-0.0005096389,-0.0006493473,-5.885635,-1.0125139
0.0993709,0.16415025,-0.00019328739,-0.030584425,7.5801353,0.318322
-0.22703375,-0.19538516,-0.0005096389,-0.006253627,-5.885635,-0.9593531
-0.22601989,-0.3003919,-0.00025368907,0.005970611,-5.885635,0.16341802
-0.14237526,0.072514586,-0.00036360713,-0.005698612,-5.885635,-1.1104205
-0.21162523,-0.21107084,-0.0005096389,-0.014173325,-5.885635,-0.9511563
-0.15379196,0.018576687,-0.0005096389,-0.035499454,-5.885635,-1.01447
-0.0031510075,0.25802043,0.0008519813,-0.01364241,7.5801353,0.2165538
-0.09805797,0.025702605,-0.00036360713,0.06923916,7.5801353,-0.21134734
0.0025875298,0.17974398,0.00020901562,0.0055651255,-5.885635,-1.1513448
-0.22908767,-0.19316408,-0.0005096389,-0.0006493473,-5.885635,-0.96512455
0.10078866,-0.4050848,-0.0014506625,-0.042619668,-5.885635,0.29629913
-0.22908767,-0.14577475,-0.0005096389,-0.0006493473,-5.885635,-1.0125139
0.09126778,0.2594219,0.00044951076,-0.05550661,-5.885635,0.32053104
0.0993709,0.16476093,-0.00019328739,-0.024237068,-5.885635,0.31876752
-0.0287537,0.13071766,-6.8505644e-05,-0.0060104253,-5.885635,-1.1503395
0.094718,0.08274653,-0.00019328739,0.0005563261,-5.885635,0.31641772
-0.21513774,-0.27854586,-0.0005096389,-0.015012127,-5.885635,-0.18820724
-0.005405586,-0.33042634,-0.00039972086,-0.07530223,-5.885635,0.113373935
-0.20621139,-0.2187337,-0.0005096389,-0.018200433,-5.885635,-0.9448801
-0.22908767,-0.14577475,-0.0005096389,-0.0006493473,-5.885635,-1.0125139
0.00082465634,-0.2921238,-0.0014506625,-0.048471645,-5.885635,0.31598753
-0.021353714,-0.07549716,-0.00025368907,-5.058362e-06,7.5801353,0.19306296
0.053922284,-0.032935478,-0.00019328739,-0.043786943,7.5801353,0.31801277
-0.2270151,-0.19523665,-0.0005096389,-0.0006493473,-5.885635,-0.96512455
-0.013660923,-0.09542002,-0.002112294,-0.09350143,-5.885635,0.28094292
-0.11895846,-0.09076756,-0.00039972086,-0.05181673,-5.885635,-0.052508652
-0.21616225,-0.20826364,-0.0005096389,-0.006253627,-5.885635,-0.9573461
-0.22729172,-0.19762626,-0.0005096389,-0.0007482491,-5.885635,-0.96235937
0.08863232,0.17319468,-0.00019328739,0.008352872,-5.885635,0.32102844
-0.22908767,-0.14370775,-0.004557478,-0.0007355226,-5.885635,-1.0104469
-0.070803046,-0.31096244,-0.00039972086,-0.025887216,-5.885635,-0.038143504
-0.032208543,-0.30458403,-0.00039972086,0.047469255,7.5801353,0.15248436
0.085662425,0.21004997,0.00044951076,-0.10659777,-5.885635,0.30242234
0.00056001544,0.19000195,-0.00039972086,-0.03194665,7.5801353,0.24228844
-0.21124224,-0.20806354,-0.0005096389,-0.015733391,-5.885635,-0.9529864
-0.12188411,-0.044045746,-0.0005096389,-0.040962208,-5.885635,-1.0169928
-0.21036236,-0.21107084,-0.0005096389,-0.016699027,-5.885635,-0.9498934
0.008947443,-0.35630468,-0.00039972086,-0.05579728,-5.885635,-0.053454597
0.08830864,0.14410901,-0.0014506625,-0.020249253,-5.885635,0.30818656
-0.22908767,-0.14577475,-0.0005096389,-0.0006493473,-5.885635,-1.0125139
-0.02677683,-0.035233375,-0.00036360713,-0.008987065,-5.885635,-1.0444889
-0.2270151,-0.19523665,-0.0005096389,-0.0006493473,-5.885635,-0.96512455
-0.09555151,-0.016748844,-0.00036360713,-0.013700314,-5.885635,-1.0531528
-0.22910632,-0.18069535,-0.0005096389,-0.006253627,-5.885635,-0.9719703
-0.029927645,-0.22190984,-0.0005096389,-0.06937941,-5.885635,-0.45206308
-0.038233496,-0.16980343,-0.00039972086,-0.050266206,-5.885635,0.14476198
-0.22908767,-0.18054685,-0.0005096389,-0.0006493473,-5.885635,-0.9777418
0.09126778,0.26507002,0.00044951076,-0.041364707,-5.885635,0.32181382
-0.22908767,-0.14577475,-0.0005096389,-0.0006493473,-5.885635,-1.0125139
-0.059930712,-0.34225976,-0.00025368907,-0.046511743,-5.885635,0.17319307
-0.0033256595,0.067546204,-8.608587e-05,0.0031301682,-5.885635,-1.1052426
0.10612219,-0.069000885,-0.0014506625,0.0059529254,7.5801353,0.31458995
-0.03971958,0.07159439,-0.00025368907,-0.01428205,-5.885635,0.1270723
0.093195304,0.07413572,-0.00019328739,0.02145486,-5.885635,0.31988242
-0.26811826,-0.3351443,-0.00039972086,-0.03200308,-5.885635,0.102966465
-0.013537096,0.14006789,0.00020901562,0.0048106033,-5.885635,-1.1513448
0.09107057,0.16074045,-0.0014506625,0.0076045077,7.5801353,0.31805384
-0.039272767,-0.0041747936,2.3832195e-05,-0.05339484,-5.885635,0.19065431
-0.22836022,-0.19523665,-0.0005096389,-0.0050756573,-5.885635,-0.9593531
0.13567951,-0.27751377,0.009694397,-0.037283126,7.5801353,0.30633816
-0.009473521,-0.26342615,0.0029836325,0.0469394,-5.885635,0.10437082
-0.028023427,0.088790596,2.3832195e-05,-0.028492406,-5.885635,-0.0089966385
-0.049778327,-0.16605312,-0.00025368907,-0.041183654,-5.885635,0.13543129
-0.21660884,-0.20795456,-0.0005096389,-0.0050756573,-5.885635,-0.9583866
-0.22908767,-0.14577475,-0.0005096389,-0.0006493473,-5.885635,-1.0125139
-0.2667918,-0.3129067,-0.00039972086,-0.03338824,-5.885635,0.1150429
-0.042046264,-0.015297005,-0.00025368907,-0.006477121,-5.885635,0.13700083
-0.055913538,0.23741809,-0.00036360713,0.08302905,7.5801353,-0.18776456
0.08769139,0.22320624,0.00091238297,-0.013802061,7.5801353,0.32182604
0.07025444,-0.004058064,-0.00019328739,-0.012729894,7.5801353,0.3191695
-0.22684513,-0.20109189,-0.0005096389,-0.002742506,-5.885635,-0.9573461
0.09420384,0.07333251,-0.0014506625,0.018223997,-5.885635,0.31587118
-0.005405586,-0.33042634,-0.00039972086,-0.07530223,-5.885635,0.113373935
-0.12178277,0.13424551,-0.00036360713,-0.023279909,-5.885635,-1.068506
-0.0582288,-0.36095303,-0.002112294,-0.11396016,-5.885635,0.23972137
-0.026168553,0.0022108613,-0.0005096389,-0.045403227,-5.885635,-1.0459791
-0.21616225,-0.20826364,-0.0005096389,-0.006253627,-5.885635,-0.9573461
0.07115281,-0.0047161235,-0.00019328739,0.0038088742,-5.885635,0.31662014
-0.01292996,-0.10347289,-0.00039972086,-0.03726562,-5.885635,0.19334444
-0.026559133,0.17939913,-0.00019328739,-0.043274693,-5.885635,0.31186175
-0.224878,-0.24810754,-0.0005096389,-0.0028103907,-5.885635,-0.6274346
-0.21380298,-0.20742707,-0.0005096389,-0.020948945,-5.885635,-0.9458467
-0.056917038,-0.06289229,-0.00039972086,-0.019449059,7.5801353,0.2125656
0.08755266,0.07620974,-0.00019328739,-0.045001708,-5.885635,0.3064515
0.10640351,-0.055867452,-0.0014506625,0.00446325,-5.885635,0.31447428
-0.2344354,-0.3690646,-0.00039972086,-0.07512717,-5.885635,0.11264659
-0.11764661,0.094059296,-0.00025368907,0.011922464,-5.885635,0.059803717
0.09669065,0.07337643,-0.0014506625,0.005614061,7.5801353,0.3134431
-0.041518606,-0.1211997,-0.00025368907,0.016057549,-5.885635,-0.011440283
-0.19146208,-0.2728686,-0.0005096389,-0.015713718,-5.885635,-0.38897458
-0.2270151,-0.19523665,-0.0005096389,-0.0006493473,-5.885635,-0.96512455
0.103231356,0.055108197,-0.0014506625,0.0053813644,7.5801353,0.31187838
-0.04234124,-0.049631033,-0.00025368907,-0.006366951,-5.885635,0.12791014
0.09417402,0.24548715,0.00091238297,0.011400035,7.5801353,0.32378832
0.09680057,-0.15121488,-0.00019328739,-0.06778909,-5.885635,0.296576
0.100048766,-0.39114812,-0.0014506625,-0.05109247,7.5801353,0.30035108
-0.08996607,0.26144868,0.0007059495,0.012866348,-5.885635,0.15073624
-0.0029923355,0.07362602,-0.00019328739,0.024554737,7.5801353,0.31727234
-0.1823794,-0.026091754,-0.00039972086,-0.04260341,-5.885635,0.15356079
-0.009724866,-0.3155512,-0.00025368907,-0.0352306,-5.885635,0.1282458
-0.24361873,-0.3211587,-0.00039972086,0.015882622,7.5801353,0.08823589
0.025894038,-0.28851163,-0.00039972086,-0.019313961,-5.885635,0.11497209
0.10257351,0.14879283,-0.00019328739,0.029578533,-5.885635,0.32449317
-0.008687228,-0.092399254,-0.00025368907,-0.0044759866,7.5801353,0.1686925
0.10059198,-0.06767417,0.0044612433,-0.0009275032,7.5801353,0.31774282
-0.23089857,-0.29673904,-0.002112294,-0.013472613,-5.885635,0.2678486
0.05915949,-0.02089792,-0.00019328739,0.018007949,-5.885635,0.32098183
-0.22908767,-0.14577475,-0.0005096389,-0.0006493473,-5.885635,-1.0125139
-0.2304328,-0.18054685,-0.0005096389,-0.0050756573,-5.885635,-0.9719703
0.0875978,-0.09550933,-0.0014506625,0.0061790124,-5.885635,0.30406293
0.09982413,0.16759461,-0.00019328739,0.0027611176,-5.885635,0.32102844
-0.1166211,0.111503445,-0.00036360713,-0.038591135,-5.885635,-1.0356144
-0.16225103,0.021894192,-0.0005096389,-0.034747373,-5.885635,-1.0100805
0.08762572,0.17099941,-0.00019328739,-0.06941142,7.5801353,0.31114048
-0.22703375,-0.19538516,-0.0005096389,-0.006253627,-5.885635,-0.9593531
0.11824504,-0.056340482,-0.0014506625,-0.02287954,-5.885635,0.31611997
-0.08445269,-0.23732558,-0.0005096389,-0.0620252,-5.885635,-0.42306724
-0.200061,-0.22014497,-0.0005096389,-0.008244239,-5.885635,-0.9595755
-0.19290003,-0.37459043,-0.002112294,-0.10433024,-5.885635,0.24116339
0.090419196,0.23054585,0.00091238297,-0.02532029,7.5801353,0.32116944
0.097398,0.22308266,-0.00034499215,0.0062037236,7.5801353,0.3201965
-0.19325212,0.011882758,-0.0005096389,-0.022388589,-5.885635,-1.0365504
-0.20056199,-0.2276089,-0.0005096389,-0.0005110991,-5.885635,-0.30809757
-0.25656024,-0.33307174,-0.00039972086,-0.0012204968,-5.885635,0.1235513
-0.22836022,-0.19523665,-0.0005096389,-0.0050756573,-5.885635,-0.9593531
0.10257351,0.15505373,-0.00019328739,0.02489164,7.5801353,0.32291916
0.08863232,0.17319468,-0.00019328739,0.008352872,-5.885635,0.32102844
0.09693087,0.14419004,-0.00019328739,-0.06941142,7.5801353,0.31114048
0.09126778,0.2594219,0.00044951076,-0.05550661,-5.885635,0.32053104
0.028864924,-0.21917474,-0.0005096389,-0.0045449813,-5.885635,-0.9656318
0.09802441,0.15419307,-0.00024686634,-0.062760025,-5.885635,0.31504062
0.00090594636,0.079475366,-0.00036360713,-0.0017334061,-5.885635,-1.105267
0.09693087,0.16641133,-0.00019328739,-0.030405477,7.5801353,0.318322
-0.12255841,-0.07224326,-0.002112294,-0.080022864,-5.885635,0.29409105
0.08769139,0.22010249,0.00091238297,-0.02155785,7.5801353,0.3208833
-0.04382138,0.041767042,2.3832195e-05,-0.09121689,-5.885635,0.12474256
-0.16442539,0.2505848,0.0011295025,-0.007814582,7.5801353,0.18079644
0.10257351,0.15505373,-0.00019328739,0.02489164,7.5801353,0.32291916
-0.20509186,-0.21264268,-0.0005096389,-0.0067428336,-5.885635,-0.96354824
0.108208574,-0.36818603,-0.002112294,-0.015389945,-5.885635,0.30043843
-0.25302473,-0.30977497,-0.00039972086,-0.02221931,-5.885635,-0.083026856
-0.021193717,-0.029658949,-0.00036360713,-0.0060078627,-5.885635,-1.046301
0.08762572,0.2388259,0.00091238297,-0.030097242,7.5801353,0.3204598
-0.13007176,-0.099886954,-0.00025368907,-0.029186193,-5.885635,0.16362032
-0.20509186,-0.20947482,-0.0005096389,-0.005777199,-5.885635,-0.9676817
0.09693087,0.14419004,-0.00019328739,-0.06941142,-5.885635,0.31114048
-0.19298011,-0.30318886,-0.0005096389,-0.051641252,-5.885635,-0.2666063
-0.15289445,0.14035365,-0.00025368907,-0.01228803,-5.885635,0.20617664
0.01330292,-0.29183912,-0.00039972086,0.007599084,-5.885635,0.09634414
-0.22908767,-0.18054685,-0.0005096389,-0.0006493473,-5.885635,-0.9777418
0.103231356,0.055108197,-0.0014506625,-0.036740847,7.5801353,0.29842573
-0.21250512,-0.21180707,-0.0005096389,-0.010789357,-5.885635,-0.9529241
-0.17257978,0.21211733,0.00020901562,0.002015811,-5.885635,-1.1267474
-0.10761013,-0.06456936,-0.00025368907,0.029829899,-5.885635,0.16127744
0.09159351,0.26267824,0.00091238297,-0.010985002,7.5801353,0.3217999
-0.2270151,-0.19523665,-0.0005096389,-0.0006493473,-5.885635,-0.96512455
0.099724345,0.1636447,-0.00019328739,-0.036899745,7.5801353,0.31683728
-0.08743096,0.002253617,-0.00036360713,0.0353457,-5.885635,-0.38727346
-0.1517038,0.22614507,0.0011295025,-0.006502218,7.5801353,0.17936674
-0.22908767,-0.14577475,-0.0005096389,-0.0006493473,-5.885635,-1.0125139
0.08359309,0.1797491,-0.00019328739,-0.030405477,7.5801353,0.318322
0.0028863573,-0.20432988,-0.00039972086,-0.010086114,-5.885635,-0.0007735137
-0.21380298,-0.20742707,-0.0005096389,-0.020948945,-5.885635,-0.9458467
-0.060188767,-0.313627,-0.00039972086,-0.048038263,-5.885635,-0.09027823
-0.23368065,-0.26888633,-0.0005096389,-0.01453575,-5.885635,-0.4171615
-0.058331426,-0.33621764,-0.00039972086,-0.004872574,-5.885635,0.12185649
-0.2212659,-0.20435643,-0.0005096389,-0.004016721,-5.885635,-0.9583866
-0.22996755,-0.18070742,-0.0005096389,-0.0006493473,-5.885635,-0.97670126
0.0062057665,-0.24496992,-0.0005096389,-0.004730127,-5.885635,-0.45083693
-0.038501322,-0.048336536,-0.00025368907,-0.005410377,-5.885635,0.089309745
-0.2304328,-0.14577475,-0.0005096389,-0.0050756573,-5.885635,-1.0067425
0.1216226,-0.2910096,-0.002112294,-0.015379947,7.5801353,0.3062279
0.09693087,0.14419004,-0.00019328739,-0.06941142,-5.885635,0.31114048
0.086386554,0.17698249,-0.00019328739,-0.030201368,7.5801353,0.3174939
-0.22908767,-0.14577475,-0.0005096389,-0.0006493473,-5.885635,-1.0125139
0.097398,0.22308266,-0.00034499215,0.0062037236,-5.885635,0.3201965
-0.0034150577,0.07240515,2.3832195e-05,0.027370326,7.5801353,0.1908941
-0.022899756,-0.03241615,-0.00019328739,-0.054580823,-5.885635,0.3091074
-0.20668404,-0.21264268,-0.0005096389,-0.009611795,-5.885635,-0.9590871
-0.22908767,-0.18054685,-0.0005096389,-0.0006493473,-5.885635,-0.9777418
-0.22703375,-0.19538516,-0.0005096389,-0.006253627,-5.885635,-0.9593531
-0.22908767,-0.18054685,-0.0005096389,-0.0006493473,-5.885635,-0.9777418
0.07227626,-0.018162858,-0.0014506625,-0.0034032487,-5.885635,0.31840158
-0.17227162,0.13696459,-0.00025368907,0.0030453287,-5.885635,0.21360952
-0.066363625,0.087733105,-0.00036360713,-0.008025043,-5.885635,-1.0723553
-0.12205216,-0.03994178,-0.0005096389,-0.009203198,-5.885635,-1.0526878
0.09982413,0.16759461,-0.00019328739,0.0027611176,7.5801353,0.32102844
0.08599146,0.20460872,0.00044951076,-0.05550661,-5.885635,0.31772083
-0.08118132,-0.15078771,-0.0005096389,7.197971e-05,-5.885635,-0.99879116
0.09072709,-0.08406247,-0.0014506625,-0.01611448,-5.885635,0.29745167
0.013065591,-0.18431325,-0.0005096389,-0.009382249,-5.885635,-0.97985667
-0.22791363,-0.19554576,-0.0005096389,-0.006253627,-5.885635,-0.95831263
0.09268705,0.2440296,0.00044951076,-0.05550661,-5.885635,0.31772083
-0.22703375,-0.19538516,-0.0005096389,-0.006253627,-5.885635,-0.9593531
-0.0014255722,0.08419043,-0.00025368907,0.015222482,-5.885635,0.187015
-0.10748915,-0.020195814,-0.00036360713,-0.0044026445,-5.885635,-1.0327754
-0.25226316,-0.348879,-0.00039972086,-0.06019991,-5.885635,0.118559904
-0.22729172,-0.2007828,-0.0005096389,-0.0015645378,-5.885635,-0.9583866
0.093195304,0.08039661,-0.00019328739,0.016767966,-5.885635,0.31830844
-0.012014358,-0.072941266,-0.00025368907,-0.026297297,-5.885635,0.19313136
0.08769139,0.22320624,0.00091238297,-0.013802061,7.5801353,0.32182604
0.09835997,-0.08371878,-0.0014506625,0.002145335,-5.885635,0.3090005
-0.008466902,-0.32856387,-0.00039972086,-0.062384177,-5.885635,0.18192574
0.09268705,0.2496777,0.00044951076,-0.041364707,7.5801353,0.3190036
-0.22836022,-0.19523665,-0.0005096389,-0.0050756573,-5.885635,-0.9593531
-0.12243457,-0.07619703,-0.00039972086,0.0011734619,7.5801353,-0.06953843
0.09296771,0.27801946,0.00091238297,-0.013802061,-5.885635,0.32463625
-0.21938096,-0.17840181,-0.0005096389,-0.0032964284,-5.885635,-0.64596826
0.10927622,-0.05803768,-0.002112294,0.012787843,-5.885635,0.32242617
0.0993709,0.16415025,-0.00019328739,-0.030584425,-5.885635,0.318322
-0.2158652,-0.25508368,-0.0005096389,-0.015610166,-5.885635,-0.28201088
-0.22908767,-0.18054685,-0.0005096389,-0.0006493473,-5.885635,-0.9777418
-0.24618678,-0.36539567,-0.00039972086,-0.07512717,-5.885635,0.08647365
0.09296771,0.27801946,0.00091238297,-0.013802061,7.5801353,0.32463625
-0.21660884,-0.20795456,-0.0005096389,-0.0050756573,-5.885635,-0.9583866
-0.26767167,-0.33545342,-0.00039972086,-0.033181053,-5.885635,0.10400694
0.008672218,-0.30542517,-0.00036360713,-0.061950427,-5.885635,-0.48820883
-0.2270151,-0.19523665,-0.0005096389,-0.0006493473,-5.885635,-0.96512455
0.08359309,0.18035978,-0.00019328739,-0.02405812,-5.885635,0.31876752
-0.22596525,-0.20093131,-0.0005096389,-0.002742506,-5.885635,-0.9583866
0.015532045,-0.24474646,-0.00036360713,-0.04038312,-5.885635,-0.9671475
0.017746214,-0.39309913,-0.00039972086,-0.07392888,-5.885635,0.17695779
-0.21616225,-0.20826364,-0.0005096389,-0.006253627,-5.885635,-0.9573461
-0.02530968,0.23159064,0.0008519813,-0.013085142,-5.885635,0.21177128
-0.2270151,-0.19523665,-0.0005096389,-0.0006493473,-5.885635,-0.96512455
0.08648635,0.1809324,-0.00019328739,0.0027611176,7.5801353,0.32102844
-0.22684513,-0.20109189,-0.0005096389,-0.002742506,-5.885635,-0.9573461
0.034427144,-0.19802736,-0.0005096389,0.041828208,-5.885635,-0.9713183
-0.22703375,-0.19538516,-0.0005096389,-0.006253627,-5.885635,-0.9593531
0.014162453,-0.24295428,-0.00036360713,-0.048532024,-5.885635,-0.9594212
-0.22908767,-0.14577475,-0.0005096389,-0.0006493473,-5.885635,-1.0125139
-0.21162523,-0.2116465,-0.0005096389,-0.010789357,-5.885635,-0.9539646
-0.22908767,-0.14577475,-0.0005096389,-0.0006493473,-5.885635,-1.0125139
0.06978565,0.062187117,-0.00019328739,0.009515753,7.5801353,0.31826186
0.09038836,-0.29179612,-0.00039972086,0.077543676,-5.885635,0.15386537
0.08762572,0.23059696,0.00091238297,-0.015804853,-5.885635,0.3217999
-0.22836022,-0.19523665,-0.0005096389,-0.0050756573,-5.885635,-0.9593531
0.101970114,0.15985689,-0.00019328739,0.008352872,-5.885635,0.32102844
-0.2270151,-0.19523665,-0.0005096389,-0.0006493473,-5.885635,-0.96512455
-0.22908767,-0.18054685,-0.0005096389,-0.0006493473,-5.885635,-0.9777418
-0.2270151,-0.19523665,-0.0005096389,-0.0006493473,-5.885635,-0.96512455
0.0035883011,0.17027332,-0.00019328739,0.025778804,7.5801353,0.31698066
-0.19108915,-0.21606806,-0.0005096389,-0.04184953,-5.885635,-0.9390189
0.053922284,-0.045699798,-0.00019328739,-0.06546707,-5.885635,0.30949387
0.093195304,0.07745478,-0.00019328739,0.0062725064,-5.885635,0.317516
0.036622778,-0.37222737,-0.00039972086,-0.045354098,-5.885635,0.14692318
-0.22836022,-0.19523665,-0.0005096389,-0.0050756573,-5.885635,-0.9593531
0.095103204,0.20116615,-0.00034499215,-0.036075927,7.5801353,0.30674383
0.08762572,0.2388259,0.00091238297,-0.030097242,7.5801353,0.3204598
-0.2292401,-0.19539726,-0.0005096389,-0.0050756573,-5.885635,-0.95831263
0.0918563,0.15759642,-0.0014506625,0.009962814,7.5801353,0.31805384
-0.23235418,-0.26903483,-0.0005096389,-0.015713718,-5.885635,-0.4171615
-0.06925651,-0.32552373,-0.00039972086,-0.046104036,-5.885635,0.1886257
-0.0014732671,-0.076024815,-0.00039972086,0.026414646,-5.885635,0.17631468
-0.22596525,-0.20093131,-0.0005096389,-0.002742506,-5.885635,-0.9583866
-0.22908767,-0.14577475,-0.0005096389,-0.0006493473,-5.885635,-1.0125139
0.005348498,0.13512966,2.3832195e-05,-0.034213774,7.5801353,-0.02027388
-0.01743617,0.22774844,0.0011295025,0.020509103,7.5801353,-0.020967318
0.09296771,0.27801946,0.00091238297,-0.013802061,-5.885635,0.32463625
-0.028467659,-0.026273385,-0.00036360713,-0.00942963,-5.885635,-1.0513154
0.065954,-0.0012009119,-0.0014506625,-0.02175984,-5.885635,0.31412563
0.08762572,0.2388259,0.00091238297,-0.030097242,7.5801353,0.3204598
0.10689032,-0.10611447,-0.0014506625,0.0037067565,7.5801353,0.31971288
-0.22908767,-0.18054685,-0.0005096389,-0.0006493473,-5.885635,-0.9777418
0.09438698,0.26262712,0.00091238297,-0.013802061,7.5801353,0.32182604
-0.22908767,-0.18054685,-0.0005096389,-0.0006493473,-5.885635,-0.9777418
-0.21124224,-0.20806354,-0.0005096389,-0.015733391,-5.885635,-0.9529864
-0.2292401,-0.19539726,-0.0005096389,-0.0050756573,-5.885635,-0.95831263
-0.25341916,-0.33164153,-0.00039972086,0.0022906265,-5.885635,0.14972427
-0.11457994,-0.06418736,-0.00039972086,0.025924562,-5.885635,0.17590615
-0.22908767,-0.19316408,-0.0005096389,-0.0006493473,-5.885635,-0.96512455
0.10194727,-0.36400378,-0.002112294,-0.028595494,-5.885635,0.29729572
-0.033277042,-0.3055326,-0.00039972086,0.03441883,-5.885635,0.14893872
-0.22908767,-0.18054685,-0.0005096389,-0.0006493473,-5.885635,-0.9777418
-0.25526556,-0.26694402,-0.00039972086,-0.048054352,-5.885635,0.1071342
0.09326836,0.20255633,0.00091238297,0.028020315,7.5801353,0.32663584
-0.012952062,-0.18703274,-0.0005096389,-0.0612765,-5.885635,-0.9753377
-0.07811241,-0.08995013,-0.0005096389,-0.050461296,-5.885635,-0.4747371
-0.22908767,-0.14577475,-0.0005096389,-0.0006493473,-5.885635,-1.0125139
-0.060881324,0.087204516,-0.00025368907,0.022234721,-5.885635,0.17477623
-0.0013818876,0.20112802,2.3832195e-05,-0.0148355365,-5.885635,0.21512249
-0.21616225,-0.20826364,-0.0005096389,-0.006253627,-5.885635,-0.9573461
-0.22729172,-0.2007828,-0.0005096389,-0.0015645378,-5.885635,-0.9583866
-0.0287537,0.13071766,-6.8505644e-05,-0.009236502,-5.885635,-1.1471134
-0.2304328,-0.18054685,-0.0005096389,-0.0050756573,-5.885635,-0.9719703
0.09296771,0.27801946,0.00091238297,-0.013802061,7.5801353,0.32463625
0.09126778,0.2594219,0.00044951076,-0.05550661,-5.885635,0.32053104
-0.01292996,-0.10347289,-0.00039972086,-0.03726562,-5.885635,0.19334444
-0.21588384,-0.2204601,-0.0005096389,-0.021214444,-5.885635,-0.3110115
0.09003156,0.08358425,-0.00024686634,-0.066835396,7.5801353,0.30420166
-0.22791363,-0.19554576,-0.0005096389,-0.006253627,-5.885635,-0.95831263
-0.22908767,-0.18054685,-0.0005096389,-0.0006493473,-5.885635,-0.9777418
-0.22908767,-0.19316408,-0.0005096389,-0.0006493473,-5.885635,-0.96512455
-0.070803046,-0.3077122,-0.00039972086,-0.039365865,-5.885635,-0.03887668
-0.033429448,-0.0054023727,-8.608587e-05,-0.0019583167,-5.885635,-1.0749735
0.117421284,-0.07421963,-0.002112294,-0.080793485,-5.885635,0.30192232
0.085662425,0.256987,0.00044951076,-0.10659777,7.5801353,0.30973205
0.0012062988,-0.006132477,-0.0005096389,-0.036237296,-5.885635,-0.23369515
-0.17227162,0.115096204,-0.00025368907,-0.0018439833,-5.885635,0.16850007
0.101970114,0.15985689,-0.00019328739,0.008352872,-5.885635,0.32102844
-0.061222497,-0.2702724,-0.0005096389,0.007598729,-5.885635,-0.21478683
-0.2270151,-0.19523665,-0.0005096389,-0.0006493473,-5.885635,-0.96512455
-0.22481625,-0.028708708,-0.00039972086,-0.054388396,7.5801353,0.10647648
-0.016881146,-0.0514584,-8.608587e-05,-0.016267456,-5.885635,-1.0311567
-0.0015200088,0.22471729,0.00091238297,-0.007954648,-5.885635,0.32218936
-0.22704159,-0.17209789,-0.0005096389,-0.009475951,-5.885635,-0.9794101
0.08708169,0.24159467,0.00044951076,-0.07278454,7.5801353,0.31772083
-0.076428734,-0.29424998,-0.00039972086,-0.04251764,-5.885635,0.18151721
-0.071635,-0.07386424,-0.00039972086,-0.041022927,-5.885635,-0.0039465483
0.005562679,0.29173416,0.0011295025,0.0020402735,-5.885635,0.22948936
-0.010780923,-0.0369734,-8.608587e-05,0.029866537,-5.885635,-0.37340185
0.08769139,0.22320624,0.00091238297,-0.013802061,-5.885635,0.32182604
-0.0077981353,0.058494378,-8.608587e-05,0.0051642098,-5.885635,-1.1052426
-0.22684513,-0.20109189,-0.0005096389,-0.002742506,-5.885635,-0.9573461
0.0029273108,-0.009146177,-0.00039972086,-0.05033929,-5.885635,0.12939006
0.09417402,0.24548715,0.00091238297,0.011400035,7.5801353,0.32378832
-0.22596525,-0.20093131,-0.0005096389,-0.002742506,-5.885635,-0.9583866
0.09296771,0.25116733,0.00091238297,-0.02155785,-5.885635,0.3208833
0.07085783,-0.009577779,-0.00019328739,0.014040096,-5.885635,0.3254219
-0.023772823,-0.101661064,-0.00025368907,-0.01637373,-5.885635,0.20341173
-0.17118762,0.1384202,-0.0005096389,-0.035057224,-5.885635,-1.0751616
-0.09384019,-0.24971327,-0.0005096389,-0.059176065,-5.885635,-0.28923255
-0.2270151,-0.19523665,-0.0005096389,-0.0006493473,-5.885635,-0.96512455
-0.21036236,-0.21107084,-0.0005096389,-0.016699027,-5.885635,-0.9498934
-0.06634623,-0.19565862,-0.0005096389,-0.016920432,-5.885635,-0.95176303
0.13192661,-0.27979773,-0.0014506625,-0.022167137,-5.885635,0.30102262
0.10038553,-0.39635837,-0.0014506625,-0.06734823,-5.885635,0.29837582
-0.22908767,-0.19316408,-0.0005096389,-0.0006493473,-5.885635,-0.96512455
-0.22908767,-0.14577475,-0.0005096389,-0.0006493473,-5.885635,-1.0125139
-0.18309689,0.015564437,-0.0005096389,-0.044900436,-5.885635,-1.0155509
-0.26660317,-0.3409995,-0.00039972086,-0.02966993,-5.885635,0.10497346
-0.16635983,0.22829093,0.00010393001,-0.032446753,-5.885635,-1.1145732
-0.110871345,0.14815238,-6.8505644e-05,-0.0061988933,-5.885635,-1.1227399
-0.21526374,-0.20795456,-0.0005096389,-0.0006493473,-5.885635,-0.964158
0.103735246,-0.13172527,-0.00019328739,-0.02420686,-5.885635,0.30943656
-0.22791363,-0.19554576,-0.0005096389,-0.006253627,-5.885635,-0.95831263
-0.24188352,-0.2713907,0.00038731797,-0.011652484,-5.885635,-0.29850984
0.1276598,-0.25389406,-0.002112294,-0.007059833,7.5801353,0.30350423
-0.1161852,0.15201233,-6.8505644e-05,-0.0047449917,-5.885635,-1.1227399
0.085662425,0.256987,0.00044951076,-0.07278454,-5.885635,0.32053104
0.06660173,0.040890075,-0.00019328739,-0.095220655,-5.885635,0.298428
-0.105344236,-0.025991183,-0.00025368907,0.014354402,-5.885635,0.20165193
0.090419196,0.23054585,0.00091238297,-0.018621912,-5.885635,0.32182604
-0.26199585,-0.2619931,-0.00039972086,-0.010067854,-5.885635,0.0044649
-0.2292401,-0.19539726,-0.0005096389,-0.0050756573,-5.885635,-0.95831263
0.08079716,-0.1173638,-0.0014506625,0.0062562944,-5.885635,0.3096094
-0.22908767,-0.14577475,-0.0005096389,-0.0006493473,-5.885635,-1.0125139
0.08648635,0.1809324,-0.00019328739,0.0027611176,7.5801353,0.32102844
0.08038611,0.20181197,0.0026386725,-0.07143596,-5.885635,0.31836763
0.08443322,0.15885308,-0.0010066237,-0.0756357,-5.885635,0.2992903
-0.1615392,0.02615874,-0.0005096389,-0.0029883673,-5.885635,-1.0468159
-0.14826664,0.25435922,-0.00025368907,0.039866976,7.5801353,0.15096998
-0.2218786,-0.28959697,-0.002112294,-0.013472613,7.5801353,0.3164005
-0.023722246,0.21835054,0.00091238297,-0.02942005,-5.885635,0.322661
0.004335044,0.27572024,0.0011295025,0.026096988,7.5801353,0.18975276
0.092572026,0.090484254,-0.00019328739,-0.0050354283,7.5801353,0.31641772
-0.21250512,-0.21180707,-0.0005096389,-0.010789357,-5.885635,-0.9529241
-0.22908767,-0.14577475,-0.0005096389,-0.0006493473,-5.885635,-1.0125139
-0.22908767,-0.18054685,-0.0005096389,-0.0006493473,-5.885635,-0.9777418
0.090419196,0.19045408,-0.00019328739,-0.030201368,7.5801353,0.3174939
0.09266496,0.22042662,0.00091238297,0.0136009045,7.5801353,0.32378832
-0.22703375,-0.19538516,-0.0005096389,-0.006253627,-5.885635,-0.9593531
0.095103204,0.20116615,-0.00034499215,0.015526006,7.5801353,0.32322407
-0.22908767,-0.18054685,-0.0005096389,-0.0006493473,-5.885635,-0.9777418
-0.05808068,-0.20437945,-0.00036360713,-0.0325833,-5.885635,-0.95589155
-0.22908767,-0.14577475,-0.0005096389,-0.0006493473,-5.885635,-1.0125139
0.095904924,0.07309683,-0.0014506625,0.0167586,-5.885635,0.31587118
-0.2261617,-0.17193732,-0.0005096389,-0.009475951,-5.885635,-0.9804507
-0.16317959,0.18881802,-0.00036360713,-0.004114855,-5.885635,-1.1061449
-0.22703375,-0.19538516,-0.0005096389,-0.006253627,-5.885635,-0.9593531
0.08755266,0.05207885,-0.00019328739,-0.09498917,7.5801353,0.29847458
-0.21616225,-0.20826364,-0.0005096389,-0.006253627,-5.885635,-0.9573461
-0.13229649,0.10902685,-0.00039972086,-0.02703063,7.5801353,0.17669365
0.09266496,0.22042662,0.00091238297,0.0136009045,-5.885635,0.32378832
0.10515369,-0.105391935,-0.0014506625,-0.0075095906,-5.885635,0.31943604
0.09017424,0.25432217,0.00091238297,-0.010985002,-5.885635,0.3217999
0.10876976,-0.05720513,-0.0014506625,0.0049189823,7.5801353,0.31299
0.09296771,0.27801946,0.00091238297,-0.013802061,7.5801353,0.32463625
-0.17167836,0.0018099283,-0.0005096389,-0.045284044,-5.885635,-1.0128312
-0.19108915,-0.22069274,-0.0005096389,-0.041931745,-5.885635,-0.93431205
0.08359309,0.15752782,-0.00019328739,-0.06941142,-5.885635,0.31114048
-0.09352912,-0.13800065,-0.0005096389,-0.008868101,-5.885635,-1.0103911
0.09296771,0.27801946,0.00091238297,-0.013802061,-5.885635,0.32463625
-0.19020925,-0.22053216,-0.0005096389,-0.041931745,-5.885635,-0.93535256
0.0064444533,0.2685669,0.0011295025,0.01342831,7.5801353,0.19562986
-0.038233496,-0.1668117,-0.00025368907,-0.017476574,7.5801353,0.12011
0.08046843,-0.16905262,-0.00019328739,-0.09895631,-5.885635,0.296576
-0.14813292,0.17017938,2.3832195e-05,-0.01090911,-5.885635,0.16026962
0.10216437,0.15827988,-0.00019328739,-0.038136102,7.5801353,0.31655115
-0.1635298,0.02615874,-0.0005096389,-0.015693069,-5.885635,-1.0321206
0.09802441,0.15419307,-0.00024686634,-0.062760025,-5.885635,0.31504062
0.08835993,-0.12004393,-0.00019328739,-0.06617724,-5.885635,0.2944806
-0.066363625,0.087555476,-0.00036360713,-0.012615961,-5.885635,-1.0675868
-0.001348722,0.07704167,2.3832195e-05,-0.04933572,-5.885635,0.004872285
0.08755266,0.018768016,-0.00019328739,-0.12085324,-5.885635,0.28896806
-0.01702666,0.25777143,0.00091238297,-0.02942005,7.5801353,0.322661
0.09296771,0.27801946,0.00091238297,-0.013802061,-5.885635,0.32463625
0.08489793,0.22325735,0.00091238297,-0.010985002,-5.885635,0.3217999
-0.16241908,0.021726137,-0.0005096389,-0.034411263,-5.885635,-1.0100805
0.09126778,0.2594219,0.00044951076,-0.05550661,7.5801353,0.32053104
0.0925919,0.08177612,-0.00019328739,0.0042523206,7.5801353,0.31581822
0.07227626,-0.0065474347,-0.0014506625,-0.0035134181,-5.885635,0.31898257
-0.17489105,0.17645326,2.3832195e-05,0.046379425,7.5801353,0.16936773
-0.027490672,-0.03480753,-0.00036360713,-0.00618667,-5.885635,-1.0470014
0.098826624,-0.16963722,-0.0014506625,-0.0022075824,-5.885635,0.30611408
-0.10994394,0.080483645,-0.00036360713,0.01130274,-5.885635,-1.1042914
0.10698592,-0.37334043,-0.002112294,-0.029523496,-5.885635,0.29942405
-0.22908767,-0.18054685,-0.0005096389,-0.0006493473,-5.885635,-0.9777418
-0.16241908,0.021726137,-0.0005096389,-0.0150487125,-5.885635,-1.029443
0.08533245,0.213804,0.00091238297,0.00580828,7.5801353,0.32378832
-0.21526374,-0.20795456,-0.0005096389,-0.0006493473,-5.885635,-0.964158
0.09417402,0.24548715,0.00091238297,0.011400035,7.5801353,0.32378832
-0.027462263,-0.10965157,-0.00025368907,0.0005920505,-5.885635,0.16387057
0.0045201527,0.107455544,-8.608587e-05,0.003215365,-5.885635,-1.1348993
-0.1543804,0.20823392,-0.0005096389,-0.0045682034,-5.885635,-1.1158382
-0.22791363,-0.19554576,-0.0005096389,-0.006253627,-5.885635,-0.95831263
-0.029340165,-0.091867454,-0.00025368907,-0.0006495621,-5.885635,-0.018723877
-0.0722418,-0.27138865,-0.0005096389,-0.03024881,-5.885635,-0.42736927
-0.011441921,-0.32538816,-0.002112294,-0.12179084,-5.885635,0.24614793
-0.01702666,0.25777143,0.00091238297,-0.036118425,-5.885635,0.3220044
0.081207074,-0.11695389,-0.0014506625,-0.0040432336,-5.885635,0.30658185
-0.2270151,-0.19523665,-0.0005096389,-0.0006493473,-5.885635,-0.96512455
0.09126778,0.26507002,0.00044951076,-0.041364707,-5.885635,0.32181382
-0.22908767,-0.14577475,-0.0005096389,-0.0006493473,-5.885635,-1.0125139
0.07978863,-0.11998424,-0.00019328739,0.013510279,-5.885635,0.31302118
0.09126778,0.2594219,0.00044951076,-0.05550661,-5.885635,0.32053104
-0.017197136,0.2918309,0.0011295025,-0.04398396,7.5801353,0.16518858
0.08755266,0.040989287,-0.00019328739,-0.0818473,-5.885635,0.29614958
0.10440835,0.14740267,-0.0014506625,0.0076045077,-5.885635,0.31805384
-0.22908767,-0.14577475,-0.0005096389,-0.0006493473,-5.885635,-1.0125139
-0.095985554,-0.0032377162,-0.00036360713,0.02784982,-5.885635,-1.040209
-0.07042063,-0.19583741,-0.0005096389,-0.015407123,-5.885635,-0.9691238
-0.2304328,-0.18054685,-0.0005096389,-0.0050756573,-5.885635,-0.9719703
-0.1593151,0.029217,-0.00025368907,0.0037230672,7.5801353,0.1690019
0.085662425,0.21004997,0.00044951076,-0.10659777,7.5801353,0.30242234
0.07226639,-0.13042447,-0.00019328739,-0.11889985,-5.885635,0.2922458
0.09385034,0.20959525,-0.00034499215,-0.024008345,-5.885635,0.31032926
0.09126778,0.2594219,0.00044951076,-0.05550661,-5.885635,0.32053104
-0.2261617,-0.17193732,-0.0005096389,-0.009475951,-5.885635,-0.9804507
0.09802441,0.15984118,-0.00024686634,-0.048618123,-5.885635,0.3163234
-0.02677683,-0.035233375,-0.00036360713,-0.008987065,-5.885635,-1.0444889
-0.22836022,-0.19523665,-0.0005096389,-0.0050756573,-5.885635,-0.9593531
-0.21547712,-0.19273727,-0.0005096389,-0.0111132,-5.885635,-0.9686981
0.09438698,0.26262712,0.00091238297,-0.013802061,7.5801353,0.32182604
0.10441014,0.15759581,-0.00019328739,0.008173924,7.5801353,0.32102844
-0.0026589995,0.09557528,-8.608587e-05,0.0040911576,-5.885635,-1.1348993
0.13614163,-0.2667475,-0.0014506625,-0.020869885,7.5801353,0.30591676
0.09296771,0.27801946,0.00091238297,-0.013802061,7.5801353,0.32463625
0.095904924,0.076520465,-0.0014506625,-0.03886646,-5.885635,0.29999042
-0.077592865,-0.16729324,-0.0005096389,-0.046050243,-5.885635,-0.9598525
-0.2270151,-0.19523665,-0.0005096389,-0.0006493473,-5.885635,-0.96512455
0.09340212,0.20140184,-0.00034499215,0.01699141,7.5801353,0.32322407
0.09859434,-0.102443725,-0.00019328739,-0.02125462,-5.885635,0.30459046
0.1312566,-0.29873055,-0.00019328739,-0.004255619,7.5801353,0.3069534
-0.16509598,-0.0036283603,-0.0005096389,-0.04642814,-5.885635,-1.0128312
-0.07042063,-0.19659342,-0.0005096389,-0.043313984,-5.885635,-0.94046086
0.08762572,0.2388259,0.00091238297,-0.030097242,-5.885635,0.3204598
0.09058175,0.08706657,-0.0014506625,-0.05828167,-5.885635,0.29693276
0.085662425,0.256987,0.00044951076,-0.10659777,-5.885635,0.30973205
0.05608728,-0.19183138,-0.00019328739,-0.13512439,7.5801353,0.2690119
-0.17905624,0.23306753,0.00020901562,-0.0028112615,-5.885635,-1.136394
-0.071635,-0.07087251,-0.00025368907,-0.026094245,7.5801353,-0.010737551
-0.014688685,0.25699386,0.00044951076,-0.06566743,7.5801353,0.32136604
-0.21670467,-0.2558015,-0.0005096389,-0.052395273,-5.885635,-0.41920593
0.09802441,0.15419307,-0.00024686634,-0.062760025,7.5801353,0.31504062
-0.26886436,-0.2910143,-0.00039972086,-0.033181053,-5.885635,0.1360954
-0.038621455,0.011999155,-0.00036360713,-0.009334312,-5.885635,-1.0795294
-0.02321953,-0.10156967,-0.00025368907,0.0005920505,-5.885635,0.16387057
0.09159351,0.27090716,0.00091238297,-0.025277391,7.5801353,0.3204598
0.0052958587,0.27932474,0.0011295025,0.014966464,-5.885635,0.196318
0.07799489,0.014749223,-0.0014506625,-0.0007594954,-5.885635,0.31294256
-0.22703375,-0.19538516,-0.0005096389,-0.006253627,-5.885635,-0.9593531
0.101970114,0.15985689,-0.00019328739,0.008352872,7.5801353,0.32102844
0.08489793,0.22264667,0.00091238297,-0.017332358,7.5801353,0.3213544
0.09438698,0.25952336,0.00091238297,-0.02155785,7.5801353,0.3208833
0.0033486027,-0.1769603,-0.00019328739,-0.10039584,-5.885635,0.27832904
0.08489793,0.23148629,0.00091238297,-0.025277391,-5.885635,0.3204598
0.09767257,0.020234033,-0.00019328739,-0.08354072,-5.885635,0.29435626
-0.21128245,-0.2151675,-0.0005096389,-0.008651592,-5.885635,-0.9529241
-0.097840935,-0.003849942,-0.00036360713,0.002155995,-5.885635,-1.0327754
-0.02191588,0.2299435,0.0011295025,-0.025772482,-5.885635,0.22670525
0.085662425,0.256987,0.00044951076,-0.07278454,-5.885635,0.32053104
0.100048766,-0.39114812,-0.0014506625,-0.05109247,-5.885635,0.30035108
-0.019265713,0.079041876,-0.0014506625,-0.010391021,-5.885635,0.3139717
0.09438698,0.26262712,0.00091238297,-0.013802061,-5.885635,0.32182604
-0.0013997289,0.24639855,0.0011295025,0.014966464,-5.885635,0.18982327
0.09126778,0.2594219,0.00044951076,-0.05550661,7.5801353,0.32053104
0.05644584,-0.18832745,-0.00024686634,-0.15257172,-5.885635,0.2763188
0.0052798865,-0.3035556,-0.0014506625,-0.040986545,-5.885635,0.315479
-0.0582288,-0.3505714,-0.002112294,-0.113468975,-5.885635,0.24077141
-0.06029758,0.094412595,-0.00036360713,0.017999794,-5.885635,-1.0655173
-0.17196804,0.22855408,0.00010393001,-0.026861928,-5.885635,-1.114813
-0.01672701,0.08943667,-0.00036360713,-0.010190122,-5.885635,-1.1347941
-0.22908767,-0.14577475,-0.0005096389,-0.0006493473,-5.885635,-1.0125139
0.09017424,0.2862995,0.00091238297,-0.025277391,-5.885635,0.32327002
-0.08870735,-0.001131126,-0.00036360713,-0.0027763243,-5.885635,-1.0396955
-0.21528237,-0.20810306,-0.0005096389,-0.006253627,-5.885635,-0.9583866
0.09693087,0.167022,-0.00019328739,-0.02405812,-5.885635,0.31876752
0.010149532,0.16811855,-0.00019328739,-0.018483102,7.5801353,0.31915697
0.09126778,0.2594219,0.00044951076,-0.05550661,7.5801353,0.32053104
0.10051393,-0.08106032,-0.00019328739,0.0129961595,-5.885635,0.32102928
-0.22908767,-0.18054685,-0.0005096389,-0.0006493473,-5.885635,-0.9777418
0.060860578,-0.021133607,-0.0014506625,-0.0049867965,7.5801353,0.3145425
0.08762572,0.22998628,0.00091238297,-0.02215221,-5.885635,0.3213544
-0.08681032,-0.039755743,2.3832195e-05,0.033580534,-5.885635,0.1453082
-0.22729172,-0.2007828,-0.0005096389,-0.0015645378,-5.885635,-0.9583866
-0.07904086,-0.094643235,-0.0005096389,-0.047889717,-5.885635,-0.3298903
-0.0121604465,-0.10778971,-0.00039972086,0.004036323,-5.885635,0.1887779
-0.21660884,-0.20795456,-0.0005096389,-0.0050756573,-5.885635,-0.9583866
0.08936948,0.16097614,-0.0014506625,0.018549629,-5.885635,0.3210814
0.09669065,0.07337643,-0.0014506625,0.005614061,-5.885635,0.3134431
0.09126778,0.26507002,0.00044951076,-0.041364707,7.5801353,0.32181382
-0.22791363,-0.19554576,-0.0005096389,-0.006253627,-5.885635,-0.95831263
-0.0257508,-0.03912851,-0.00025368907,-0.0081977565,7.5801353,0.20353946
0.08835993,-0.12004393,-0.00019328739,-0.06617724,7.5801353,0.2944806
-0.25656024,-0.29991475,-0.00039972086,-0.0012204968,-5.885635,0.13147384
0.09316735,0.09066459,-0.0014506625,0.00617755,7.5801353,0.31092414
-0.22836022,-0.19523665,-0.0005096389,-0.0050756573,-5.885635,-0.9593531
-0.22836022,-0.19523665,-0.0005096389,-0.0050756573,-5.885635,-0.9593531
-0.007252431,0.1865793,-0.00025368907,0.006033926,7.5801353,0.1920678
-0.22996755,-0.14593533,-0.0005096389,-0.0006493473,-5.885635,-1.0114734
0.032939337,-0.20950368,-0.0005096389,-0.0033107311,-5.885635,-0.9605108
-0.11925732,0.08276389,-0.00025368907,0.003430521,-5.885635,0.19013947
0.100048766,-0.38650414,-0.002112294,-0.12849526,-5.885635,0.27803242
0.07717113,-0.12493343,-0.00024686634,-0.12861577,-5.885635,0.29161948
-0.011854557,-0.064566225,-0.00039972086,-0.038589768,7.5801353,0.19764376
0.08468662,0.17317897,-0.00024686634,-0.048618123,7.5801353,0.3163234
0.032354563,-0.14856544,-0.0005096389,0.041828208,-5.885635,-1.0187078
0.08359309,0.15752782,-0.00019328739,-0.06941142,-5.885635,0.31114048
-0.22908767,-0.14577475,-0.0005096389,-0.0006493473,-5.885635,-1.0125139
-0.22791363,-0.19554576,-0.0005096389,-0.006253627,-5.885635,-0.95831263
-0.22908767,-0.18054685,-0.0005096389,-0.0006493473,-5.885635,-0.9777418
-0.04155524,-0.114302665,-0.00025368907,-0.017300472,7.5801353,0.2002025
-0.06925651,-0.3615417,-0.00039972086,-0.013546828,-5.885635,0.15686986
-0.22836022,-0.19523665,-0.0005096389,-0.0050756573,-5.885635,-0.9593531
0.0993709,0.16415025,-0.00019328739,-0.030584425,-5.885635,0.318322
-0.01743617,0.22774844,0.0011295025,0.020509103,-5.885635,-0.020967318
-0.22908767,-0.14577475,-0.0005096389,-0.0006493473,-5.885635,-1.0125139
0.11790829,-0.047439937,-0.002112294,-0.08034311,-5.885635,0.29645205
0.09296771,0.25427106,0.00091238297,-0.013802061,-5.885635,0.32182604
0.105194084,0.14425863,-0.0014506625,0.009962814,7.5801353,0.31805384
0.09417402,0.24548715,0.00091238297,0.011400035,7.5801353,0.32378832
-0.22908767,-0.14577475,-0.0005096389,-0.0006493473,-5.885635,-1.0125139
0.09159351,0.26097193,0.00091238297,-0.009356068,-5.885635,0.32187727
-0.02812549,-0.037465695,-0.00036360713,0.0072057433,-5.885635,-0.14967915
0.09268705,0.2440296,0.00044951076,-0.05550661,7.5801353,0.31772083
0.08533245,0.213804,0.00091238297,0.00580828,7.5801353,0.32378832
-0.21162523,-0.2116465,-0.0005096389,-0.010789357,-5.885635,-0.9539646
0.10037876,-0.4054947,-0.0014506625,-0.032320134,-5.885635,0.29932672
-0.22908767,-0.18054685,-0.0005096389,-0.0006493473,-5.885635,-0.9777418
0.09693087,0.167022,-0.00019328739,-0.02405812,7.5801353,0.31876752
0.09296771,0.27801946,0.00091238297,-0.013802061,7.5801353,0.32463625
-0.05149538,-0.11127226,-0.002112294,-0.10435242,-5.885635,0.2903574
-0.2521448,-0.3096144,-0.00039972086,-0.02221931,-5.885635,-0.08406733
0.013333408,-0.3889412,-0.0014506625,-0.060198665,-5.885635,0.26357615
-0.20708247,-0.21579923,-0.0005096389,-0.020263826,-5.885635,-0.9448801
0.09982413,0.17286013,-0.00019328739,-0.0014649169,-5.885635,0.31998897
-0.11712242,0.086338304,-0.00025368907,0.0006068052,-5.885635,0.13345912
0.08769139,0.22320624,0.00091238297,-0.013802061,7.5801353,0.32182604
-0.06925651,-0.35504696,-0.00039972086,-0.016958047,-5.885635,0.12788528
0.12527198,-0.3274551,-0.002112294,-0.035230022,7.5801353,0.3084861
-0.17913294,0.03830742,-0.0005096389,-0.042873662,-5.885635,-0.22479045
-0.10639089,-0.049886398,-0.0005096389,-0.0410097,-5.885635,-1.0142733
0.09017424,0.2862995,0.00091238297,-0.025277391,7.5801353,0.32327002
-0.22395118,-0.19773452,-0.002112294,-0.013472613,-5.885635,0.31141177
0.008072926,-0.38736603,-0.00039972086,-0.011134178,-5.885635,0.15631187
0.029102255,-0.35711795,-0.00039972086,-0.0044580568,-5.885635,0.10661581
-0.22836022,-0.19523665,-0.0005096389,-0.0050756573,-5.885635,-0.9593531
-0.23131268,-0.18070742,-0.0005096389,-0.0050756573,-5.885635,-0.97092986
0.0115330415,0.04136612,2.3832195e-05,-0.081263945,-5.885635,0.17867115
-0.019642308,0.065417625,2.3832195e-05,-0.014131755,-5.885635,0.18444127
-0.11857604,-0.043895442,-0.00036360713,-0.015326634,-5.885635,-1.0462328
-0.11792481,-0.023278361,-0.00036360713,-0.026987135,-5.885635,-0.42650446
-0.006175718,-0.017142007,-0.0005096389,-0.054323025,-5.885635,-0.16181397
-0.02564424,-0.12239325,-0.00025368907,-0.0023050504,-5.885635,0.12402213
-0.07454438,0.012144553,-0.00036360713,0.023143878,-5.885635,-1.047446
-0.0053877085,-0.04480005,-0.0005096389,-0.041539565,-5.885635,-1.0236127
-0.023326088,-0.09076644,-0.00025368907,-0.008504689,-5.885635,0.1622706
0.09419981,0.13233401,-0.0014506625,-0.044169895,7.5801353,0.31028858
-0.013627856,-0.08546898,-0.00025368907,-0.035339188,-5.885635,-0.059941165
-0.22684513,-0.20109189,-0.0005096389,-0.002742506,-5.885635,-0.9573461
0.09669065,0.07337643,-0.0014506625,0.005614061,-5.885635,0.3134431
0.07978863,-0.11998424,-0.00019328739,0.013510279,-5.885635,0.31302118
-0.09397912,-0.10098545,-0.00039972086,-0.0049531236,-5.885635,0.15871274
-0.21036236,-0.20790297,-0.0005096389,-0.015733391,-5.885635,-0.9540269
0.08533245,0.21906951,0.00091238297,0.0015822455,-5.885635,0.32274884
-0.08673951,-0.061840188,-0.0005096389,-0.006488678,-5.885635,-0.5534808
-0.20574524,-0.14072521,-0.0005096389,-0.009475951,-5.885635,-0.9794101
-0.22908767,-0.18054685,-0.0005096389,-0.0006493473,-5.885635,-0.9777418
-0.23235418,-0.25345,-0.0005096389,-0.017208397,-5.885635,-0.46877697
0.08769139,0.22010249,0.00091238297,-0.02155785,-5.885635,0.3208833
0.0927438,-0.09096176,-0.0014506625,0.0070971325,7.5801353,0.29345125
-0.21162523,-0.20848995,-0.0005096389,-0.009973068,-5.885635,-0.9579374
-0.22684513,-0.20109189,-0.0005096389,-0.002742506,-5.885635,-0.9573461
-0.22703375,-0.19538516,-0.0005096389,-0.006253627,-5.885635,-0.9593531
-0.2521448,-0.3096144,-0.00039972086,-0.02221931,-5.885635,-0.08406733
0.10440835,0.14740267,-0.0014506625,0.0076045077,-5.885635,0.31805384
-0.01618021,-0.12506528,-0.00025368907,-0.024465192,7.5801353,0.189273
0.08038611,0.2021738,0.00044951076,-0.07278454,-5.885635,0.31772083
0.093195304,0.07413572,-0.00019328739,0.02145486,7.5801353,0.31988242
-0.057195496,-0.18307821,-0.0005096389,0.0084119905,-5.885635,-0.9686832
0.013491185,-0.18004122,-0.0005096389,0.0018269072,-5.885635,-0.9957635
0.00036882097,0.16129187,2.3832195e-05,0.0270398,7.5801353,-0.040515557
0.09982413,0.16759461,-0.00019328739,0.0027611176,7.5801353,0.32102844
0.114914216,-0.03383348,-0.002112294,0.010662718,-5.885635,0.31695586
0.101970114,0.15985689,-0.00019328739,0.008352872,-5.885635,0.32102844
0.10194727,-0.36400378,-0.002112294,-0.028595494,-5.885635,0.29729572
-0.043151677,-0.08562918,-0.0005096389,-0.05157483,-5.885635,-1.012164
-0.22908767,-0.14577475,-0.0005096389,-0.0006493473,-5.885635,-1.0125139
0.086386554,0.15714079,-0.00019328739,-0.07181785,-5.885635,0.31114048
-0.0488712,-0.30829775,-0.00039972086,-0.014318541,7.5801353,0.1513761
0.09017424,0.2862995,0.00091238297,-0.025277391,-5.885635,0.32327002
-0.05398263,-0.27084988,-0.00039972086,0.025468972,-5.885635,0.0056709237
-0.008752007,0.112097435,-0.00025368907,0.009685654,-5.885635,0.15959516
0.08769139,0.22320624,0.00091238297,-0.013802061,-5.885635,0.32182604
-0.22836022,-0.19523665,-0.0005096389,-0.0050756573,-5.885635,-0.9593531
-0.18309689,0.016456744,-0.00036360713,-0.016698815,-5.885635,-1.0447907
0.09051898,0.22816435,0.00091238297,0.008009149,7.5801353,0.32378832
0.07025444,-0.015673488,-0.00019328739,-0.0126197245,7.5801353,0.3185885
0.08923572,0.16213062,-0.00019328739,0.029578533,-5.885635,0.32449317
0.078885995,0.07975554,-0.0014506625,0.006225788,-5.885635,0.3108776
-0.008466902,-0.3190774,-0.00025368907,-0.033005763,-5.885635,0.12828925
-0.0034287432,-0.33360204,-0.00039972086,-0.05799471,7.5801353,0.17753628
-0.22596525,-0.20093131,-0.0005096389,-0.002742506,-5.885635,-0.9583866
0.09529462,-0.07450061,-0.00019328739,0.011655778,7.5801353,0.32102928
-0.20509186,-0.21579923,-0.0005096389,-0.0075591207,-5.885635,-0.9595755
0.10543644,-0.05895881,-0.0014506625,-0.0018034312,-5.885635,0.31299
-0.22908767,-0.18054685,-0.0005096389,-0.0006493473,-5.885635,-0.9777418
0.09159351,0.27090716,0.00091238297,-0.025277391,7.5801353,0.3204598
-0.22908767,-0.18054685,-0.0005096389,-0.0006493473,-5.885635,-0.9777418
-0.22908767,-0.18054685,-0.0005096389,-0.0006493473,-5.885635,-0.9777418
0.09126778,0.2594219,0.00044951076,-0.05550661,7.5801353,0.32053104
-0.018549208,-0.0109338425,-0.00039972086,-0.03573244,-5.885635,0.19635242
-0.22908767,-0.18054685,-0.0005096389,-0.0006493473,-5.885635,-0.9777418
-0.22836022,-0.19523665,-0.0005096389,-0.0050756573,-5.885635,-0.9593531
-0.26660317,-0.33195058,-0.00039972086,-0.02966993,7.5801353,0.13017988
-0.19456723,-0.032152276,-0.00025368907,0.008386414,-5.885635,0.1421184
0.09532805,0.22466727,-0.00034499215,-0.027503993,7.5801353,0.31405845
-0.05398263,-0.279751,-0.00039972086,0.023717094,-5.885635,-0.054288633
-0.1615392,0.02615874,-0.0005096389,-0.0029883673,-5.885635,-1.0468159
-0.2009586,-0.33860612,-0.00039972086,0.0001638342,-5.885635,-0.0680544
-0.24707642,-0.29949895,-0.00039972086,-0.012793242,7.5801353,-0.055466227
0.105194084,0.14425863,-0.0014506625,0.009962814,-5.885635,0.31805384
-0.21528237,-0.20810306,-0.0005096389,-0.006253627,-5.885635,-0.9583866
-0.24259982,-0.3223444,-0.00039972086,-0.021041343,-5.885635,-0.08206034
-0.22836022,-0.19523665,-0.0005096389,-0.0050756573,-5.885635,-0.9593531
0.009860781,0.07808643,-0.00036360713,0.011032738,-5.885635,-1.0985283
0.015279763,-0.30901143,-0.00039972086,-0.0295709,-5.885635,0.18192574
0.09802441,0.15419307,-0.00024686634,-0.062760025,-5.885635,0.31504062
0.07249526,0.058310978,-0.0014506625,-0.0039964593,7.5801353,0.3133965
0.117196485,-0.19899867,-0.002112294,-0.012147848,-5.885635,0.30021206
-0.05355387,-0.024010655,-0.00025368907,-0.0031701364,-5.885635,-0.029310483
0.09438698,0.25952336,0.00091238297,-0.02155785,-5.885635,0.3208833
-0.21660884,-0.20795456,-0.0005096389,-0.0050756573,-5.885635,-0.9583866
-0.048719317,-0.16801454,-0.0005096389,0.034402885,-5.885635,-0.97265595
-0.20453992,-0.24441738,-0.0005096389,-0.016030427,-5.885635,-0.4415566
-0.007252431,0.18008457,-0.00025368907,0.009445147,-5.885635,0.22105232
0.09034613,0.051691815,-0.00019328739,-0.097395584,-5.885635,0.29847458
-0.07306673,-0.18728647,-0.0005096389,-0.01760555,-5.885635,-0.9527296
-0.0057159993,-0.08905436,-0.00039972086,-0.023673378,-5.885635,0.21855086
0.085662425,0.21004997,0.00044951076,-0.10659777,-5.885635,0.30242234
0.09159351,0.26206756,0.00091238297,-0.017332358,7.5801353,0.3213544
-0.01493795,0.13767576,0.00020901562,0.009847108,-5.885635,-1.1525882
-0.22908767,-0.19316408,-0.0005096389,-0.0006493473,-5.885635,-0.96512455
-0.12723859,0.16964744,0.00020901562,-0.007372975,-5.885635,-1.1269711
0.08762572,0.22998628,0.00091238297,-0.02215221,-5.885635,0.3213544
0.095904924,0.076520465,-0.0014506625,0.012735475,-5.885635,0.31647065
0.08769139,0.22320624,0.00091238297,-0.013802061,-5.885635,0.32182604
0.08489793,0.22264667,0.00091238297,-0.017332358,-5.885635,0.3213544
0.09017424,0.25432217,0.00091238297,-0.010985002,7.5801353,0.3217999
0.08599146,0.20460872,0.00044951076,-0.05550661,-3.8344798,0.31772083
-0.007989287,0.16458759,2.3832195e-05,-0.014247244,-5.885635,0.025155146
-0.22703375,-0.19538516,-0.0005096389,-0.006253627,-5.885635,-0.9593531
-0.07297388,-0.24878217,-0.0005096389,0.0025743851,-5.885635,-0.29116833
